Date,DJS EU
2019-10-08T00:00:00Z,132.08
2019-10-07T00:00:00Z,133.39
2019-10-04T00:00:00Z,132.54
2019-10-03T00:00:00Z,131.54
2019-10-02T00:00:00Z,131.54
2019-10-01T00:00:00Z,135.16
2019-09-30T00:00:00Z,136.97
2019-09-27T00:00:00Z,136.38
2019-09-26T00:00:00Z,135.83
2019-09-25T00:00:00Z,134.83
2019-09-24T00:00:00Z,135.48
2019-09-23T00:00:00Z,135.24
2019-09-20T00:00:00Z,135.97
2019-09-19T00:00:00Z,135.62
2019-09-18T00:00:00Z,134.7
2019-09-17T00:00:00Z,134.61
2019-09-16T00:00:00Z,134.34
2019-09-13T00:00:00Z,135.16
2019-09-12T00:00:00Z,135.35
2019-09-11T00:00:00Z,135.01
2019-09-10T00:00:00Z,134.14
2019-09-09T00:00:00Z,134.17
2019-09-06T00:00:00Z,134.94
2019-09-05T00:00:00Z,134.37
2019-09-04T00:00:00Z,133.81
2019-09-03T00:00:00Z,132.92
2019-09-02T00:00:00Z,133.19
2019-08-30T00:00:00Z,132.6
2019-08-29T00:00:00Z,131.67
2019-08-28T00:00:00Z,130.51
2019-08-27T00:00:00Z,130.63
2019-08-26T00:00:00Z,129.89
2019-08-23T00:00:00Z,129.78
2019-08-22T00:00:00Z,130.73
2019-08-21T00:00:00Z,131.26
2019-08-20T00:00:00Z,129.96
2019-08-19T00:00:00Z,130.76
2019-08-16T00:00:00Z,129.54
2019-08-15T00:00:00Z,128
2019-08-14T00:00:00Z,128.15
2019-08-13T00:00:00Z,129.8
2019-08-12T00:00:00Z,129.26
2019-08-09T00:00:00Z,129.46
2019-08-08T00:00:00Z,130.25
2019-08-07T00:00:00Z,128.26
2019-08-06T00:00:00Z,127.98
2019-08-05T00:00:00Z,128.87
2019-08-02T00:00:00Z,131.54
2019-08-01T00:00:00Z,134.35
2019-07-31T00:00:00Z,133.45
2019-07-30T00:00:00Z,133.2
2019-07-29T00:00:00Z,135.17
2019-07-26T00:00:00Z,134.72
2019-07-25T00:00:00Z,134.16
2019-07-24T00:00:00Z,134.88
2019-07-23T00:00:00Z,135.03
2019-07-22T00:00:00Z,133.8
2019-07-19T00:00:00Z,133.7
2019-07-18T00:00:00Z,133.91
2019-07-17T00:00:00Z,134.1
2019-07-16T00:00:00Z,134.36
2019-07-15T00:00:00Z,133.81
2019-07-12T00:00:00Z,133.42
2019-07-11T00:00:00Z,133.63
2019-07-10T00:00:00Z,133.85
2019-07-09T00:00:00Z,134.13
2019-07-08T00:00:00Z,134.63
2019-07-05T00:00:00Z,134.65
2019-07-04T00:00:00Z,135.67
2019-07-03T00:00:00Z,135.53
2019-07-02T00:00:00Z,134.37
2019-07-01T00:00:00Z,133.64
2019-06-28T00:00:00Z,132.68
2019-06-27T00:00:00Z,131.83
2019-06-26T00:00:00Z,131.9
2019-06-25T00:00:00Z,132.38
2019-06-24T00:00:00Z,132.59
2019-06-21T00:00:00Z,132.72
2019-06-20T00:00:00Z,133.31
2019-06-19T00:00:00Z,132.79
2019-06-18T00:00:00Z,132.88
2019-06-17T00:00:00Z,130.81
2019-06-14T00:00:00Z,130.93
2019-06-13T00:00:00Z,131.23
2019-06-12T00:00:00Z,130.95
2019-06-11T00:00:00Z,131.29
2019-06-10T00:00:00Z,130.64
2019-06-07T00:00:00Z,130.4
2019-06-06T00:00:00Z,129.37
2019-06-05T00:00:00Z,129.28
2019-06-04T00:00:00Z,128.77
2019-06-03T00:00:00Z,128.28
2019-05-31T00:00:00Z,127.61
2019-05-30T00:00:00Z,128.61
2019-05-29T00:00:00Z,128.03
2019-05-28T00:00:00Z,129.72
2019-05-27T00:00:00Z,130.28
2019-05-24T00:00:00Z,129.98
2019-05-23T00:00:00Z,129.14
2019-05-22T00:00:00Z,130.55
2019-05-21T00:00:00Z,130.47
2019-05-20T00:00:00Z,129.95
2019-05-17T00:00:00Z,131.16
2019-05-16T00:00:00Z,131.5
2019-05-15T00:00:00Z,129.54
2019-05-14T00:00:00Z,128.78
2019-05-13T00:00:00Z,127.6
2019-05-10T00:00:00Z,128.75
2019-05-09T00:00:00Z,128.45
2019-05-08T00:00:00Z,130.33
2019-05-07T00:00:00Z,129.95
2019-05-06T00:00:00Z,131.56
2019-05-03T00:00:00Z,132.58
2019-05-02T00:00:00Z,131.99
2019-05-01T00:00:00Z,132.95
2019-04-30T00:00:00Z,133.06
2019-04-29T00:00:00Z,132.83
2019-04-26T00:00:00Z,132.78
2019-04-25T00:00:00Z,132.6
2019-04-24T00:00:00Z,132.46
2019-04-23T00:00:00Z,132.18
2019-04-22T00:00:00Z,131.59
2019-04-18T00:00:00Z,131.79
2019-04-17T00:00:00Z,131.48
2019-04-16T00:00:00Z,131.53
2019-04-15T00:00:00Z,131.23
2019-04-12T00:00:00Z,131.01
2019-04-11T00:00:00Z,131.19
2019-04-10T00:00:00Z,131.22
2019-04-09T00:00:00Z,131.05
2019-04-08T00:00:00Z,131.42
2019-04-05T00:00:00Z,131.66
2019-04-04T00:00:00Z,131.79
2019-04-03T00:00:00Z,131.96
2019-04-02T00:00:00Z,130.97
2019-04-01T00:00:00Z,130.59
2019-03-29T00:00:00Z,129.47
2019-03-28T00:00:00Z,128.89
2019-03-27T00:00:00Z,128.95
2019-03-26T00:00:00Z,128.74
2019-03-25T00:00:00Z,127.68
2019-03-22T00:00:00Z,128.17
2019-03-21T00:00:00Z,129.62
2019-03-20T00:00:00Z,129.47
2019-03-19T00:00:00Z,130.55
2019-03-18T00:00:00Z,130.08
2019-03-15T00:00:00Z,129.7
2019-03-14T00:00:00Z,128.75
2019-03-13T00:00:00Z,127.59
2019-03-12T00:00:00Z,126.94
2019-03-11T00:00:00Z,127.11
2019-03-08T00:00:00Z,126.14
2019-03-07T00:00:00Z,127.21
2019-03-06T00:00:00Z,127.54
2019-03-05T00:00:00Z,127.44
2019-03-04T00:00:00Z,127.18
2019-03-01T00:00:00Z,126.94
2019-02-28T00:00:00Z,126.7
2019-02-27T00:00:00Z,126.71
2019-02-26T00:00:00Z,127.22
2019-02-25T00:00:00Z,126.87
2019-02-22T00:00:00Z,126.61
2019-02-21T00:00:00Z,126.29
2019-02-20T00:00:00Z,126.2
2019-02-19T00:00:00Z,125.42
2019-02-18T00:00:00Z,125.53
2019-02-15T00:00:00Z,125.39
2019-02-14T00:00:00Z,123.6
2019-02-13T00:00:00Z,123.62
2019-02-12T00:00:00Z,123.08
2019-02-11T00:00:00Z,122.78
2019-02-08T00:00:00Z,121.85
2019-02-07T00:00:00Z,122.17
2019-02-06T00:00:00Z,123.59
2019-02-05T00:00:00Z,123.44
2019-02-04T00:00:00Z,121.72
2019-02-01T00:00:00Z,121.69
2019-01-31T00:00:00Z,121.44
2019-01-30T00:00:00Z,121.28
2019-01-29T00:00:00Z,121.04
2019-01-28T00:00:00Z,119.95
2019-01-25T00:00:00Z,120.93
2019-01-24T00:00:00Z,120.54
2019-01-23T00:00:00Z,120.5
2019-01-22T00:00:00Z,120.48
2019-01-21T00:00:00Z,120.91
2019-01-18T00:00:00Z,121.19
2019-01-17T00:00:00Z,119.28
2019-01-16T00:00:00Z,119.07
2019-01-15T00:00:00Z,118.51
2019-01-14T00:00:00Z,118.03
2019-01-11T00:00:00Z,118.58
2019-01-10T00:00:00Z,118.44
2019-01-09T00:00:00Z,117.91
2019-01-08T00:00:00Z,117.5
2019-01-07T00:00:00Z,116.56
2019-01-04T00:00:00Z,117.13
2019-01-03T00:00:00Z,114.25
2019-01-02T00:00:00Z,115.02
2018-12-31T00:00:00Z,115.13
2018-12-28T00:00:00Z,114.81
2018-12-27T00:00:00Z,112.51
2018-12-26T00:00:00Z,114.48
2018-12-24T00:00:00Z,114.56
2018-12-21T00:00:00Z,115.01
2018-12-20T00:00:00Z,114.97
2018-12-19T00:00:00Z,116.52
2018-12-18T00:00:00Z,116.28
2018-12-17T00:00:00Z,117.33
2018-12-14T00:00:00Z,118.7
2018-12-13T00:00:00Z,119.4
2018-12-12T00:00:00Z,119.51
2018-12-11T00:00:00Z,117.74
2018-12-10T00:00:00Z,116.12
2018-12-07T00:00:00Z,117.95
2018-12-06T00:00:00Z,117.25
2018-12-05T00:00:00Z,120.62
2018-12-04T00:00:00Z,122.31
2018-12-03T00:00:00Z,122.99
2018-11-30T00:00:00Z,122.15
2018-11-29T00:00:00Z,122.1
2018-11-28T00:00:00Z,121.94
2018-11-27T00:00:00Z,121.86
2018-11-26T00:00:00Z,121.9
2018-11-23T00:00:00Z,120.74
2018-11-22T00:00:00Z,120.1
2018-11-21T00:00:00Z,120.89
2018-11-20T00:00:00Z,119.81
2018-11-19T00:00:00Z,120.76
2018-11-16T00:00:00Z,121.69
2018-11-15T00:00:00Z,121.86
2018-11-14T00:00:00Z,122.73
2018-11-13T00:00:00Z,123.62
2018-11-12T00:00:00Z,122.84
2018-11-09T00:00:00Z,124.11
2018-11-08T00:00:00Z,124.07
2018-11-07T00:00:00Z,123.57
2018-11-06T00:00:00Z,122.24
2018-11-05T00:00:00Z,122.62
2018-11-02T00:00:00Z,122.45
2018-11-01T00:00:00Z,122.4
2018-10-31T00:00:00Z,122.19
2018-10-30T00:00:00Z,120.5
2018-10-29T00:00:00Z,120.39
2018-10-26T00:00:00Z,119.63
2018-10-25T00:00:00Z,120.4
2018-10-24T00:00:00Z,119.67
2018-10-23T00:00:00Z,119.91
2018-10-22T00:00:00Z,121.01
2018-10-19T00:00:00Z,121.38
2018-10-18T00:00:00Z,120.88
2018-10-17T00:00:00Z,121.43
2018-10-16T00:00:00Z,121.87
2018-10-15T00:00:00Z,120.15
2018-10-12T00:00:00Z,119.65
2018-10-11T00:00:00Z,120.09
2018-10-10T00:00:00Z,122.84
2018-10-09T00:00:00Z,124.44
2018-10-08T00:00:00Z,124.1
2018-10-05T00:00:00Z,125.18
2018-10-04T00:00:00Z,126.2
2018-10-03T00:00:00Z,127.41
2018-10-02T00:00:00Z,126.69
2018-10-01T00:00:00Z,127.28
2018-09-28T00:00:00Z,127.07
2018-09-27T00:00:00Z,128.12
2018-09-26T00:00:00Z,127.51
2018-09-25T00:00:00Z,127.06
2018-09-24T00:00:00Z,126.49
2018-09-21T00:00:00Z,127.28
2018-09-20T00:00:00Z,126.6
2018-09-19T00:00:00Z,125.7
2018-09-18T00:00:00Z,125.38
2018-09-17T00:00:00Z,125.31
2018-09-14T00:00:00Z,125.22
2018-09-13T00:00:00Z,124.78
2018-09-12T00:00:00Z,125.03
2018-09-11T00:00:00Z,124.27
2018-09-10T00:00:00Z,124.29
2018-09-07T00:00:00Z,123.62
2018-09-06T00:00:00Z,123.39
2018-09-05T00:00:00Z,124.07
2018-09-04T00:00:00Z,125.4
2018-09-03T00:00:00Z,126.27
2018-08-31T00:00:00Z,126.04
2018-08-30T00:00:00Z,126.99
2018-08-29T00:00:00Z,127.4
2018-08-28T00:00:00Z,127.05
2018-08-27T00:00:00Z,127.21
2018-08-24T00:00:00Z,126.55
2018-08-23T00:00:00Z,126.62
2018-08-22T00:00:00Z,126.87
2018-08-21T00:00:00Z,126.98
2018-08-20T00:00:00Z,126.77
2018-08-17T00:00:00Z,126.14
2018-08-16T00:00:00Z,126.22
2018-08-15T00:00:00Z,125.65
2018-08-14T00:00:00Z,127.05
2018-08-13T00:00:00Z,126.92
2018-08-10T00:00:00Z,127.06
2018-08-09T00:00:00Z,128.5
2018-08-08T00:00:00Z,128.3
2018-08-07T00:00:00Z,128.45
2018-08-06T00:00:00Z,127.84
2018-08-03T00:00:00Z,128.12
2018-08-02T00:00:00Z,127.38
2018-08-01T00:00:00Z,128.09
2018-07-31T00:00:00Z,128.62
2018-07-30T00:00:00Z,128.22
2018-07-27T00:00:00Z,128.48
2018-07-26T00:00:00Z,127.99
2018-07-25T00:00:00Z,126.54
2018-07-24T00:00:00Z,126.69
2018-07-23T00:00:00Z,125.73
2018-07-20T00:00:00Z,125.96
2018-07-19T00:00:00Z,126.06
2018-07-18T00:00:00Z,126.31
2018-07-17T00:00:00Z,125.5
2018-07-16T00:00:00Z,125.32
2018-07-13T00:00:00Z,125.55
2018-07-12T00:00:00Z,125.25
2018-07-11T00:00:00Z,124.14
2018-07-10T00:00:00Z,125.66
2018-07-09T00:00:00Z,125.27
2018-07-06T00:00:00Z,124.61
2018-07-05T00:00:00Z,124.37
2018-07-04T00:00:00Z,123.88
2018-07-03T00:00:00Z,123.71
2018-07-02T00:00:00Z,122.54
2018-06-29T00:00:00Z,123.43
2018-06-28T00:00:00Z,122.34
2018-06-27T00:00:00Z,123.12
2018-06-26T00:00:00Z,122.27
2018-06-25T00:00:00Z,122.19
2018-06-22T00:00:00Z,124.64
2018-06-21T00:00:00Z,123.29
2018-06-20T00:00:00Z,124.28
2018-06-19T00:00:00Z,123.8
2018-06-18T00:00:00Z,124.39
2018-06-15T00:00:00Z,125.6
2018-06-14T00:00:00Z,126.53
2018-06-13T00:00:00Z,125.22
2018-06-12T00:00:00Z,125.12
2018-06-11T00:00:00Z,125.14
2018-06-08T00:00:00Z,124.13
2018-06-07T00:00:00Z,124.37
2018-06-06T00:00:00Z,124.68
2018-06-05T00:00:00Z,124.81
2018-06-04T00:00:00Z,125.32
2018-06-01T00:00:00Z,124.9
2018-05-31T00:00:00Z,123.62
2018-05-30T00:00:00Z,124.6
2018-05-29T00:00:00Z,124.53
2018-05-28T00:00:00Z,126.35
2018-05-25T00:00:00Z,126.63
2018-05-24T00:00:00Z,126.51
2018-05-23T00:00:00Z,126.86
2018-05-22T00:00:00Z,128.18
2018-05-21T00:00:00Z,127.91
2018-05-18T00:00:00Z,127.63
2018-05-17T00:00:00Z,128.03
2018-05-16T00:00:00Z,127.4
2018-05-15T00:00:00Z,127.13
2018-05-14T00:00:00Z,126.94
2018-05-11T00:00:00Z,127.12
2018-05-10T00:00:00Z,127.07
2018-05-09T00:00:00Z,127.17
2018-05-08T00:00:00Z,126.73
2018-05-07T00:00:00Z,126.69
2018-05-04T00:00:00Z,126
2018-05-03T00:00:00Z,125.32
2018-05-02T00:00:00Z,126.34
2018-05-01T00:00:00Z,125.88
2018-04-30T00:00:00Z,125.98
2018-04-27T00:00:00Z,125.65
2018-04-26T00:00:00Z,125.14
2018-04-25T00:00:00Z,123.94
2018-04-24T00:00:00Z,124.6
2018-04-23T00:00:00Z,124.56
2018-04-20T00:00:00Z,124.1
2018-04-19T00:00:00Z,124.03
2018-04-18T00:00:00Z,124.38
2018-04-17T00:00:00Z,124.15
2018-04-16T00:00:00Z,123.31
2018-04-13T00:00:00Z,123.86
2018-04-12T00:00:00Z,123.88
2018-04-11T00:00:00Z,123.17
2018-04-10T00:00:00Z,123.89
2018-04-09T00:00:00Z,123.14
2018-04-06T00:00:00Z,122.93
2018-04-05T00:00:00Z,123.33
2018-04-04T00:00:00Z,120.53
2018-04-03T00:00:00Z,120.95
2018-04-02T00:00:00Z,121.71
2018-03-29T00:00:00Z,121.64
2018-03-28T00:00:00Z,121.32
2018-03-27T00:00:00Z,120.25
2018-03-26T00:00:00Z,118.75
2018-03-23T00:00:00Z,119.72
2018-03-22T00:00:00Z,120.81
2018-03-21T00:00:00Z,122.53
2018-03-20T00:00:00Z,122.95
2018-03-19T00:00:00Z,122.45
2018-03-16T00:00:00Z,123.87
2018-03-15T00:00:00Z,123.48
2018-03-14T00:00:00Z,123.05
2018-03-13T00:00:00Z,123.06
2018-03-12T00:00:00Z,124.35
2018-03-09T00:00:00Z,123.98
2018-03-08T00:00:00Z,123.51
2018-03-07T00:00:00Z,122.1
2018-03-06T00:00:00Z,121.68
2018-03-05T00:00:00Z,121.87
2018-03-02T00:00:00Z,120.51
2018-03-01T00:00:00Z,122.94
2018-02-28T00:00:00Z,124.5
2018-02-27T00:00:00Z,125.46
2018-02-26T00:00:00Z,125.6
2018-02-23T00:00:00Z,124.89
2018-02-22T00:00:00Z,124.73
2018-02-21T00:00:00Z,125
2018-02-20T00:00:00Z,124.89
2018-02-19T00:00:00Z,123.91
2018-02-16T00:00:00Z,124.69
2018-02-15T00:00:00Z,123.53
2018-02-14T00:00:00Z,123.09
2018-02-13T00:00:00Z,121.82
2018-02-12T00:00:00Z,122.72
2018-02-09T00:00:00Z,121.22
2018-02-08T00:00:00Z,122.87
2018-02-07T00:00:00Z,124.62
2018-02-06T00:00:00Z,122.33
2018-02-05T00:00:00Z,125.53
2018-02-02T00:00:00Z,127.48
2018-02-01T00:00:00Z,129
2018-01-31T00:00:00Z,129.31
2018-01-30T00:00:00Z,129.62
2018-01-29T00:00:00Z,130.88
2018-01-26T00:00:00Z,131.14
2018-01-25T00:00:00Z,130.51
2018-01-24T00:00:00Z,131.05
2018-01-23T00:00:00Z,131.6
2018-01-22T00:00:00Z,131.34
2018-01-19T00:00:00Z,130.89
2018-01-18T00:00:00Z,130.05
2018-01-17T00:00:00Z,129.82
2018-01-16T00:00:00Z,130.05
2018-01-15T00:00:00Z,130.1
2018-01-12T00:00:00Z,130.31
2018-01-11T00:00:00Z,130
2018-01-10T00:00:00Z,130.43
2018-01-09T00:00:00Z,131
2018-01-08T00:00:00Z,130.51
2018-01-05T00:00:00Z,130.18
2018-01-04T00:00:00Z,129.07
2018-01-03T00:00:00Z,128.04
2018-01-02T00:00:00Z,127.46
2017-12-29T00:00:00Z,127.82
2017-12-28T00:00:00Z,127.99
2017-12-27T00:00:00Z,128.23
2017-12-26T00:00:00Z,128.08
2017-12-22T00:00:00Z,128.22
2017-12-21T00:00:00Z,128.52
2017-12-20T00:00:00Z,127.65
2017-12-19T00:00:00Z,128.77
2017-12-18T00:00:00Z,129.47
2017-12-15T00:00:00Z,128.16
2017-12-14T00:00:00Z,128.33
2017-12-13T00:00:00Z,129.07
2017-12-12T00:00:00Z,129.2
2017-12-11T00:00:00Z,128.39
2017-12-08T00:00:00Z,128.55
2017-12-07T00:00:00Z,127.78
2017-12-06T00:00:00Z,127.85
2017-12-05T00:00:00Z,127.66
2017-12-04T00:00:00Z,127.92
2017-12-01T00:00:00Z,126.72
2017-11-30T00:00:00Z,127.49
2017-11-29T00:00:00Z,128.09
2017-11-28T00:00:00Z,127.95
2017-11-27T00:00:00Z,127.35
2017-11-24T00:00:00Z,127.9
2017-11-23T00:00:00Z,128.04
2017-11-22T00:00:00Z,127.92
2017-11-21T00:00:00Z,128.3
2017-11-20T00:00:00Z,127.8
2017-11-17T00:00:00Z,126.87
2017-11-16T00:00:00Z,127.06
2017-11-15T00:00:00Z,126.26
2017-11-14T00:00:00Z,126.74
2017-11-13T00:00:00Z,127.57
2017-11-10T00:00:00Z,128.08
2017-11-09T00:00:00Z,128.54
2017-11-08T00:00:00Z,129.8
2017-11-07T00:00:00Z,129.62
2017-11-06T00:00:00Z,130.39
2017-11-03T00:00:00Z,130.42
2017-11-02T00:00:00Z,130.07
2017-11-01T00:00:00Z,130.49
2017-10-31T00:00:00Z,130.02
2017-10-30T00:00:00Z,129.68
2017-10-27T00:00:00Z,129.6
2017-10-26T00:00:00Z,129.04
2017-10-25T00:00:00Z,127.48
2017-10-24T00:00:00Z,128.42
2017-10-23T00:00:00Z,129.06
2017-10-20T00:00:00Z,128.92
2017-10-19T00:00:00Z,128.78
2017-10-18T00:00:00Z,129.74
2017-10-17T00:00:00Z,129.39
2017-10-16T00:00:00Z,129.58
2017-10-13T00:00:00Z,129.64
2017-10-12T00:00:00Z,129.27
2017-10-11T00:00:00Z,129.22
2017-10-10T00:00:00Z,129.12
2017-10-09T00:00:00Z,129.3
2017-10-06T00:00:00Z,129.08
2017-10-05T00:00:00Z,129.39
2017-10-04T00:00:00Z,129.08
2017-10-03T00:00:00Z,129.4
2017-10-02T00:00:00Z,129.24
2017-09-29T00:00:00Z,128.48
2017-09-28T00:00:00Z,127.75
2017-09-27T00:00:00Z,127.51
2017-09-26T00:00:00Z,127.05
2017-09-25T00:00:00Z,126.96
2017-09-22T00:00:00Z,126.83
2017-09-21T00:00:00Z,126.66
2017-09-20T00:00:00Z,126.54
2017-09-19T00:00:00Z,126.76
2017-09-18T00:00:00Z,126.76
2017-09-15T00:00:00Z,126.42
2017-09-14T00:00:00Z,126.69
2017-09-13T00:00:00Z,126.71
2017-09-12T00:00:00Z,126.7
2017-09-11T00:00:00Z,126.19
2017-09-08T00:00:00Z,124.82
2017-09-07T00:00:00Z,124.62
2017-09-06T00:00:00Z,124.23
2017-09-05T00:00:00Z,124.14
2017-09-04T00:00:00Z,124.41
2017-09-01T00:00:00Z,125.07
2017-08-31T00:00:00Z,124.39
2017-08-30T00:00:00Z,123.46
2017-08-29T00:00:00Z,122.77
2017-08-28T00:00:00Z,124.02
2017-08-25T00:00:00Z,124.61
2017-08-24T00:00:00Z,124.91
2017-08-23T00:00:00Z,124.71
2017-08-22T00:00:00Z,125.27
2017-08-21T00:00:00Z,124.34
2017-08-18T00:00:00Z,124.88
2017-08-17T00:00:00Z,125.75
2017-08-16T00:00:00Z,126.48
2017-08-15T00:00:00Z,125.72
2017-08-14T00:00:00Z,125.42
2017-08-11T00:00:00Z,124.16
2017-08-10T00:00:00Z,125.36
2017-08-09T00:00:00Z,126.65
2017-08-08T00:00:00Z,127.55
2017-08-07T00:00:00Z,127.36
2017-08-04T00:00:00Z,127.53
2017-08-03T00:00:00Z,126.13
2017-08-02T00:00:00Z,125.84
2017-08-01T00:00:00Z,126.3
2017-07-31T00:00:00Z,125.56
2017-07-28T00:00:00Z,125.89
2017-07-27T00:00:00Z,127.15
2017-07-26T00:00:00Z,127.51
2017-07-25T00:00:00Z,127.07
2017-07-24T00:00:00Z,126.66
2017-07-21T00:00:00Z,126.86
2017-07-20T00:00:00Z,128.23
2017-07-19T00:00:00Z,128.58
2017-07-18T00:00:00Z,127.66
2017-07-17T00:00:00Z,129.14
2017-07-14T00:00:00Z,129.27
2017-07-13T00:00:00Z,129.09
2017-07-12T00:00:00Z,128.69
2017-07-11T00:00:00Z,126.75
2017-07-10T00:00:00Z,127.66
2017-07-07T00:00:00Z,127.15
2017-07-06T00:00:00Z,127.22
2017-07-05T00:00:00Z,128.03
2017-07-04T00:00:00Z,127.86
2017-07-03T00:00:00Z,128.36
2017-06-30T00:00:00Z,126.98
2017-06-29T00:00:00Z,127.45
2017-06-28T00:00:00Z,129.37
2017-06-27T00:00:00Z,129.39
2017-06-26T00:00:00Z,130.32
2017-06-23T00:00:00Z,129.57
2017-06-22T00:00:00Z,129.92
2017-06-21T00:00:00Z,130.1
2017-06-20T00:00:00Z,130.52
2017-06-19T00:00:00Z,131.21
2017-06-16T00:00:00Z,129.98
2017-06-15T00:00:00Z,129.13
2017-06-14T00:00:00Z,129.51
2017-06-13T00:00:00Z,129.93
2017-06-12T00:00:00Z,129.45
2017-06-09T00:00:00Z,130.74
2017-06-08T00:00:00Z,130.26
2017-06-07T00:00:00Z,130.35
2017-06-06T00:00:00Z,130.5
2017-06-05T00:00:00Z,131.39
2017-06-02T00:00:00Z,131.59
2017-06-01T00:00:00Z,131.11
2017-05-31T00:00:00Z,130.68
2017-05-30T00:00:00Z,130.78
2017-05-29T00:00:00Z,131.08
2017-05-26T00:00:00Z,131.03
2017-05-25T00:00:00Z,131.18
2017-05-24T00:00:00Z,131.18
2017-05-23T00:00:00Z,131.17
2017-05-22T00:00:00Z,130.82
2017-05-19T00:00:00Z,130.81
2017-05-18T00:00:00Z,129.96
2017-05-17T00:00:00Z,130.8
2017-05-16T00:00:00Z,132.43
2017-05-15T00:00:00Z,132.31
2017-05-12T00:00:00Z,132.18
2017-05-11T00:00:00Z,131.56
2017-05-10T00:00:00Z,132.21
2017-05-09T00:00:00Z,132.15
2017-05-08T00:00:00Z,131.68
2017-05-05T00:00:00Z,132
2017-05-04T00:00:00Z,131.21
2017-05-03T00:00:00Z,130.22
2017-05-02T00:00:00Z,130.02
2017-05-01T00:00:00Z,129.09
2017-04-28T00:00:00Z,129.25
2017-04-27T00:00:00Z,129.45
2017-04-26T00:00:00Z,129.87
2017-04-25T00:00:00Z,129.47
2017-04-24T00:00:00Z,129.37
2017-04-21T00:00:00Z,126.36
2017-04-20T00:00:00Z,126.33
2017-04-19T00:00:00Z,126.01
2017-04-18T00:00:00Z,125.75
2017-04-17T00:00:00Z,127.26
2017-04-13T00:00:00Z,127.19
2017-04-12T00:00:00Z,127.69
2017-04-11T00:00:00Z,127.52
2017-04-10T00:00:00Z,127.57
2017-04-07T00:00:00Z,127.77
2017-04-06T00:00:00Z,127.6
2017-04-05T00:00:00Z,127.31
2017-04-04T00:00:00Z,127.42
2017-04-03T00:00:00Z,127.1
2017-03-31T00:00:00Z,127.76
2017-03-30T00:00:00Z,127.61
2017-03-29T00:00:00Z,126.98
2017-03-28T00:00:00Z,126.58
2017-03-27T00:00:00Z,125.86
2017-03-24T00:00:00Z,126.2
2017-03-23T00:00:00Z,126.44
2017-03-22T00:00:00Z,125.49
2017-03-21T00:00:00Z,125.89
2017-03-20T00:00:00Z,126.31
2017-03-17T00:00:00Z,126.57
2017-03-16T00:00:00Z,126.3
2017-03-15T00:00:00Z,125.5
2017-03-14T00:00:00Z,124.93
2017-03-13T00:00:00Z,125.29
2017-03-10T00:00:00Z,124.92
2017-03-09T00:00:00Z,124.9
2017-03-08T00:00:00Z,124.43
2017-03-07T00:00:00Z,124.27
2017-03-06T00:00:00Z,124.52
2017-03-03T00:00:00Z,125.23
2017-03-02T00:00:00Z,125.23
2017-03-01T00:00:00Z,124.91
2017-02-28T00:00:00Z,123.01
2017-02-27T00:00:00Z,122.65
2017-02-24T00:00:00Z,122.75
2017-02-23T00:00:00Z,123.57
2017-02-22T00:00:00Z,123.72
2017-02-21T00:00:00Z,123.53
2017-02-20T00:00:00Z,122.69
2017-02-17T00:00:00Z,122.62
2017-02-16T00:00:00Z,122.13
2017-02-15T00:00:00Z,122.6
2017-02-14T00:00:00Z,122.14
2017-02-13T00:00:00Z,122.29
2017-02-10T00:00:00Z,121.4
2017-02-09T00:00:00Z,121.33
2017-02-08T00:00:00Z,120.36
2017-02-07T00:00:00Z,119.86
2017-02-06T00:00:00Z,119.62
2017-02-03T00:00:00Z,120.36
2017-02-02T00:00:00Z,119.53
2017-02-01T00:00:00Z,119.92
2017-01-31T00:00:00Z,118.97
2017-01-30T00:00:00Z,119.85
2017-01-27T00:00:00Z,121.1
2017-01-26T00:00:00Z,121.51
2017-01-25T00:00:00Z,121.25
2017-01-24T00:00:00Z,119.53
2017-01-23T00:00:00Z,119.18
2017-01-20T00:00:00Z,119.81
2017-01-19T00:00:00Z,119.93
2017-01-18T00:00:00Z,120.01
2017-01-17T00:00:00Z,119.92
2017-01-16T00:00:00Z,120.33
2017-01-13T00:00:00Z,121.3
2017-01-12T00:00:00Z,120.06
2017-01-11T00:00:00Z,120.81
2017-01-10T00:00:00Z,120.7
2017-01-09T00:00:00Z,120.62
2017-01-06T00:00:00Z,121.08
2017-01-05T00:00:00Z,121.13
2017-01-04T00:00:00Z,121.06
2017-01-03T00:00:00Z,121.1
2017-01-02T00:00:00Z,120.36
2016-12-30T00:00:00Z,119.87
2016-12-29T00:00:00Z,119.46
2016-12-28T00:00:00Z,119.9
2016-12-27T00:00:00Z,119.62
2016-12-23T00:00:00Z,119.52
2016-12-22T00:00:00Z,119.47
2016-12-21T00:00:00Z,119.68
2016-12-20T00:00:00Z,119.98
2016-12-19T00:00:00Z,119.37
2016-12-16T00:00:00Z,119.48
2016-12-15T00:00:00Z,119.14
2016-12-14T00:00:00Z,117.96
2016-12-13T00:00:00Z,118.8
2016-12-12T00:00:00Z,117.43
2016-12-09T00:00:00Z,118.03
2016-12-08T00:00:00Z,116.84
2016-12-07T00:00:00Z,115.4
2016-12-06T00:00:00Z,114.39
2016-12-05T00:00:00Z,113.07
2016-12-02T00:00:00Z,112.41
2016-12-01T00:00:00Z,112.88
2016-11-30T00:00:00Z,113.48
2016-11-29T00:00:00Z,113.18
2016-11-28T00:00:00Z,112.69
2016-11-25T00:00:00Z,113.65
2016-11-24T00:00:00Z,113.19
2016-11-23T00:00:00Z,112.75
2016-11-22T00:00:00Z,112.88
2016-11-21T00:00:00Z,112.73
2016-11-18T00:00:00Z,112.58
2016-11-17T00:00:00Z,113.09
2016-11-16T00:00:00Z,112.53
2016-11-15T00:00:00Z,112.76
2016-11-14T00:00:00Z,112.49
2016-11-11T00:00:00Z,112.02
2016-11-10T00:00:00Z,112.46
2016-11-09T00:00:00Z,112.98
2016-11-08T00:00:00Z,111.25
2016-11-07T00:00:00Z,110.83
2016-11-04T00:00:00Z,109.04
2016-11-03T00:00:00Z,109.95
2016-11-02T00:00:00Z,110.25
2016-11-01T00:00:00Z,111.46
2016-10-31T00:00:00Z,112.64
2016-10-28T00:00:00Z,113.24
2016-10-27T00:00:00Z,113.44
2016-10-26T00:00:00Z,113.28
2016-10-25T00:00:00Z,113.68
2016-10-24T00:00:00Z,113.98
2016-10-21T00:00:00Z,113.81
2016-10-20T00:00:00Z,113.78
2016-10-19T00:00:00Z,113.35
2016-10-18T00:00:00Z,113.09
2016-10-17T00:00:00Z,111.64
2016-10-14T00:00:00Z,112.45
2016-10-13T00:00:00Z,111.03
2016-10-12T00:00:00Z,112.17
2016-10-11T00:00:00Z,112.72
2016-10-10T00:00:00Z,113.33
2016-10-07T00:00:00Z,112.51
2016-10-06T00:00:00Z,113.48
2016-10-05T00:00:00Z,113.81
2016-10-04T00:00:00Z,114.34
2016-10-03T00:00:00Z,113.47
2016-09-30T00:00:00Z,113.43
2016-09-29T00:00:00Z,113.4
2016-09-28T00:00:00Z,113.41
2016-09-27T00:00:00Z,112.62
2016-09-26T00:00:00Z,112.58
2016-09-23T00:00:00Z,114.41
2016-09-22T00:00:00Z,115.28
2016-09-21T00:00:00Z,113.28
2016-09-20T00:00:00Z,112.77
2016-09-19T00:00:00Z,112.81
2016-09-16T00:00:00Z,111.69
2016-09-15T00:00:00Z,112.74
2016-09-14T00:00:00Z,112.11
2016-09-13T00:00:00Z,112.23
2016-09-12T00:00:00Z,113.43
2016-09-09T00:00:00Z,114.55
2016-09-08T00:00:00Z,115.76
2016-09-07T00:00:00Z,116.11
2016-09-06T00:00:00Z,115.76
2016-09-05T00:00:00Z,116.25
2016-09-02T00:00:00Z,116.28
2016-09-01T00:00:00Z,113.93
2016-08-31T00:00:00Z,113.91
2016-08-30T00:00:00Z,114.19
2016-08-29T00:00:00Z,113.57
2016-08-26T00:00:00Z,113.77
2016-08-25T00:00:00Z,113.22
2016-08-24T00:00:00Z,114.09
2016-08-23T00:00:00Z,113.61
2016-08-22T00:00:00Z,112.48
2016-08-19T00:00:00Z,112.52
2016-08-18T00:00:00Z,113.57
2016-08-17T00:00:00Z,112.89
2016-08-16T00:00:00Z,113.81
2016-08-15T00:00:00Z,114.65
2016-08-12T00:00:00Z,114.68
2016-08-11T00:00:00Z,114.99
2016-08-10T00:00:00Z,113.96
2016-08-09T00:00:00Z,114.08
2016-08-08T00:00:00Z,113.05
2016-08-05T00:00:00Z,113.02
2016-08-04T00:00:00Z,111.71
2016-08-03T00:00:00Z,110.94
2016-08-02T00:00:00Z,111.02
2016-08-01T00:00:00Z,112.63
2016-07-29T00:00:00Z,113.18
2016-07-28T00:00:00Z,112.32
2016-07-27T00:00:00Z,112.98
2016-07-26T00:00:00Z,112.52
2016-07-25T00:00:00Z,112.45
2016-07-22T00:00:00Z,112.21
2016-07-21T00:00:00Z,112.24
2016-07-20T00:00:00Z,112.41
2016-07-19T00:00:00Z,111.36
2016-07-18T00:00:00Z,111.99
2016-07-15T00:00:00Z,111.69
2016-07-14T00:00:00Z,111.74
2016-07-13T00:00:00Z,110.81
2016-07-12T00:00:00Z,110.98
2016-07-11T00:00:00Z,109.91
2016-07-08T00:00:00Z,108.23
2016-07-07T00:00:00Z,106.61
2016-07-06T00:00:00Z,105.49
2016-07-05T00:00:00Z,107.26
2016-07-04T00:00:00Z,108.79
2016-07-01T00:00:00Z,109.54
2016-06-30T00:00:00Z,108.82
2016-06-29T00:00:00Z,107.62
2016-06-28T00:00:00Z,104.32
2016-06-27T00:00:00Z,101.8
2016-06-24T00:00:00Z,105.5
2016-06-23T00:00:00Z,113.87
2016-06-22T00:00:00Z,112.15
2016-06-21T00:00:00Z,111.65
2016-06-20T00:00:00Z,110.74
2016-06-17T00:00:00Z,106.8
2016-06-16T00:00:00Z,105.5
2016-06-15T00:00:00Z,106.13
2016-06-14T00:00:00Z,105.1
2016-06-13T00:00:00Z,106.98
2016-06-10T00:00:00Z,109.19
2016-06-09T00:00:00Z,111.98
2016-06-08T00:00:00Z,113.09
2016-06-07T00:00:00Z,113.73
2016-06-06T00:00:00Z,112.59
2016-06-03T00:00:00Z,112.15
2016-06-02T00:00:00Z,113.2
2016-06-01T00:00:00Z,113.19
2016-05-31T00:00:00Z,114.39
2016-05-30T00:00:00Z,115.38
2016-05-27T00:00:00Z,115.27
2016-05-26T00:00:00Z,114.81
2016-05-25T00:00:00Z,114.57
2016-05-24T00:00:00Z,113.15
2016-05-23T00:00:00Z,110.55
2016-05-20T00:00:00Z,110.91
2016-05-19T00:00:00Z,109.54
2016-05-18T00:00:00Z,110.68
2016-05-17T00:00:00Z,109.77
2016-05-16T00:00:00Z,109.85
2016-05-13T00:00:00Z,109.96
2016-05-12T00:00:00Z,109.34
2016-05-11T00:00:00Z,109.83
2016-05-10T00:00:00Z,110.39
2016-05-09T00:00:00Z,109.4
2016-05-06T00:00:00Z,108.77
2016-05-05T00:00:00Z,109.19
2016-05-04T00:00:00Z,108.96
2016-05-03T00:00:00Z,110.28
2016-05-02T00:00:00Z,112.26
2016-04-29T00:00:00Z,112.35
2016-04-28T00:00:00Z,114.94
2016-04-27T00:00:00Z,114.68
2016-04-26T00:00:00Z,114.33
2016-04-25T00:00:00Z,114.15
2016-04-22T00:00:00Z,114.9
2016-04-21T00:00:00Z,115.29
2016-04-20T00:00:00Z,115.71
2016-04-19T00:00:00Z,115.01
2016-04-18T00:00:00Z,113.32
2016-04-15T00:00:00Z,112.75
2016-04-14T00:00:00Z,113.05
2016-04-13T00:00:00Z,112.48
2016-04-12T00:00:00Z,109.5
2016-04-11T00:00:00Z,108.86
2016-04-08T00:00:00Z,108.6
2016-04-07T00:00:00Z,107.58
2016-04-06T00:00:00Z,108.31
2016-04-05T00:00:00Z,107.31
2016-04-04T00:00:00Z,109.25
2016-04-01T00:00:00Z,108.79
2016-03-31T00:00:00Z,110.32
2016-03-30T00:00:00Z,111.5
2016-03-29T00:00:00Z,110.12
2016-03-24T00:00:00Z,109.48
2016-03-23T00:00:00Z,111.16
2016-03-22T00:00:00Z,111.15
2016-03-21T00:00:00Z,111.52
2016-03-18T00:00:00Z,111.74
2016-03-17T00:00:00Z,111.52
2016-03-16T00:00:00Z,111.83
2016-03-15T00:00:00Z,112.11
2016-03-14T00:00:00Z,113.36
2016-03-11T00:00:00Z,112.59
2016-03-10T00:00:00Z,109.55
2016-03-09T00:00:00Z,111.37
2016-03-08T00:00:00Z,110.93
2016-03-07T00:00:00Z,111.82
2016-03-04T00:00:00Z,112.13
2016-03-03T00:00:00Z,111.41
2016-03-02T00:00:00Z,112.02
2016-03-01T00:00:00Z,111.18
2016-02-29T00:00:00Z,109.44
2016-02-26T00:00:00Z,108.75
2016-02-25T00:00:00Z,107.13
2016-02-24T00:00:00Z,104.86
2016-02-23T00:00:00Z,107.28
2016-02-22T00:00:00Z,108.67
2016-02-19T00:00:00Z,106.83
2016-02-18T00:00:00Z,107.65
2016-02-17T00:00:00Z,107.97
2016-02-16T00:00:00Z,105.27
2016-02-15T00:00:00Z,105.76
2016-02-12T00:00:00Z,102.73
2016-02-11T00:00:00Z,99.82
2016-02-10T00:00:00Z,103.83
2016-02-09T00:00:00Z,101.84
2016-02-08T00:00:00Z,103.52
2016-02-05T00:00:00Z,107.04
2016-02-04T00:00:00Z,107.84
2016-02-03T00:00:00Z,108.19
2016-02-02T00:00:00Z,109.86
2016-02-01T00:00:00Z,112.1
2016-01-29T00:00:00Z,112.24
2016-01-28T00:00:00Z,109.73
2016-01-27T00:00:00Z,111.6
2016-01-26T00:00:00Z,111.01
2016-01-25T00:00:00Z,110.16
2016-01-22T00:00:00Z,111.01
2016-01-21T00:00:00Z,107.89
2016-01-20T00:00:00Z,105.89
2016-01-19T00:00:00Z,109.28
2016-01-18T00:00:00Z,107.84
2016-01-15T00:00:00Z,108.22
2016-01-14T00:00:00Z,111.36
2016-01-13T00:00:00Z,113.22
2016-01-12T00:00:00Z,112.64
2016-01-11T00:00:00Z,111.46
2016-01-08T00:00:00Z,111.71
2016-01-07T00:00:00Z,113.4
2016-01-06T00:00:00Z,115.92
2016-01-05T00:00:00Z,117.33
2016-01-04T00:00:00Z,116.51
2015-12-31T00:00:00Z,119.53
2015-12-30T00:00:00Z,120.27
2015-12-29T00:00:00Z,120.96
2015-12-28T00:00:00Z,119.17
2015-12-24T00:00:00Z,119.83
2015-12-23T00:00:00Z,119.88
2015-12-22T00:00:00Z,116.66
2015-12-21T00:00:00Z,116.75
2015-12-18T00:00:00Z,118.24
2015-12-17T00:00:00Z,119.5
2015-12-16T00:00:00Z,118
2015-12-15T00:00:00Z,117.78
2015-12-14T00:00:00Z,114.45
2015-12-11T00:00:00Z,116.56
2015-12-10T00:00:00Z,118.93
2015-12-09T00:00:00Z,119.32
2015-12-08T00:00:00Z,119.99
2015-12-07T00:00:00Z,122.24
2015-12-04T00:00:00Z,121.57
2015-12-03T00:00:00Z,121.99
2015-12-02T00:00:00Z,126.14
2015-12-01T00:00:00Z,126.03
2015-11-30T00:00:00Z,126.55
2015-11-27T00:00:00Z,126.16
2015-11-26T00:00:00Z,126.37
2015-11-25T00:00:00Z,125.34
2015-11-24T00:00:00Z,123.56
2015-11-23T00:00:00Z,125.17
2015-11-20T00:00:00Z,125.7
2015-11-19T00:00:00Z,125.42
2015-11-18T00:00:00Z,124.76
2015-11-17T00:00:00Z,124.91
2015-11-16T00:00:00Z,121.86
2015-11-13T00:00:00Z,121.6
2015-11-12T00:00:00Z,122.66
2015-11-11T00:00:00Z,124.78
2015-11-10T00:00:00Z,123.85
2015-11-09T00:00:00Z,123.71
2015-11-06T00:00:00Z,125.04
2015-11-05T00:00:00Z,124.99
2015-11-04T00:00:00Z,125.3
2015-11-03T00:00:00Z,124.65
2015-11-02T00:00:00Z,124.38
2015-10-30T00:00:00Z,124.17
2015-10-29T00:00:00Z,124.33
2015-10-28T00:00:00Z,124.52
2015-10-27T00:00:00Z,123.06
2015-10-26T00:00:00Z,124.4
2015-10-23T00:00:00Z,124.77
2015-10-22T00:00:00Z,122.38
2015-10-21T00:00:00Z,119.7
2015-10-20T00:00:00Z,119.73
2015-10-19T00:00:00Z,120.34
2015-10-16T00:00:00Z,119.96
2015-10-15T00:00:00Z,119.23
2015-10-14T00:00:00Z,117.28
2015-10-13T00:00:00Z,118.21
2015-10-12T00:00:00Z,119.14
2015-10-09T00:00:00Z,119.36
2015-10-08T00:00:00Z,118.82
2015-10-07T00:00:00Z,118.56
2015-10-06T00:00:00Z,118.56
2015-10-05T00:00:00Z,117.98
2015-10-02T00:00:00Z,114.5
2015-10-01T00:00:00Z,114.09
2015-09-30T00:00:00Z,114.7
2015-09-29T00:00:00Z,111.83
2015-09-28T00:00:00Z,112.48
2015-09-25T00:00:00Z,114.9
2015-09-24T00:00:00Z,111.66
2015-09-23T00:00:00Z,113.91
2015-09-22T00:00:00Z,113.97
2015-09-21T00:00:00Z,117.8
2015-09-18T00:00:00Z,116.83
2015-09-17T00:00:00Z,119.05
2015-09-16T00:00:00Z,119.32
2015-09-15T00:00:00Z,117.71
2015-09-14T00:00:00Z,116.61
2015-09-11T00:00:00Z,117.18
2015-09-10T00:00:00Z,118.34
2015-09-09T00:00:00Z,119.82
2015-09-08T00:00:00Z,118.34
2015-09-07T00:00:00Z,117.07
2015-09-04T00:00:00Z,116.58
2015-09-03T00:00:00Z,119.56
2015-09-02T00:00:00Z,116.86
2015-09-01T00:00:00Z,116.61
2015-08-31T00:00:00Z,119.85
2015-08-28T00:00:00Z,120.03
2015-08-27T00:00:00Z,119.72
2015-08-26T00:00:00Z,115.85
2015-08-25T00:00:00Z,117.99
2015-08-24T00:00:00Z,113.41
2015-08-21T00:00:00Z,119.61
2015-08-20T00:00:00Z,123.58
2015-08-19T00:00:00Z,126.1
2015-08-18T00:00:00Z,128.24
2015-08-17T00:00:00Z,128.01
2015-08-14T00:00:00Z,127.6
2015-08-13T00:00:00Z,127.69
2015-08-12T00:00:00Z,126.71
2015-08-11T00:00:00Z,130.25
2015-08-10T00:00:00Z,132.4
2015-08-07T00:00:00Z,131.43
2015-08-06T00:00:00Z,132.57
2015-08-05T00:00:00Z,133.55
2015-08-04T00:00:00Z,132
2015-08-03T00:00:00Z,132.38
2015-07-31T00:00:00Z,131.31
2015-07-30T00:00:00Z,131.25
2015-07-29T00:00:00Z,130.31
2015-07-28T00:00:00Z,129.02
2015-07-27T00:00:00Z,127.77
2015-07-24T00:00:00Z,130.7
2015-07-23T00:00:00Z,131.98
2015-07-22T00:00:00Z,132.45
2015-07-21T00:00:00Z,133.28
2015-07-20T00:00:00Z,134.62
2015-07-17T00:00:00Z,134.27
2015-07-16T00:00:00Z,134.36
2015-07-15T00:00:00Z,132.5
2015-07-14T00:00:00Z,131.94
2015-07-13T00:00:00Z,131.24
2015-07-10T00:00:00Z,128.82
2015-07-09T00:00:00Z,126.19
2015-07-08T00:00:00Z,123.38
2015-07-07T00:00:00Z,123.19
2015-07-06T00:00:00Z,125.12
2015-07-03T00:00:00Z,126.72
2015-07-02T00:00:00Z,127.3
2015-07-01T00:00:00Z,127.82
2015-06-30T00:00:00Z,125.79
2015-06-29T00:00:00Z,127.49
2015-06-26T00:00:00Z,131.17
2015-06-25T00:00:00Z,130.84
2015-06-24T00:00:00Z,131.26
2015-06-23T00:00:00Z,131.77
2015-06-22T00:00:00Z,130.46
2015-06-19T00:00:00Z,127.47
2015-06-18T00:00:00Z,127.09
2015-06-17T00:00:00Z,126.86
2015-06-16T00:00:00Z,127.34
2015-06-15T00:00:00Z,126.6
2015-06-12T00:00:00Z,128.62
2015-06-11T00:00:00Z,129.88
2015-06-10T00:00:00Z,129.2
2015-06-09T00:00:00Z,126.87
2015-06-08T00:00:00Z,127.41
2015-06-05T00:00:00Z,128.53
2015-06-04T00:00:00Z,129.65
2015-06-03T00:00:00Z,130.62
2015-06-02T00:00:00Z,130.75
2015-06-01T00:00:00Z,132.1
2015-05-29T00:00:00Z,131.89
2015-05-28T00:00:00Z,134.32
2015-05-27T00:00:00Z,134.95
2015-05-26T00:00:00Z,133.13
2015-05-25T00:00:00Z,134.09
2015-05-22T00:00:00Z,134.53
2015-05-21T00:00:00Z,134.64
2015-05-20T00:00:00Z,134.23
2015-05-19T00:00:00Z,133.72
2015-05-18T00:00:00Z,131.33
2015-05-15T00:00:00Z,130.84
2015-05-14T00:00:00Z,131.46
2015-05-13T00:00:00Z,130.64
2015-05-12T00:00:00Z,130.93
2015-05-11T00:00:00Z,132.71
2015-05-08T00:00:00Z,132.28
2015-05-07T00:00:00Z,128.86
2015-05-06T00:00:00Z,128.99
2015-05-05T00:00:00Z,129.78
2015-05-04T00:00:00Z,131.61
2015-05-01T00:00:00Z,131.04
2015-04-30T00:00:00Z,131.34
2015-04-29T00:00:00Z,131.74
2015-04-28T00:00:00Z,134.77
2015-04-27T00:00:00Z,136.8
2015-04-24T00:00:00Z,135.55
2015-04-23T00:00:00Z,135.4
2015-04-22T00:00:00Z,135.97
2015-04-21T00:00:00Z,136
2015-04-20T00:00:00Z,135.44
2015-04-17T00:00:00Z,134.48
2015-04-16T00:00:00Z,136.91
2015-04-15T00:00:00Z,138.09
2015-04-14T00:00:00Z,137.23
2015-04-13T00:00:00Z,137.88
2015-04-10T00:00:00Z,137.66
2015-04-09T00:00:00Z,136.42
2015-04-08T00:00:00Z,135.1
2015-04-07T00:00:00Z,134.9
2015-04-02T00:00:00Z,132.78
2015-04-01T00:00:00Z,132.95
2015-03-31T00:00:00Z,132.52
2015-03-30T00:00:00Z,133.31
2015-03-27T00:00:00Z,131.9
2015-03-26T00:00:00Z,131.46
2015-03-25T00:00:00Z,132.45
2015-03-24T00:00:00Z,134.08
2015-03-23T00:00:00Z,133.5
2015-03-20T00:00:00Z,134.36
2015-03-19T00:00:00Z,132.98
2015-03-18T00:00:00Z,132.37
2015-03-17T00:00:00Z,131.66
2015-03-16T00:00:00Z,132.44
2015-03-13T00:00:00Z,131.16
2015-03-12T00:00:00Z,130.59
2015-03-11T00:00:00Z,130.51
2015-03-10T00:00:00Z,128.82
2015-03-09T00:00:00Z,129.96
2015-03-06T00:00:00Z,130.36
2015-03-05T00:00:00Z,130.17
2015-03-04T00:00:00Z,129.27
2015-03-03T00:00:00Z,128.15
2015-03-02T00:00:00Z,129.26
2015-02-27T00:00:00Z,129.58
2015-02-26T00:00:00Z,129.07
2015-02-25T00:00:00Z,127.65
2015-02-24T00:00:00Z,127.84
2015-02-23T00:00:00Z,127.14
2015-02-20T00:00:00Z,126.1
2015-02-19T00:00:00Z,125.66
2015-02-18T00:00:00Z,125.32
2015-02-17T00:00:00Z,124.29
2015-02-16T00:00:00Z,123.93
2015-02-13T00:00:00Z,124.2
2015-02-12T00:00:00Z,123.35
2015-02-11T00:00:00Z,122.53
2015-02-10T00:00:00Z,122.81
2015-02-09T00:00:00Z,122.23
2015-02-06T00:00:00Z,123.24
2015-02-05T00:00:00Z,123.03
2015-02-04T00:00:00Z,123.04
2015-02-03T00:00:00Z,122.42
2015-02-02T00:00:00Z,121.47
2015-01-30T00:00:00Z,121.42
2015-01-29T00:00:00Z,122.07
2015-01-28T00:00:00Z,121.97
2015-01-27T00:00:00Z,122.22
2015-01-26T00:00:00Z,123.43
2015-01-23T00:00:00Z,122.86
2015-01-22T00:00:00Z,120.6
2015-01-21T00:00:00Z,118.74
2015-01-20T00:00:00Z,117.9
2015-01-19T00:00:00Z,117.07
2015-01-16T00:00:00Z,116.87
2015-01-15T00:00:00Z,115.54
2015-01-14T00:00:00Z,112.26
2015-01-13T00:00:00Z,113.9
2015-01-12T00:00:00Z,112.11
2015-01-09T00:00:00Z,111.22
2015-01-08T00:00:00Z,113.23
2015-01-07T00:00:00Z,110.32
2015-01-06T00:00:00Z,109.68
2015-01-05T00:00:00Z,110.42
2015-01-02T00:00:00Z,113.07
2014-12-31T00:00:00Z,113.5
2014-12-30T00:00:00Z,113.05
2014-12-29T00:00:00Z,114.16
2014-12-24T00:00:00Z,114.15
2014-12-23T00:00:00Z,114.1
2014-12-22T00:00:00Z,113.47
2014-12-19T00:00:00Z,112.88
2014-12-18T00:00:00Z,112.79
2014-12-17T00:00:00Z,109.63
2014-12-16T00:00:00Z,109.64
2014-12-15T00:00:00Z,107.77
2014-12-12T00:00:00Z,110.4
2014-12-11T00:00:00Z,113.46
2014-12-10T00:00:00Z,113.31
2014-12-09T00:00:00Z,113.73
2014-12-08T00:00:00Z,116.28
2014-12-05T00:00:00Z,117.04
2014-12-04T00:00:00Z,115.05
2014-12-03T00:00:00Z,116.6
2014-12-02T00:00:00Z,116.09
2014-12-01T00:00:00Z,115.35
2014-11-28T00:00:00Z,115.91
2014-11-27T00:00:00Z,115.96
2014-11-26T00:00:00Z,115.51
2014-11-25T00:00:00Z,115.42
2014-11-24T00:00:00Z,115.25
2014-11-21T00:00:00Z,115.08
2014-11-20T00:00:00Z,112.68
2014-11-19T00:00:00Z,113.15
2014-11-18T00:00:00Z,113.19
2014-11-17T00:00:00Z,112.52
2014-11-14T00:00:00Z,111.99
2014-11-13T00:00:00Z,112.02
2014-11-12T00:00:00Z,111.79
2014-11-11T00:00:00Z,113.08
2014-11-10T00:00:00Z,112.67
2014-11-07T00:00:00Z,111.85
2014-11-06T00:00:00Z,112.58
2014-11-05T00:00:00Z,112.35
2014-11-04T00:00:00Z,110.56
2014-11-03T00:00:00Z,111.63
2014-10-31T00:00:00Z,112.59
2014-10-30T00:00:00Z,110.42
2014-10-29T00:00:00Z,109.82
2014-10-28T00:00:00Z,109.67
2014-10-27T00:00:00Z,108.46
2014-10-24T00:00:00Z,109.14
2014-10-23T00:00:00Z,109.65
2014-10-22T00:00:00Z,108.94
2014-10-21T00:00:00Z,108.21
2014-10-20T00:00:00Z,106.11
2014-10-17T00:00:00Z,106.63
2014-10-16T00:00:00Z,103.93
2014-10-15T00:00:00Z,104.57
2014-10-14T00:00:00Z,107.76
2014-10-13T00:00:00Z,107.86
2014-10-10T00:00:00Z,107.77
2014-10-09T00:00:00Z,109.37
2014-10-08T00:00:00Z,109.74
2014-10-07T00:00:00Z,110.65
2014-10-06T00:00:00Z,112.29
2014-10-03T00:00:00Z,112.03
2014-10-02T00:00:00Z,111.18
2014-10-01T00:00:00Z,113.99
2014-09-30T00:00:00Z,114.87
2014-09-29T00:00:00Z,114.2
2014-09-26T00:00:00Z,114.68
2014-09-25T00:00:00Z,114.35
2014-09-24T00:00:00Z,115.36
2014-09-23T00:00:00Z,114.47
2014-09-22T00:00:00Z,116.11
2014-09-19T00:00:00Z,116.72
2014-09-18T00:00:00Z,116.61
2014-09-17T00:00:00Z,115.61
2014-09-16T00:00:00Z,115.08
2014-09-15T00:00:00Z,115.35
2014-09-12T00:00:00Z,115.45
2014-09-11T00:00:00Z,115.53
2014-09-10T00:00:00Z,115.58
2014-09-09T00:00:00Z,115.66
2014-09-08T00:00:00Z,116.06
2014-09-05T00:00:00Z,116.4
2014-09-04T00:00:00Z,116.9
2014-09-03T00:00:00Z,115.41
2014-09-02T00:00:00Z,114.55
2014-09-01T00:00:00Z,114.5
2014-08-29T00:00:00Z,114.05
2014-08-28T00:00:00Z,113.63
2014-08-27T00:00:00Z,114.45
2014-08-26T00:00:00Z,114.42
2014-08-25T00:00:00Z,113.57
2014-08-22T00:00:00Z,112.21
2014-08-21T00:00:00Z,112.64
2014-08-20T00:00:00Z,111.83
2014-08-19T00:00:00Z,111.75
2014-08-18T00:00:00Z,111.23
2014-08-15T00:00:00Z,109.96
2014-08-14T00:00:00Z,110.43
2014-08-13T00:00:00Z,110.21
2014-08-12T00:00:00Z,109.85
2014-08-11T00:00:00Z,110.1
2014-08-08T00:00:00Z,108.74
2014-08-07T00:00:00Z,109.32
2014-08-06T00:00:00Z,109.98
2014-08-05T00:00:00Z,110.85
2014-08-04T00:00:00Z,110.59
2014-08-01T00:00:00Z,111.06
2014-07-31T00:00:00Z,112.33
2014-07-30T00:00:00Z,114.04
2014-07-29T00:00:00Z,114.76
2014-07-28T00:00:00Z,114.4
2014-07-25T00:00:00Z,114.52
2014-07-24T00:00:00Z,115.36
2014-07-23T00:00:00Z,114.84
2014-07-22T00:00:00Z,114.59
2014-07-21T00:00:00Z,112.86
2014-07-18T00:00:00Z,113.4
2014-07-17T00:00:00Z,113.43
2014-07-16T00:00:00Z,114.58
2014-07-15T00:00:00Z,113.04
2014-07-14T00:00:00Z,113.44
2014-07-11T00:00:00Z,112.42
2014-07-10T00:00:00Z,112.28
2014-07-09T00:00:00Z,113.55
2014-07-08T00:00:00Z,113.52
2014-07-07T00:00:00Z,115
2014-07-04T00:00:00Z,116.07
2014-07-03T00:00:00Z,116.4
2014-07-02T00:00:00Z,115.19
2014-07-01T00:00:00Z,114.93
2014-06-30T00:00:00Z,113.84
2014-06-27T00:00:00Z,113.86
2014-06-26T00:00:00Z,113.92
2014-06-25T00:00:00Z,114.17
2014-06-24T00:00:00Z,115.33
2014-06-23T00:00:00Z,115.49
2014-06-20T00:00:00Z,116.11
2014-06-19T00:00:00Z,116.19
2014-06-18T00:00:00Z,115.25
2014-06-17T00:00:00Z,115.33
2014-06-16T00:00:00Z,115.09
2014-06-13T00:00:00Z,115.55
2014-06-12T00:00:00Z,115.73
2014-06-11T00:00:00Z,115.72
2014-06-10T00:00:00Z,116.16
2014-06-09T00:00:00Z,115.73
2014-06-06T00:00:00Z,115.31
2014-06-05T00:00:00Z,114.61
2014-06-04T00:00:00Z,114.13
2014-06-03T00:00:00Z,114.19
2014-06-02T00:00:00Z,114.61
2014-05-30T00:00:00Z,114.28
2014-05-29T00:00:00Z,114.45
2014-05-28T00:00:00Z,114.32
2014-05-27T00:00:00Z,114.38
2014-05-26T00:00:00Z,114.3
2014-05-23T00:00:00Z,113.64
2014-05-22T00:00:00Z,113.32
2014-05-21T00:00:00Z,113.2
2014-05-20T00:00:00Z,112.44
2014-05-19T00:00:00Z,112.57
2014-05-16T00:00:00Z,113.01
2014-05-15T00:00:00Z,112.65
2014-05-14T00:00:00Z,113.66
2014-05-13T00:00:00Z,113.61
2014-05-12T00:00:00Z,113.36
2014-05-09T00:00:00Z,112.55
2014-05-08T00:00:00Z,112.87
2014-05-07T00:00:00Z,111.54
2014-05-06T00:00:00Z,111.43
2014-05-05T00:00:00Z,111.8
2014-05-02T00:00:00Z,112.11
2014-05-01T00:00:00Z,112.43
2014-04-30T00:00:00Z,112.24
2014-04-29T00:00:00Z,112.13
2014-04-28T00:00:00Z,110.88
2014-04-25T00:00:00Z,110.52
2014-04-24T00:00:00Z,111.43
2014-04-23T00:00:00Z,111.06
2014-04-22T00:00:00Z,111.56
2014-04-17T00:00:00Z,110.19
2014-04-16T00:00:00Z,109.72
2014-04-15T00:00:00Z,108.53
2014-04-14T00:00:00Z,109.59
2014-04-11T00:00:00Z,108.9
2014-04-10T00:00:00Z,110.36
2014-04-09T00:00:00Z,110.81
2014-04-08T00:00:00Z,110.61
2014-04-07T00:00:00Z,110.63
2014-04-04T00:00:00Z,112
2014-04-03T00:00:00Z,111.37
2014-04-02T00:00:00Z,111.29
2014-04-01T00:00:00Z,111.03
2014-03-31T00:00:00Z,110.47
2014-03-28T00:00:00Z,110.12
2014-03-27T00:00:00Z,109.23
2014-03-26T00:00:00Z,108.88
2014-03-25T00:00:00Z,108.09
2014-03-24T00:00:00Z,106.71
2014-03-21T00:00:00Z,107.87
2014-03-20T00:00:00Z,107.77
2014-03-19T00:00:00Z,107.57
2014-03-18T00:00:00Z,107.63
2014-03-17T00:00:00Z,106.79
2014-03-14T00:00:00Z,105.66
2014-03-13T00:00:00Z,106.35
2014-03-12T00:00:00Z,107.47
2014-03-11T00:00:00Z,108.53
2014-03-10T00:00:00Z,108.53
2014-03-07T00:00:00Z,109.06
2014-03-06T00:00:00Z,110.52
2014-03-05T00:00:00Z,110.43
2014-03-04T00:00:00Z,110.42
2014-03-03T00:00:00Z,108.13
2014-02-28T00:00:00Z,110.7
2014-02-27T00:00:00Z,110.55
2014-02-26T00:00:00Z,110.86
2014-02-25T00:00:00Z,111.18
2014-02-24T00:00:00Z,111.06
2014-02-21T00:00:00Z,110.41
2014-02-20T00:00:00Z,110.06
2014-02-19T00:00:00Z,110.16
2014-02-18T00:00:00Z,110.13
2014-02-17T00:00:00Z,110.04
2014-02-14T00:00:00Z,109.68
2014-02-13T00:00:00Z,108.99
2014-02-12T00:00:00Z,109.14
2014-02-11T00:00:00Z,108.3
2014-02-10T00:00:00Z,107.06
2014-02-07T00:00:00Z,107.07
2014-02-06T00:00:00Z,106.22
2014-02-05T00:00:00Z,104.65
2014-02-04T00:00:00Z,104.43
2014-02-03T00:00:00Z,104.69
2014-01-31T00:00:00Z,106.06
2014-01-30T00:00:00Z,106.17
2014-01-29T00:00:00Z,105.9
2014-01-28T00:00:00Z,106.49
2014-01-27T00:00:00Z,105.81
2014-01-24T00:00:00Z,106.66
2014-01-23T00:00:00Z,109.31
2014-01-22T00:00:00Z,110.39
2014-01-21T00:00:00Z,110.46
2014-01-20T00:00:00Z,110.49
2014-01-17T00:00:00Z,110.6
2014-01-16T00:00:00Z,110.05
2014-01-15T00:00:00Z,110.08
2014-01-14T00:00:00Z,108.96
2014-01-13T00:00:00Z,108.78
2014-01-10T00:00:00Z,108.4
2014-01-09T00:00:00Z,107.84
2014-01-08T00:00:00Z,108.42
2014-01-07T00:00:00Z,108.21
2014-01-06T00:00:00Z,107.39
2014-01-03T00:00:00Z,107.62
2014-01-02T00:00:00Z,106.99
2013-12-31T00:00:00Z,107.89
2013-12-30T00:00:00Z,107.62
2013-12-27T00:00:00Z,107.81
2013-12-24T00:00:00Z,106.53
2013-12-23T00:00:00Z,106.29
2013-12-20T00:00:00Z,105.6
2013-12-19T00:00:00Z,105.04
2013-12-18T00:00:00Z,103.22
2013-12-17T00:00:00Z,102.35
2013-12-16T00:00:00Z,103.18
2013-12-13T00:00:00Z,101.87
2013-12-12T00:00:00Z,102.02
2013-12-11T00:00:00Z,103.14
2013-12-10T00:00:00Z,103.81
2013-12-09T00:00:00Z,104.68
2013-12-06T00:00:00Z,104.52
2013-12-05T00:00:00Z,103.84
2013-12-04T00:00:00Z,104.79
2013-12-03T00:00:00Z,105.49
2013-12-02T00:00:00Z,107.06
2013-11-29T00:00:00Z,107.5
2013-11-28T00:00:00Z,107.5
2013-11-27T00:00:00Z,107.05
2013-11-26T00:00:00Z,106.54
2013-11-25T00:00:00Z,107.18
2013-11-22T00:00:00Z,106.68
2013-11-21T00:00:00Z,106.56
2013-11-20T00:00:00Z,106.74
2013-11-19T00:00:00Z,106.63
2013-11-18T00:00:00Z,107.4
2013-11-15T00:00:00Z,106.78
2013-11-14T00:00:00Z,106.66
2013-11-13T00:00:00Z,105.9
2013-11-12T00:00:00Z,106.36
2013-11-11T00:00:00Z,106.98
2013-11-08T00:00:00Z,106.7
2013-11-07T00:00:00Z,106.75
2013-11-06T00:00:00Z,106.76
2013-11-05T00:00:00Z,106.28
2013-11-04T00:00:00Z,106.47
2013-11-01T00:00:00Z,106.28
2013-10-31T00:00:00Z,106.73
2013-10-30T00:00:00Z,106.19
2013-10-29T00:00:00Z,106.33
2013-10-28T00:00:00Z,105.95
2013-10-25T00:00:00Z,106.16
2013-10-24T00:00:00Z,106.32
2013-10-23T00:00:00Z,105.86
2013-10-22T00:00:00Z,106.49
2013-10-21T00:00:00Z,105.83
2013-10-18T00:00:00Z,105.51
2013-10-17T00:00:00Z,104.71
2013-10-16T00:00:00Z,104.51
2013-10-15T00:00:00Z,104.24
2013-10-14T00:00:00Z,103.39
2013-10-11T00:00:00Z,103.23
2013-10-10T00:00:00Z,102.76
2013-10-09T00:00:00Z,100.93
2013-10-08T00:00:00Z,101.42
2013-10-07T00:00:00Z,102.19
2013-10-04T00:00:00Z,102.46
2013-10-03T00:00:00Z,102.28
2013-10-02T00:00:00Z,102.88
2013-10-01T00:00:00Z,103.49
2013-09-30T00:00:00Z,102.72
2013-09-27T00:00:00Z,103.3
2013-09-26T00:00:00Z,103.58
2013-09-25T00:00:00Z,103.67
2013-09-24T00:00:00Z,103.66
2013-09-23T00:00:00Z,103.42
2013-09-20T00:00:00Z,103.96
2013-09-19T00:00:00Z,104.15
2013-09-18T00:00:00Z,103.4
2013-09-17T00:00:00Z,102.85
2013-09-16T00:00:00Z,103.3
2013-09-13T00:00:00Z,102.66
2013-09-12T00:00:00Z,102.57
2013-09-11T00:00:00Z,102.51
2013-09-10T00:00:00Z,102.19
2013-09-09T00:00:00Z,100.74
2013-09-06T00:00:00Z,100.81
2013-09-05T00:00:00Z,100.3
2013-09-04T00:00:00Z,99.64
2013-09-03T00:00:00Z,99.49
2013-09-02T00:00:00Z,99.78
2013-08-30T00:00:00Z,97.97
2013-08-29T00:00:00Z,98.9
2013-08-28T00:00:00Z,98.53
2013-08-27T00:00:00Z,98.91
2013-08-26T00:00:00Z,100.73
2013-08-23T00:00:00Z,100.8
2013-08-22T00:00:00Z,100.36
2013-08-21T00:00:00Z,99.24
2013-08-20T00:00:00Z,99.76
2013-08-19T00:00:00Z,100.53
2013-08-16T00:00:00Z,101.16
2013-08-15T00:00:00Z,100.78
2013-08-14T00:00:00Z,101.81
2013-08-13T00:00:00Z,101.64
2013-08-12T00:00:00Z,101.07
2013-08-09T00:00:00Z,100.94
2013-08-08T00:00:00Z,100.31
2013-08-07T00:00:00Z,99.9
2013-08-06T00:00:00Z,100.19
2013-08-05T00:00:00Z,100.58
2013-08-02T00:00:00Z,100.34
2013-08-01T00:00:00Z,100.01
2013-07-31T00:00:00Z,98.65
2013-07-30T00:00:00Z,98.67
2013-07-29T00:00:00Z,98.64
2013-07-26T00:00:00Z,98.57
2013-07-25T00:00:00Z,98.81
2013-07-24T00:00:00Z,99.4
2013-07-23T00:00:00Z,98.83
2013-07-22T00:00:00Z,98.99
2013-07-19T00:00:00Z,98.77
2013-07-18T00:00:00Z,98.72
2013-07-17T00:00:00Z,97.94
2013-07-16T00:00:00Z,97.38
2013-07-15T00:00:00Z,98.03
2013-07-12T00:00:00Z,97.58
2013-07-11T00:00:00Z,97.77
2013-07-10T00:00:00Z,97.13
2013-07-09T00:00:00Z,97.04
2013-07-08T00:00:00Z,96.38
2013-07-05T00:00:00Z,94.98
2013-07-04T00:00:00Z,96.43
2013-07-03T00:00:00Z,94.22
2013-07-02T00:00:00Z,94.85
2013-07-01T00:00:00Z,95.32
2013-06-28T00:00:00Z,94.27
2013-06-27T00:00:00Z,94.76
2013-06-26T00:00:00Z,94.21
2013-06-25T00:00:00Z,92.54
2013-06-24T00:00:00Z,91.3
2013-06-21T00:00:00Z,92.9
2013-06-20T00:00:00Z,94.04
2013-06-19T00:00:00Z,96.9
2013-06-18T00:00:00Z,97.08
2013-06-17T00:00:00Z,97.21
2013-06-14T00:00:00Z,96.55
2013-06-13T00:00:00Z,96.4
2013-06-12T00:00:00Z,96.44
2013-06-11T00:00:00Z,96.71
2013-06-10T00:00:00Z,97.91
2013-06-07T00:00:00Z,97.98
2013-06-06T00:00:00Z,96.59
2013-06-05T00:00:00Z,97.9
2013-06-04T00:00:00Z,99.28
2013-06-03T00:00:00Z,98.81
2013-05-31T00:00:00Z,99.62
2013-05-30T00:00:00Z,100.64
2013-05-29T00:00:00Z,100.27
2013-05-28T00:00:00Z,102.03
2013-05-27T00:00:00Z,100.86
2013-05-24T00:00:00Z,100.55
2013-05-23T00:00:00Z,100.79
2013-05-22T00:00:00Z,102.99
2013-05-21T00:00:00Z,102.58
2013-05-20T00:00:00Z,102.5
2013-05-17T00:00:00Z,102.36
2013-05-16T00:00:00Z,102.25
2013-05-15T00:00:00Z,102.39
2013-05-14T00:00:00Z,101.57
2013-05-13T00:00:00Z,101.14
2013-05-10T00:00:00Z,101.34
2013-05-09T00:00:00Z,100.97
2013-05-08T00:00:00Z,100.91
2013-05-07T00:00:00Z,100.22
2013-05-06T00:00:00Z,99.89
2013-05-03T00:00:00Z,99.92
2013-05-02T00:00:00Z,98.83
2013-05-01T00:00:00Z,98.44
2013-04-30T00:00:00Z,98.37
2013-04-29T00:00:00Z,98.73
2013-04-26T00:00:00Z,98.15
2013-04-25T00:00:00Z,98.57
2013-04-24T00:00:00Z,97.92
2013-04-23T00:00:00Z,97.06
2013-04-22T00:00:00Z,94.73
2013-04-19T00:00:00Z,94.6
2013-04-18T00:00:00Z,94.2
2013-04-17T00:00:00Z,94.28
2013-04-16T00:00:00Z,95.79
2013-04-15T00:00:00Z,96.49
2013-04-12T00:00:00Z,97.14
2013-04-11T00:00:00Z,97.91
2013-04-10T00:00:00Z,97.37
2013-04-09T00:00:00Z,95.67
2013-04-08T00:00:00Z,95.56
2013-04-05T00:00:00Z,95.31
2013-04-04T00:00:00Z,96.8
2013-04-03T00:00:00Z,97.7
2013-04-02T00:00:00Z,98.59
2013-04-01T00:00:00Z,97.32
2013-03-29T00:00:00Z,97.27
2013-03-28T00:00:00Z,97.27
2013-03-27T00:00:00Z,96.87
2013-03-26T00:00:00Z,97.32
2013-03-25T00:00:00Z,97.36
2013-03-22T00:00:00Z,97.76
2013-03-21T00:00:00Z,97.95
2013-03-20T00:00:00Z,98.65
2013-03-19T00:00:00Z,98.26
2013-03-18T00:00:00Z,98.7
2013-03-15T00:00:00Z,99.08
2013-03-14T00:00:00Z,99.24
2013-03-13T00:00:00Z,98.14
2013-03-12T00:00:00Z,98.3285
2013-03-11T00:00:00Z,98.21
2013-03-08T00:00:00Z,98.27
2013-03-07T00:00:00Z,97.45
2013-03-06T00:00:00Z,97.51
2013-03-05T00:00:00Z,97.9
2013-03-04T00:00:00Z,95.94
2013-03-01T00:00:00Z,95.93
2013-02-28T00:00:00Z,96.41
2013-02-27T00:00:00Z,95.45
2013-02-26T00:00:00Z,94.64
2013-02-25T00:00:00Z,96.2
2013-02-22T00:00:00Z,96.04
2013-02-21T00:00:00Z,94.75
2013-02-20T00:00:00Z,96.13
2013-02-19T00:00:00Z,96.47
2013-02-18T00:00:00Z,95.21
2013-02-15T00:00:00Z,95.38
2013-02-14T00:00:00Z,95.63
2013-02-13T00:00:00Z,95.81
2013-02-12T00:00:00Z,95.36
2013-02-11T00:00:00Z,94.86
2013-02-08T00:00:00Z,95.62
2013-02-07T00:00:00Z,94.57
2013-02-06T00:00:00Z,94.82
2013-02-05T00:00:00Z,95.11
2013-02-04T00:00:00Z,94.41
2013-02-01T00:00:00Z,96
2013-01-31T00:00:00Z,95.87
2013-01-30T00:00:00Z,96.16
2013-01-29T00:00:00Z,96.9
2013-01-28T00:00:00Z,96.6
2013-01-25T00:00:00Z,96.83
2013-01-24T00:00:00Z,96.59
2013-01-23T00:00:00Z,96.44
2013-01-22T00:00:00Z,96.07
2013-01-21T00:00:00Z,96.08
2013-01-18T00:00:00Z,95.77
2013-01-17T00:00:00Z,95.95
2013-01-16T00:00:00Z,95.52
2013-01-15T00:00:00Z,95.5
2013-01-14T00:00:00Z,95.48
2013-01-11T00:00:00Z,95.8
2013-01-10T00:00:00Z,95.86
2013-01-09T00:00:00Z,95.99
2013-01-08T00:00:00Z,95.43
2013-01-07T00:00:00Z,95.56
2013-01-04T00:00:00Z,95.93
2013-01-03T00:00:00Z,95.61
2013-01-02T00:00:00Z,95.07
2013-01-01T00:00:00Z,93.23
2012-12-31T00:00:00Z,93.23
2012-12-28T00:00:00Z,92.96
2012-12-27T00:00:00Z,93.64
2012-12-26T00:00:00Z,93.48
2012-12-25T00:00:00Z,93.53
2012-12-24T00:00:00Z,93.53
2012-12-21T00:00:00Z,93.67
2012-12-20T00:00:00Z,93.87
2012-12-19T00:00:00Z,93.81
2012-12-18T00:00:00Z,93.45
2012-12-17T00:00:00Z,92.9
2012-12-14T00:00:00Z,92.94
2012-12-13T00:00:00Z,93
2012-12-12T00:00:00Z,93.27
2012-12-11T00:00:00Z,93.13
2012-12-10T00:00:00Z,92.75
2012-12-07T00:00:00Z,92.65
2012-12-06T00:00:00Z,92.58
2012-12-05T00:00:00Z,91.92
2012-12-04T00:00:00Z,91.72
2012-12-03T00:00:00Z,91.61
2012-11-30T00:00:00Z,91.46
2012-11-29T00:00:00Z,91.73
2012-11-28T00:00:00Z,90.63
2012-11-27T00:00:00Z,90.47
2012-11-26T00:00:00Z,90.18
2012-11-23T00:00:00Z,90.57
2012-11-22T00:00:00Z,90.03
2012-11-21T00:00:00Z,89.48
2012-11-20T00:00:00Z,89.21
2012-11-19T00:00:00Z,88.99
2012-11-16T00:00:00Z,87.12
2012-11-15T00:00:00Z,88.1
2012-11-14T00:00:00Z,88.99
2012-11-13T00:00:00Z,89.78
2012-11-12T00:00:00Z,89.13
2012-11-09T00:00:00Z,89.42
2012-11-08T00:00:00Z,89.39
2012-11-07T00:00:00Z,89.45
2012-11-06T00:00:00Z,90.78
2012-11-05T00:00:00Z,90.29
2012-11-02T00:00:00Z,90.84
2012-11-01T00:00:00Z,90.4
2012-10-31T00:00:00Z,89.4
2012-10-30T00:00:00Z,89.98
2012-10-29T00:00:00Z,89.29
2012-10-26T00:00:00Z,89.71
2012-10-25T00:00:00Z,89.63
2012-10-24T00:00:00Z,89.46
2012-10-23T00:00:00Z,89.09
2012-10-22T00:00:00Z,90.72
2012-10-19T00:00:00Z,91.26
2012-10-18T00:00:00Z,91.85
2012-10-17T00:00:00Z,91.7
2012-10-16T00:00:00Z,91.15
2012-10-15T00:00:00Z,89.8
2012-10-12T00:00:00Z,89.3
2012-10-11T00:00:00Z,89.69
2012-10-10T00:00:00Z,88.98
2012-10-09T00:00:00Z,89.45
2012-10-08T00:00:00Z,89.8
2012-10-05T00:00:00Z,90.62
2012-10-04T00:00:00Z,89.63
2012-10-03T00:00:00Z,89.68
2012-10-02T00:00:00Z,89.74
2012-10-01T00:00:00Z,89.96
2012-09-28T00:00:00Z,88.57
2012-09-27T00:00:00Z,89.73
2012-09-26T00:00:00Z,89.42
2012-09-25T00:00:00Z,91.13
2012-09-24T00:00:00Z,90.79
2012-09-21T00:00:00Z,91.22
2012-09-20T00:00:00Z,90.77
2012-09-19T00:00:00Z,90.96
2012-09-18T00:00:00Z,90.59
2012-09-17T00:00:00Z,90.94
2012-09-14T00:00:00Z,91.21
2012-09-13T00:00:00Z,89.99
2012-09-12T00:00:00Z,90.2
2012-09-11T00:00:00Z,90.17
2012-09-10T00:00:00Z,89.75
2012-09-07T00:00:00Z,89.97
2012-09-06T00:00:00Z,89.54
2012-09-05T00:00:00Z,87.3
2012-09-04T00:00:00Z,87.18
2012-09-03T00:00:00Z,88.11
2012-08-31T00:00:00Z,87.35
2012-08-30T00:00:00Z,86.81
2012-08-29T00:00:00Z,87.58
2012-08-28T00:00:00Z,87.81
2012-08-27T00:00:00Z,88.39
2012-08-24T00:00:00Z,87.97
2012-08-23T00:00:00Z,87.85
2012-08-22T00:00:00Z,88.37
2012-08-21T00:00:00Z,89.51
2012-08-20T00:00:00Z,89.02
2012-08-17T00:00:00Z,89.45
2012-08-16T00:00:00Z,88.94
2012-08-15T00:00:00Z,88.44
2012-08-14T00:00:00Z,88.6
2012-08-13T00:00:00Z,87.98
2012-08-10T00:00:00Z,88.28
2012-08-09T00:00:00Z,88.41
2012-08-08T00:00:00Z,88.04
2012-08-07T00:00:00Z,87.86
2012-08-06T00:00:00Z,87.38
2012-08-03T00:00:00Z,86.97
2012-08-02T00:00:00Z,84.62
2012-08-01T00:00:00Z,85.84
2012-07-31T00:00:00Z,85.47
2012-07-30T00:00:00Z,86.09
2012-07-27T00:00:00Z,84.84
2012-07-26T00:00:00Z,83.55
2012-07-25T00:00:00Z,81.29
2012-07-24T00:00:00Z,81.35
2012-07-23T00:00:00Z,81.86
2012-07-20T00:00:00Z,83.91
2012-07-19T00:00:00Z,85.26
2012-07-18T00:00:00Z,84.3
2012-07-17T00:00:00Z,83.47
2012-07-16T00:00:00Z,83.68
2012-07-13T00:00:00Z,83.65
2012-07-12T00:00:00Z,82.58
2012-07-11T00:00:00Z,83.54
2012-07-10T00:00:00Z,83.48
2012-07-09T00:00:00Z,82.86
2012-07-06T00:00:00Z,83.16
2012-07-05T00:00:00Z,84.04
2012-07-04T00:00:00Z,84.27
2012-07-03T00:00:00Z,84.34
2012-07-02T00:00:00Z,83.37
2012-06-29T00:00:00Z,82.28
2012-06-28T00:00:00Z,80.09
2012-06-27T00:00:00Z,80.56
2012-06-26T00:00:00Z,79.44
2012-06-25T00:00:00Z,79.43
2012-06-22T00:00:00Z,80.79
2012-06-21T00:00:00Z,81.32
2012-06-20T00:00:00Z,81.76
2012-06-19T00:00:00Z,81.3
2012-06-18T00:00:00Z,79.99
2012-06-15T00:00:00Z,80.11
2012-06-14T00:00:00Z,79.43
2012-06-13T00:00:00Z,79.62
2012-06-12T00:00:00Z,79.8
2012-06-11T00:00:00Z,79.24
2012-06-08T00:00:00Z,79.27
2012-06-07T00:00:00Z,79.48
2012-06-06T00:00:00Z,78.65
2012-06-05T00:00:00Z,76.6
2012-06-04T00:00:00Z,76.46
2012-06-01T00:00:00Z,76.75
2012-05-31T00:00:00Z,78.27
2012-05-30T00:00:00Z,78.51
2012-05-29T00:00:00Z,79.63
2012-05-28T00:00:00Z,79.2
2012-05-25T00:00:00Z,79.26
2012-05-24T00:00:00Z,79.17
2012-05-23T00:00:00Z,78.48
2012-05-22T00:00:00Z,80.32
2012-05-21T00:00:00Z,78.84
2012-05-18T00:00:00Z,78.49
2012-05-17T00:00:00Z,79.29
2012-05-16T00:00:00Z,80.28
2012-05-15T00:00:00Z,80.68
2012-05-14T00:00:00Z,81.24
2012-05-11T00:00:00Z,82.71
2012-05-10T00:00:00Z,82.46
2012-05-09T00:00:00Z,81.97
2012-05-08T00:00:00Z,82.21
2012-05-07T00:00:00Z,83.55
2012-05-04T00:00:00Z,82.96
2012-05-03T00:00:00Z,84.26
2012-05-02T00:00:00Z,84.26
2012-05-01T00:00:00Z,84.83
2012-04-30T00:00:00Z,84.37
2012-04-27T00:00:00Z,85.1
2012-04-26T00:00:00Z,84.58
2012-04-25T00:00:00Z,84.81
2012-04-24T00:00:00Z,83.95
2012-04-23T00:00:00Z,83.12
2012-04-20T00:00:00Z,85.19
2012-04-19T00:00:00Z,84.59
2012-04-18T00:00:00Z,84.96
2012-04-17T00:00:00Z,85.62
2012-04-16T00:00:00Z,83.8
2012-04-13T00:00:00Z,83.5
2012-04-12T00:00:00Z,84.89
2012-04-11T00:00:00Z,83.96
2012-04-10T00:00:00Z,83.39
2012-04-09T00:00:00Z,85.62
2012-04-05T00:00:00Z,85.59
2012-04-04T00:00:00Z,85.49
2012-04-03T00:00:00Z,87.18
2012-04-02T00:00:00Z,88.23
2012-03-30T00:00:00Z,86.95
2012-03-29T00:00:00Z,86.09
2012-03-28T00:00:00Z,87.25
2012-03-27T00:00:00Z,88.16
2012-03-26T00:00:00Z,88.51
2012-03-23T00:00:00Z,87.88
2012-03-22T00:00:00Z,87.94
2012-03-21T00:00:00Z,89.04
2012-03-20T00:00:00Z,89.18
2012-03-19T00:00:00Z,90.26
2012-03-16T00:00:00Z,90.29
2012-03-15T00:00:00Z,89.66
2012-03-14T00:00:00Z,89.21
2012-03-13T00:00:00Z,88.95
2012-03-12T00:00:00Z,87.39
2012-03-09T00:00:00Z,87.6
2012-03-08T00:00:00Z,87.17
2012-03-07T00:00:00Z,85.9
2012-03-06T00:00:00Z,85.48
2012-03-05T00:00:00Z,87.74
2012-03-02T00:00:00Z,88.36
2012-03-01T00:00:00Z,88.38
2012-02-29T00:00:00Z,87.34
2012-02-28T00:00:00Z,87.44
2012-02-27T00:00:00Z,87.28
2012-02-24T00:00:00Z,87.67
2012-02-23T00:00:00Z,87.43
2012-02-22T00:00:00Z,87.62
2012-02-21T00:00:00Z,88.39
2012-02-20T00:00:00Z,88.81
2012-02-17T00:00:00Z,88
2012-02-16T00:00:00Z,87.41
2012-02-15T00:00:00Z,87.43
2012-02-14T00:00:00Z,86.89
2012-02-13T00:00:00Z,87.2
2012-02-10T00:00:00Z,86.52
2012-02-09T00:00:00Z,87.42
2012-02-08T00:00:00Z,87.29
2012-02-07T00:00:00Z,87.51
2012-02-06T00:00:00Z,87.61
2012-02-03T00:00:00Z,87.7
2012-02-02T00:00:00Z,86.17
2012-02-01T00:00:00Z,85.87
2012-01-31T00:00:00Z,84.17
2012-01-30T00:00:00Z,83.76
2012-01-27T00:00:00Z,84.68
2012-01-26T00:00:00Z,85.42
2012-01-25T00:00:00Z,84.43
2012-01-24T00:00:00Z,84.89
2012-01-23T00:00:00Z,85.14
2012-01-20T00:00:00Z,84.79
2012-01-19T00:00:00Z,85
2012-01-18T00:00:00Z,83.81
2012-01-17T00:00:00Z,83.71
2012-01-16T00:00:00Z,82.94
2012-01-13T00:00:00Z,82.26
2012-01-12T00:00:00Z,82.25
2012-01-11T00:00:00Z,82.45
2012-01-10T00:00:00Z,82.78
2012-01-09T00:00:00Z,81.19
2012-01-06T00:00:00Z,81.58
2012-01-05T00:00:00Z,81.76
2012-01-04T00:00:00Z,82.54
2012-01-03T00:00:00Z,83.09
2012-01-02T00:00:00Z,81.73
2011-12-30T00:00:00Z,80.84
2011-12-29T00:00:00Z,80.12
2011-12-28T00:00:00Z,79.35
2011-12-27T00:00:00Z,79.97
2011-12-26T00:00:00Z,79.93
2011-12-23T00:00:00Z,79.93
2011-12-22T00:00:00Z,79.32
2011-12-21T00:00:00Z,78.56
2011-12-20T00:00:00Z,78.96
2011-12-19T00:00:00Z,77.52
2011-12-16T00:00:00Z,77.45
2011-12-15T00:00:00Z,77.92
2011-12-14T00:00:00Z,77.19
2011-12-13T00:00:00Z,78.66
2011-12-12T00:00:00Z,78.39
2011-12-09T00:00:00Z,80.05
2011-12-08T00:00:00Z,78.89
2011-12-07T00:00:00Z,80.12
2011-12-06T00:00:00Z,80.29
2011-12-05T00:00:00Z,80.6
2011-12-02T00:00:00Z,79.98
2011-12-01T00:00:00Z,79.21
2011-11-30T00:00:00Z,79.63
2011-11-29T00:00:00Z,76.87
2011-11-28T00:00:00Z,76.32
2011-11-25T00:00:00Z,73.48
2011-11-24T00:00:00Z,72.95
2011-11-23T00:00:00Z,73.03
2011-11-22T00:00:00Z,74.14
2011-11-21T00:00:00Z,74.67
2011-11-18T00:00:00Z,77.17
2011-11-17T00:00:00Z,77.66
2011-11-16T00:00:00Z,78.59
2011-11-15T00:00:00Z,78.56
2011-11-14T00:00:00Z,78.99
2011-11-11T00:00:00Z,79.9
2011-11-10T00:00:00Z,77.98
2011-11-09T00:00:00Z,78.21
2011-11-08T00:00:00Z,79.7
2011-11-07T00:00:00Z,79.08
2011-11-04T00:00:00Z,79.67
2011-11-03T00:00:00Z,80.6
2011-11-02T00:00:00Z,79
2011-11-01T00:00:00Z,78.33
2011-10-31T00:00:00Z,81.19
2011-10-28T00:00:00Z,83.16
2011-10-27T00:00:00Z,83.22
2011-10-26T00:00:00Z,80
2011-10-25T00:00:00Z,79.96
2011-10-24T00:00:00Z,80.69
2011-10-21T00:00:00Z,79.59
2011-10-20T00:00:00Z,77.59
2011-10-19T00:00:00Z,79
2011-10-18T00:00:00Z,78.53
2011-10-17T00:00:00Z,78.92
2011-10-14T00:00:00Z,79.74
2011-10-13T00:00:00Z,79.14
2011-10-12T00:00:00Z,80.2
2011-10-11T00:00:00Z,78.77
2011-10-10T00:00:00Z,78.94
2011-10-07T00:00:00Z,77.62
2011-10-06T00:00:00Z,77
2011-10-05T00:00:00Z,74.73
2011-10-04T00:00:00Z,72.49
2011-10-03T00:00:00Z,74.31
2011-09-30T00:00:00Z,75.32
2011-09-29T00:00:00Z,76.22
2011-09-28T00:00:00Z,75.58
2011-09-27T00:00:00Z,76.43
2011-09-26T00:00:00Z,73.21
2011-09-23T00:00:00Z,71.62
2011-09-22T00:00:00Z,70.99
2011-09-21T00:00:00Z,74.41
2011-09-20T00:00:00Z,75.68
2011-09-19T00:00:00Z,74.31
2011-09-16T00:00:00Z,76.17
2011-09-15T00:00:00Z,75.73
2011-09-14T00:00:00Z,74.19
2011-09-13T00:00:00Z,72.93
2011-09-12T00:00:00Z,72.21
2011-09-09T00:00:00Z,73.93
2011-09-08T00:00:00Z,76.04
2011-09-07T00:00:00Z,75.58
2011-09-06T00:00:00Z,73.44
2011-09-05T00:00:00Z,74.16
2011-09-02T00:00:00Z,77.4
2011-09-01T00:00:00Z,79.42
2011-08-31T00:00:00Z,78.76
2011-08-30T00:00:00Z,76.44
2011-08-29T00:00:00Z,75.63
2011-08-26T00:00:00Z,74.85
2011-08-25T00:00:00Z,75.45
2011-08-24T00:00:00Z,76.27
2011-08-23T00:00:00Z,75.24
2011-08-22T00:00:00Z,74.78
2011-08-19T00:00:00Z,74.19
2011-08-18T00:00:00Z,75.5
2011-08-17T00:00:00Z,79.27
2011-08-16T00:00:00Z,79.12
2011-08-15T00:00:00Z,79.01
2011-08-12T00:00:00Z,79.06
2011-08-11T00:00:00Z,76.27
2011-08-10T00:00:00Z,74.58
2011-08-09T00:00:00Z,77.74
2011-08-08T00:00:00Z,76.74
2011-08-05T00:00:00Z,79.87
2011-08-04T00:00:00Z,81.54
2011-08-03T00:00:00Z,84.28
2011-08-02T00:00:00Z,85.86
2011-08-01T00:00:00Z,87.4
2011-07-29T00:00:00Z,88.36
2011-07-28T00:00:00Z,89.15
2011-07-27T00:00:00Z,89.21
2011-07-26T00:00:00Z,90.23
2011-07-25T00:00:00Z,90.57
2011-07-22T00:00:00Z,90.75
2011-07-21T00:00:00Z,90.29
2011-07-20T00:00:00Z,89.39
2011-07-19T00:00:00Z,88.3
2011-07-18T00:00:00Z,87.65
2011-07-15T00:00:00Z,89.15
2011-07-14T00:00:00Z,89.46
2011-07-13T00:00:00Z,90.04
2011-07-12T00:00:00Z,89.54
2011-07-11T00:00:00Z,90.25
2011-07-08T00:00:00Z,91.42
2011-07-07T00:00:00Z,92.12
2011-07-06T00:00:00Z,91.76
2011-07-05T00:00:00Z,91.86
2011-07-01T00:00:00Z,91.77
2011-06-30T00:00:00Z,91.07
2011-06-29T00:00:00Z,90.06
2011-06-28T00:00:00Z,88.66
2011-06-27T00:00:00Z,88.26
2011-06-24T00:00:00Z,88.28
2011-06-23T00:00:00Z,88.35
2011-06-22T00:00:00Z,89.61
2011-06-21T00:00:00Z,90.09
2011-06-20T00:00:00Z,88.76
2011-06-17T00:00:00Z,89.34
2011-06-16T00:00:00Z,89.18
2011-06-15T00:00:00Z,89.41
2011-06-14T00:00:00Z,90.36
2011-06-13T00:00:00Z,89.57
2011-06-10T00:00:00Z,89.33
2011-06-09T00:00:00Z,90.47
2011-06-08T00:00:00Z,89.51
2011-06-07T00:00:00Z,90.32
2011-06-06T00:00:00Z,90.39
2011-06-03T00:00:00Z,90.87
2011-06-02T00:00:00Z,91.27
2011-06-01T00:00:00Z,92.57
2011-05-31T00:00:00Z,93.39
2011-05-30T00:00:00Z,92.62
2011-05-27T00:00:00Z,92.67
2011-05-26T00:00:00Z,92.01
2011-05-25T00:00:00Z,92.09
2011-05-24T00:00:00Z,91.42
2011-05-23T00:00:00Z,91.24
2011-05-20T00:00:00Z,92.78
2011-05-19T00:00:00Z,93.08
2011-05-18T00:00:00Z,92.57
2011-05-17T00:00:00Z,92.25
2011-05-16T00:00:00Z,93.26
2011-05-13T00:00:00Z,93.25
2011-05-12T00:00:00Z,93.84
2011-05-11T00:00:00Z,94.39
2011-05-10T00:00:00Z,94.09
2011-05-09T00:00:00Z,93.23
2011-05-06T00:00:00Z,93.7
2011-05-05T00:00:00Z,92.59
2011-05-04T00:00:00Z,92.73
2011-05-03T00:00:00Z,94.09
2011-05-02T00:00:00Z,94.37
2011-04-29T00:00:00Z,94.38
2011-04-28T00:00:00Z,94.08
2011-04-27T00:00:00Z,93.72
2011-04-26T00:00:00Z,93.54
2011-04-25T00:00:00Z,93.23
2011-04-22T00:00:00Z,93.36
2011-04-21T00:00:00Z,93.36
2011-04-20T00:00:00Z,92.84
2011-04-19T00:00:00Z,91.21
2011-04-18T00:00:00Z,90.74
2011-04-15T00:00:00Z,92.44
2011-04-14T00:00:00Z,92.13
2011-04-13T00:00:00Z,92.46
2011-04-12T00:00:00Z,91.89
2011-04-11T00:00:00Z,93.38
2011-04-08T00:00:00Z,93.55
2011-04-07T00:00:00Z,93.19
2011-04-06T00:00:00Z,93.42
2011-04-05T00:00:00Z,93.17
2011-04-04T00:00:00Z,92.96
2011-04-01T00:00:00Z,92.86
2011-03-31T00:00:00Z,91.46
2011-03-30T00:00:00Z,92.27
2011-03-29T00:00:00Z,91.53
2011-03-28T00:00:00Z,91.39
2011-03-25T00:00:00Z,91.27
2011-03-24T00:00:00Z,91.21
2011-03-23T00:00:00Z,90.32
2011-03-22T00:00:00Z,89.8
2011-03-21T00:00:00Z,89.99
2011-03-18T00:00:00Z,88.38
2011-03-17T00:00:00Z,88.4
2011-03-16T00:00:00Z,86.77
2011-03-15T00:00:00Z,88.23
2011-03-14T00:00:00Z,90.18
2011-03-11T00:00:00Z,91.32
2011-03-10T00:00:00Z,92.02
2011-03-09T00:00:00Z,93.08
2011-03-08T00:00:00Z,93.47
2011-03-07T00:00:00Z,93.11
2011-03-04T00:00:00Z,93.61
2011-03-03T00:00:00Z,94.21
2011-03-02T00:00:00Z,94.01
2011-03-01T00:00:00Z,94.59
2011-02-28T00:00:00Z,95.23
2011-02-25T00:00:00Z,94.49
2011-02-24T00:00:00Z,93.36
2011-02-23T00:00:00Z,93.98
2011-02-22T00:00:00Z,94.97
2011-02-21T00:00:00Z,95.51
2011-02-18T00:00:00Z,96.84
2011-02-17T00:00:00Z,96.99
2011-02-16T00:00:00Z,96.67
2011-02-15T00:00:00Z,96.22
2011-02-14T00:00:00Z,96.06
2011-02-11T00:00:00Z,95.75
2011-02-10T00:00:00Z,95.47
2011-02-09T00:00:00Z,95.62
2011-02-08T00:00:00Z,96.04
2011-02-07T00:00:00Z,96.06
2011-02-04T00:00:00Z,95.16
2011-02-03T00:00:00Z,94.88
2011-02-02T00:00:00Z,94.69
2011-02-01T00:00:00Z,94.36
2011-01-31T00:00:00Z,93
2011-01-28T00:00:00Z,93.08
2011-01-27T00:00:00Z,93.87
2011-01-26T00:00:00Z,93.82
2011-01-25T00:00:00Z,93.13
2011-01-24T00:00:00Z,93.9
2011-01-21T00:00:00Z,93.61
2011-01-20T00:00:00Z,92.93
2011-01-19T00:00:00Z,93.9
2011-01-18T00:00:00Z,95.24
2011-01-17T00:00:00Z,94.41
2011-01-14T00:00:00Z,94.33
2011-01-13T00:00:00Z,94.48
2011-01-12T00:00:00Z,95.03
2011-01-11T00:00:00Z,93.53
2011-01-10T00:00:00Z,92.35
2011-01-07T00:00:00Z,93.2
2011-01-06T00:00:00Z,93.44
2011-01-05T00:00:00Z,93.1
2011-01-04T00:00:00Z,93.07
2011-01-03T00:00:00Z,92.46
2010-12-31T00:00:00Z,91.88
2010-12-30T00:00:00Z,92.27
2010-12-29T00:00:00Z,93.5
2010-12-28T00:00:00Z,93.22
2010-12-27T00:00:00Z,92.98
2010-12-24T00:00:00Z,93.79
2010-12-23T00:00:00Z,93.87
2010-12-22T00:00:00Z,93.82
2010-12-21T00:00:00Z,93.61
2010-12-20T00:00:00Z,92.55
2010-12-17T00:00:00Z,91.89
2010-12-16T00:00:00Z,92.42
2010-12-15T00:00:00Z,92.01
2010-12-14T00:00:00Z,92.37
2010-12-13T00:00:00Z,92.18
2010-12-10T00:00:00Z,91.87
2010-12-09T00:00:00Z,91.83
2010-12-08T00:00:00Z,91.43
2010-12-07T00:00:00Z,91.11
2010-12-06T00:00:00Z,90.28
2010-12-03T00:00:00Z,90.29
2010-12-02T00:00:00Z,90.57
2010-12-01T00:00:00Z,89
2010-11-30T00:00:00Z,87.17
2010-11-29T00:00:00Z,87.24
2010-11-26T00:00:00Z,88.59
2010-11-25T00:00:00Z,89.11
2010-11-24T00:00:00Z,88.59
2010-11-23T00:00:00Z,87.68
2010-11-22T00:00:00Z,89.13
2010-11-19T00:00:00Z,89.74
2010-11-18T00:00:00Z,90.38
2010-11-17T00:00:00Z,89.06
2010-11-16T00:00:00Z,88.64
2010-11-15T00:00:00Z,90.79
2010-11-12T00:00:00Z,90.07
2010-11-11T00:00:00Z,90.53
2010-11-10T00:00:00Z,90.34
2010-11-09T00:00:00Z,91.01
2010-11-08T00:00:00Z,90.47
2010-11-05T00:00:00Z,90.55
2010-11-04T00:00:00Z,90.12
2010-11-03T00:00:00Z,88.53
2010-11-02T00:00:00Z,88.86
2010-11-01T00:00:00Z,88.44
2010-10-29T00:00:00Z,88.31
2010-10-28T00:00:00Z,88.45
2010-10-27T00:00:00Z,88.08
2010-10-26T00:00:00Z,88.71
2010-10-25T00:00:00Z,88.92
2010-10-22T00:00:00Z,88.69
2010-10-21T00:00:00Z,89.09
2010-10-20T00:00:00Z,88.65
2010-10-19T00:00:00Z,88.21
2010-10-18T00:00:00Z,88.73
2010-10-15T00:00:00Z,88.52
2010-10-14T00:00:00Z,88.3
2010-10-13T00:00:00Z,88.45
2010-10-12T00:00:00Z,87.19
2010-10-11T00:00:00Z,87.44
2010-10-08T00:00:00Z,87.2
2010-10-07T00:00:00Z,87.22
2010-10-06T00:00:00Z,87.42
2010-10-05T00:00:00Z,86.85
2010-10-04T00:00:00Z,85.63
2010-10-01T00:00:00Z,86.06
2010-09-30T00:00:00Z,86.27
2010-09-29T00:00:00Z,86.76
2010-09-28T00:00:00Z,87.3
2010-09-27T00:00:00Z,87.44
2010-09-24T00:00:00Z,87.89
2010-09-23T00:00:00Z,86.89
2010-09-22T00:00:00Z,86.92
2010-09-21T00:00:00Z,88.14
2010-09-20T00:00:00Z,88.76
2010-09-17T00:00:00Z,87.6
2010-09-16T00:00:00Z,88.06
2010-09-15T00:00:00Z,88.82
2010-09-14T00:00:00Z,89.23
2010-09-13T00:00:00Z,89.25
2010-09-10T00:00:00Z,88.61
2010-09-09T00:00:00Z,88.78
2010-09-08T00:00:00Z,87.86
2010-09-07T00:00:00Z,87.14
2010-09-03T00:00:00Z,87.34
2010-09-02T00:00:00Z,86.6
2010-09-01T00:00:00Z,86.67
2010-08-31T00:00:00Z,84.4
2010-08-30T00:00:00Z,84.32
2010-08-27T00:00:00Z,84.32
2010-08-26T00:00:00Z,83.86
2010-08-25T00:00:00Z,83.23
2010-08-24T00:00:00Z,83.84
2010-08-23T00:00:00Z,85.19
2010-08-20T00:00:00Z,84.73
2010-08-19T00:00:00Z,85.34
2010-08-18T00:00:00Z,86.64
2010-08-17T00:00:00Z,86.92
2010-08-16T00:00:00Z,86.02
2010-08-13T00:00:00Z,86.04
2010-08-12T00:00:00Z,85.97
2010-08-11T00:00:00Z,85.81
2010-08-10T00:00:00Z,87.55
2010-08-09T00:00:00Z,88.18
2010-08-06T00:00:00Z,86.99
2010-08-05T00:00:00Z,88.01
2010-08-04T00:00:00Z,88.37
