Date,DJS US
2009-09-30T00:00:00Z,87.33
2009-10-01T00:00:00Z,85.27
2009-10-02T00:00:00Z,85.06
2009-10-03T00:00:00Z,85.06
2009-10-04T00:00:00Z,85.06
2009-10-05T00:00:00Z,86.14
2009-10-06T00:00:00Z,87.32
2009-10-07T00:00:00Z,87.65
2009-10-08T00:00:00Z,88.26
2009-10-09T00:00:00Z,88.78
2009-10-10T00:00:00Z,88.78
2009-10-11T00:00:00Z,88.78
2009-10-12T00:00:00Z,89.17
2009-10-13T00:00:00Z,88.84
2009-10-14T00:00:00Z,90.22
2009-10-15T00:00:00Z,90.62
2009-10-16T00:00:00Z,89.79
2009-10-17T00:00:00Z,89.79
2009-10-18T00:00:00Z,89.79
2009-10-19T00:00:00Z,90.45
2009-10-20T00:00:00Z,89.85
2009-10-21T00:00:00Z,89.12
2009-10-22T00:00:00Z,90.07
2009-10-23T00:00:00Z,89.19
2009-10-24T00:00:00Z,89.19
2009-10-25T00:00:00Z,89.19
2009-10-26T00:00:00Z,88.24
2009-10-27T00:00:00Z,88.06
2009-10-28T00:00:00Z,86.55
2009-10-29T00:00:00Z,88.48
2009-10-30T00:00:00Z,86.25
2009-10-31T00:00:00Z,86.25
2009-11-01T00:00:00Z,86.25
2009-11-02T00:00:00Z,86.9
2009-11-03T00:00:00Z,86.77
2009-11-04T00:00:00Z,87.09
2009-11-05T00:00:00Z,88.78
2009-11-06T00:00:00Z,89.12
2009-11-07T00:00:00Z,89.12
2009-11-08T00:00:00Z,89.12
2009-11-09T00:00:00Z,90.87
2009-11-10T00:00:00Z,90.94
2009-11-11T00:00:00Z,91.24
2009-11-12T00:00:00Z,90.34
2009-11-13T00:00:00Z,90.86
2009-11-14T00:00:00Z,90.86
2009-11-15T00:00:00Z,90.86
2009-11-16T00:00:00Z,92.09
2009-11-17T00:00:00Z,92.25
2009-11-18T00:00:00Z,92.08
2009-11-19T00:00:00Z,90.93
2009-11-20T00:00:00Z,90.68
2009-11-21T00:00:00Z,90.68
2009-11-22T00:00:00Z,90.68
2009-11-23T00:00:00Z,91.89
2009-11-24T00:00:00Z,91.88
2009-11-25T00:00:00Z,92.14
2009-11-26T00:00:00Z,92.14
2009-11-27T00:00:00Z,90.73
2009-11-28T00:00:00Z,90.73
2009-11-29T00:00:00Z,90.73
2009-11-30T00:00:00Z,91.03
2009-12-01T00:00:00Z,92.14
2009-12-02T00:00:00Z,92.02
2009-12-03T00:00:00Z,91.36
2009-12-04T00:00:00Z,91.76
2009-12-05T00:00:00Z,91.76
2009-12-06T00:00:00Z,91.76
2009-12-07T00:00:00Z,91.67
2009-12-08T00:00:00Z,90.76
2009-12-09T00:00:00Z,91.1
2009-12-10T00:00:00Z,91.77
2009-12-11T00:00:00Z,92.01
2009-12-12T00:00:00Z,92.01
2009-12-13T00:00:00Z,92.01
2009-12-14T00:00:00Z,92.51
2009-12-15T00:00:00Z,92.06
2009-12-16T00:00:00Z,92.11
2009-12-17T00:00:00Z,90.88
2009-12-18T00:00:00Z,91.35
2009-12-19T00:00:00Z,91.35
2009-12-20T00:00:00Z,91.35
2009-12-21T00:00:00Z,92.14
2009-12-22T00:00:00Z,92.37
2009-12-23T00:00:00Z,92.48
2009-12-24T00:00:00Z,92.83
2009-12-25T00:00:00Z,92.83
2009-12-26T00:00:00Z,92.83
2009-12-27T00:00:00Z,92.83
2009-12-28T00:00:00Z,93.03
2009-12-29T00:00:00Z,93.04
2009-12-30T00:00:00Z,93.03
2009-12-31T00:00:00Z,92.07
2010-01-01T00:00:00Z,92.07
2010-01-02T00:00:00Z,92.07
2010-01-03T00:00:00Z,92.07
2010-01-04T00:00:00Z,93.48
2010-01-05T00:00:00Z,93.67
2010-01-06T00:00:00Z,93.72
2010-01-07T00:00:00Z,94.06
2010-01-08T00:00:00Z,94.31
2010-01-09T00:00:00Z,94.31
2010-01-10T00:00:00Z,94.31
2010-01-11T00:00:00Z,94.53
2010-01-12T00:00:00Z,93.87
2010-01-13T00:00:00Z,94.56
2010-01-14T00:00:00Z,94.94
2010-01-15T00:00:00Z,93.93
2010-01-16T00:00:00Z,93.93
2010-01-17T00:00:00Z,93.93
2010-01-18T00:00:00Z,93.93
2010-01-19T00:00:00Z,95.05
2010-01-20T00:00:00Z,94.08
2010-01-21T00:00:00Z,92.11
2010-01-22T00:00:00Z,90.15
2010-01-23T00:00:00Z,90.15
2010-01-24T00:00:00Z,90.15
2010-01-25T00:00:00Z,90.64
2010-01-26T00:00:00Z,90.29
2010-01-27T00:00:00Z,90.59
2010-01-28T00:00:00Z,89.71
2010-01-29T00:00:00Z,88.86
2010-01-30T00:00:00Z,88.86
2010-01-31T00:00:00Z,88.86
2010-02-01T00:00:00Z,90
2010-02-02T00:00:00Z,91.23
2010-02-03T00:00:00Z,90.83
2010-02-04T00:00:00Z,88.13
2010-02-05T00:00:00Z,88.22
2010-02-06T00:00:00Z,88.22
2010-02-07T00:00:00Z,88.22
2010-02-08T00:00:00Z,87.48
2010-02-09T00:00:00Z,88.67
2010-02-10T00:00:00Z,88.57
2010-02-11T00:00:00Z,89.37
2010-02-12T00:00:00Z,89.06
2010-02-13T00:00:00Z,89.06
2010-02-14T00:00:00Z,89.06
2010-02-15T00:00:00Z,89.06
2010-02-16T00:00:00Z,90.63
2010-02-17T00:00:00Z,90.99
2010-02-18T00:00:00Z,91.62
2010-02-19T00:00:00Z,91.62
2010-02-20T00:00:00Z,91.62
2010-02-21T00:00:00Z,91.62
2010-02-22T00:00:00Z,91.45
2010-02-23T00:00:00Z,90.46
2010-02-24T00:00:00Z,91.35
2010-02-25T00:00:00Z,90.99
2010-02-26T00:00:00Z,91.17
2010-02-27T00:00:00Z,91.17
2010-02-28T00:00:00Z,91.17
2010-03-01T00:00:00Z,92.01
2010-03-02T00:00:00Z,92.13
2010-03-03T00:00:00Z,92.12
2010-03-04T00:00:00Z,92.48
2010-03-05T00:00:00Z,93.52
2010-03-06T00:00:00Z,93.52
2010-03-07T00:00:00Z,93.52
2010-03-08T00:00:00Z,93.53
2010-03-09T00:00:00Z,93.7
2010-03-10T00:00:00Z,93.91
2010-03-11T00:00:00Z,94.3
2010-03-12T00:00:00Z,94.38
2010-03-13T00:00:00Z,94.38
2010-03-14T00:00:00Z,94.38
2010-03-15T00:00:00Z,94.61
2010-03-16T00:00:00Z,95.42
2010-03-17T00:00:00Z,95.93
2010-03-18T00:00:00Z,96.06
2010-03-19T00:00:00Z,95.69
2010-03-20T00:00:00Z,95.69
2010-03-21T00:00:00Z,95.69
2010-03-22T00:00:00Z,96.08
2010-03-23T00:00:00Z,96.91
2010-03-24T00:00:00Z,96.24
2010-03-25T00:00:00Z,96.15
2010-03-26T00:00:00Z,96.18
2010-03-27T00:00:00Z,96.18
2010-03-28T00:00:00Z,96.18
2010-03-29T00:00:00Z,96.52
2010-03-30T00:00:00Z,96.52
2010-03-31T00:00:00Z,96.04
2010-04-01T00:00:00Z,96.74
2010-04-02T00:00:00Z,96.74
2010-04-03T00:00:00Z,96.74
2010-04-04T00:00:00Z,96.74
2010-04-05T00:00:00Z,97.33
2010-04-06T00:00:00Z,97.38
2010-04-07T00:00:00Z,96.86
2010-04-08T00:00:00Z,97.19
2010-04-09T00:00:00Z,97.84
2010-04-10T00:00:00Z,97.84
2010-04-11T00:00:00Z,97.84
2010-04-12T00:00:00Z,97.97
2010-04-13T00:00:00Z,98.01
2010-04-14T00:00:00Z,99.16
2010-04-15T00:00:00Z,99.37
2010-04-16T00:00:00Z,97.9
2010-04-17T00:00:00Z,97.9
2010-04-18T00:00:00Z,97.9
2010-04-19T00:00:00Z,98.51
2010-04-20T00:00:00Z,99.04
2010-04-21T00:00:00Z,98.84
2010-04-22T00:00:00Z,98.65
2010-04-23T00:00:00Z,99.24
2010-04-24T00:00:00Z,99.24
2010-04-25T00:00:00Z,99.24
2010-04-26T00:00:00Z,98.93
2010-04-27T00:00:00Z,96.84
2010-04-28T00:00:00Z,97.56
2010-04-29T00:00:00Z,98.73
2010-04-30T00:00:00Z,97.14
2010-05-01T00:00:00Z,97.14
2010-05-02T00:00:00Z,97.14
2010-05-03T00:00:00Z,98.36
2010-05-04T00:00:00Z,96.15
2010-05-05T00:00:00Z,95.51
2010-05-06T00:00:00Z,92.55
2010-05-07T00:00:00Z,91.32
2010-05-08T00:00:00Z,91.32
2010-05-09T00:00:00Z,91.32
2010-05-10T00:00:00Z,94.96
2010-05-11T00:00:00Z,94.62
2010-05-12T00:00:00Z,95.93
2010-05-13T00:00:00Z,94.64
2010-05-14T00:00:00Z,93.1
2010-05-15T00:00:00Z,93.1
2010-05-16T00:00:00Z,93.1
2010-05-17T00:00:00Z,93.08
2010-05-18T00:00:00Z,91.92
2010-05-19T00:00:00Z,91.52
2010-05-20T00:00:00Z,88.17
2010-05-21T00:00:00Z,89.23
2010-05-22T00:00:00Z,89.23
2010-05-23T00:00:00Z,89.23
2010-05-24T00:00:00Z,88.07
2010-05-25T00:00:00Z,88.03
2010-05-26T00:00:00Z,87.37
2010-05-27T00:00:00Z,89.96
2010-05-28T00:00:00Z,88.91
2010-05-29T00:00:00Z,88.91
2010-05-30T00:00:00Z,88.91
2010-05-31T00:00:00Z,88.91
2010-06-01T00:00:00Z,87.59
2010-06-02T00:00:00Z,89.63
2010-06-03T00:00:00Z,89.93
2010-06-04T00:00:00Z,87.02
2010-06-05T00:00:00Z,87.02
2010-06-06T00:00:00Z,87.02
2010-06-07T00:00:00Z,86.04
2010-06-08T00:00:00Z,86.89
2010-06-09T00:00:00Z,86.5
2010-06-10T00:00:00Z,88.65
2010-06-11T00:00:00Z,88.97
2010-06-12T00:00:00Z,88.97
2010-06-13T00:00:00Z,88.97
2010-06-14T00:00:00Z,88.81
2010-06-15T00:00:00Z,90.81
2010-06-16T00:00:00Z,90.78
2010-06-17T00:00:00Z,90.93
2010-06-18T00:00:00Z,91.09
2010-06-19T00:00:00Z,91.09
2010-06-20T00:00:00Z,91.09
2010-06-21T00:00:00Z,90.75
2010-06-22T00:00:00Z,89.37
2010-06-23T00:00:00Z,89.09
2010-06-24T00:00:00Z,87.76
2010-06-25T00:00:00Z,87.69
2010-06-26T00:00:00Z,87.69
2010-06-27T00:00:00Z,87.69
2010-06-28T00:00:00Z,87.69
2010-06-29T00:00:00Z,85.31
2010-06-30T00:00:00Z,84.53
2010-07-01T00:00:00Z,84.27
2010-07-02T00:00:00Z,84.01
2010-07-03T00:00:00Z,84.01
2010-07-04T00:00:00Z,84.01
2010-07-05T00:00:00Z,84.01
2010-07-06T00:00:00Z,84.5
2010-07-07T00:00:00Z,87.08
2010-07-08T00:00:00Z,87.95
2010-07-09T00:00:00Z,88.41
2010-07-10T00:00:00Z,88.41
2010-07-11T00:00:00Z,88.41
2010-07-12T00:00:00Z,88.59
2010-07-13T00:00:00Z,89.95
2010-07-14T00:00:00Z,90.1
2010-07-15T00:00:00Z,90.26
2010-07-16T00:00:00Z,87.97
2010-07-17T00:00:00Z,87.97
2010-07-18T00:00:00Z,87.97
2010-07-19T00:00:00Z,88.53
2010-07-20T00:00:00Z,89.38
2010-07-21T00:00:00Z,88.23
2010-07-22T00:00:00Z,89.89
2010-07-23T00:00:00Z,90.51
2010-07-24T00:00:00Z,90.51
2010-07-25T00:00:00Z,90.51
2010-07-26T00:00:00Z,91.44
2010-07-27T00:00:00Z,91.49
2010-07-28T00:00:00Z,90.95
2010-07-29T00:00:00Z,90.64
2010-07-30T00:00:00Z,90.54
2010-07-31T00:00:00Z,90.54
2010-08-01T00:00:00Z,90.54
2010-08-02T00:00:00Z,92.49
2010-08-03T00:00:00Z,91.93
2010-08-04T00:00:00Z,92.34
2010-08-05T00:00:00Z,92.28
2010-08-06T00:00:00Z,92.08
2010-08-07T00:00:00Z,92.08
2010-08-08T00:00:00Z,92.08
2010-08-09T00:00:00Z,92.4
2010-08-10T00:00:00Z,91.82
2010-08-11T00:00:00Z,89.57
2010-08-12T00:00:00Z,89.03
2010-08-13T00:00:00Z,88.69
2010-08-14T00:00:00Z,88.69
2010-08-15T00:00:00Z,88.69
2010-08-16T00:00:00Z,88.82
2010-08-17T00:00:00Z,89.71
2010-08-18T00:00:00Z,89.88
2010-08-19T00:00:00Z,88.49
2010-08-20T00:00:00Z,88.06
2010-08-21T00:00:00Z,88.06
2010-08-22T00:00:00Z,88.06
2010-08-23T00:00:00Z,87.75
2010-08-24T00:00:00Z,86.47
2010-08-25T00:00:00Z,86.64
2010-08-26T00:00:00Z,85.94
2010-08-27T00:00:00Z,87.19
2010-08-28T00:00:00Z,87.19
2010-08-29T00:00:00Z,87.19
2010-08-30T00:00:00Z,86.01
2010-08-31T00:00:00Z,85.98
2010-09-01T00:00:00Z,88.12
2010-09-02T00:00:00Z,88.72
2010-09-03T00:00:00Z,89.86
2010-09-04T00:00:00Z,89.86
2010-09-05T00:00:00Z,89.86
2010-09-06T00:00:00Z,89.86
2010-09-07T00:00:00Z,88.9
2010-09-08T00:00:00Z,89.26
2010-09-09T00:00:00Z,89.75
2010-09-10T00:00:00Z,90.11
2010-09-11T00:00:00Z,90.11
2010-09-12T00:00:00Z,90.11
2010-09-13T00:00:00Z,91.07
2010-09-14T00:00:00Z,91.05
2010-09-15T00:00:00Z,91.37
2010-09-16T00:00:00Z,91.5
2010-09-17T00:00:00Z,91.38
2010-09-18T00:00:00Z,91.38
2010-09-19T00:00:00Z,91.38
2010-09-20T00:00:00Z,92.46
2010-09-21T00:00:00Z,92.39
2010-09-22T00:00:00Z,92.12
2010-09-23T00:00:00Z,91.41
2010-09-24T00:00:00Z,93.12
2010-09-25T00:00:00Z,93.12
2010-09-26T00:00:00Z,93.12
2010-09-27T00:00:00Z,92.76
2010-09-28T00:00:00Z,93.22
2010-09-29T00:00:00Z,93.07
2010-09-30T00:00:00Z,92.75
2010-10-01T00:00:00Z,93.26
2010-10-02T00:00:00Z,93.26
2010-10-03T00:00:00Z,93.26
2010-10-04T00:00:00Z,92.56
2010-10-05T00:00:00Z,94.35
2010-10-06T00:00:00Z,94.42
2010-10-07T00:00:00Z,94.26
2010-10-08T00:00:00Z,94.79
2010-10-09T00:00:00Z,94.79
2010-10-10T00:00:00Z,94.79
2010-10-11T00:00:00Z,94.81
2010-10-12T00:00:00Z,95.07
2010-10-13T00:00:00Z,95.77
2010-10-14T00:00:00Z,95.64
2010-10-15T00:00:00Z,95.51
2010-10-16T00:00:00Z,95.51
2010-10-17T00:00:00Z,95.51
2010-10-18T00:00:00Z,96.04
2010-10-19T00:00:00Z,94.56
2010-10-20T00:00:00Z,95.56
2010-10-21T00:00:00Z,95.69
2010-10-22T00:00:00Z,95.91
2010-10-23T00:00:00Z,95.91
2010-10-24T00:00:00Z,95.91
2010-10-25T00:00:00Z,96.25
2010-10-26T00:00:00Z,96.35
2010-10-27T00:00:00Z,95.99
2010-10-28T00:00:00Z,96.06
2010-10-29T00:00:00Z,95.95
2010-10-30T00:00:00Z,95.95
2010-10-31T00:00:00Z,95.95
2010-11-01T00:00:00Z,96.05
2010-11-02T00:00:00Z,96.74
2010-11-03T00:00:00Z,97.11
2010-11-04T00:00:00Z,98.88
2010-11-05T00:00:00Z,99.08
2010-11-06T00:00:00Z,99.08
2010-11-07T00:00:00Z,99.08
2010-11-08T00:00:00Z,98.92
2010-11-09T00:00:00Z,98.3
2010-11-10T00:00:00Z,98.6
2010-11-11T00:00:00Z,97.8
2010-11-12T00:00:00Z,96.91
2010-11-13T00:00:00Z,96.91
2010-11-14T00:00:00Z,96.91
2010-11-15T00:00:00Z,96.92
2010-11-16T00:00:00Z,95.32
2010-11-17T00:00:00Z,95.37
2010-11-18T00:00:00Z,96.67
2010-11-19T00:00:00Z,96.91
2010-11-20T00:00:00Z,96.91
2010-11-21T00:00:00Z,96.91
2010-11-22T00:00:00Z,96.75
2010-11-23T00:00:00Z,95.43
2010-11-24T00:00:00Z,96.59
2010-11-25T00:00:00Z,96.59
2010-11-26T00:00:00Z,95.87
2010-11-27T00:00:00Z,95.87
2010-11-28T00:00:00Z,95.87
2010-11-29T00:00:00Z,95.67
2010-11-30T00:00:00Z,95.28
2010-12-01T00:00:00Z,97.35
2010-12-02T00:00:00Z,98.45
2010-12-03T00:00:00Z,98.68
2010-12-04T00:00:00Z,98.68
2010-12-05T00:00:00Z,98.68
2010-12-06T00:00:00Z,98.45
2010-12-07T00:00:00Z,98.61
2010-12-08T00:00:00Z,98.78
2010-12-09T00:00:00Z,99.05
2010-12-10T00:00:00Z,99.61
2010-12-11T00:00:00Z,99.61
2010-12-12T00:00:00Z,99.61
2010-12-13T00:00:00Z,99.68
2010-12-14T00:00:00Z,100.02
2010-12-15T00:00:00Z,99.61
2010-12-16T00:00:00Z,100.36
2010-12-17T00:00:00Z,100.45
2010-12-18T00:00:00Z,100.45
2010-12-19T00:00:00Z,100.45
2010-12-20T00:00:00Z,100.52
2010-12-21T00:00:00Z,100.83
2010-12-22T00:00:00Z,101.12
2010-12-23T00:00:00Z,101.15
2010-12-24T00:00:00Z,101.15
2010-12-25T00:00:00Z,101.15
2010-12-26T00:00:00Z,101.15
2010-12-27T00:00:00Z,101.07
2010-12-28T00:00:00Z,101.26
2010-12-29T00:00:00Z,101.35
2010-12-30T00:00:00Z,101.22
2010-12-31T00:00:00Z,101.28
2011-01-01T00:00:00Z,101.28
2011-01-02T00:00:00Z,101.28
2011-01-03T00:00:00Z,102.08
2011-01-04T00:00:00Z,102.14
2011-01-05T00:00:00Z,102.49
2011-01-06T00:00:00Z,102.17
2011-01-07T00:00:00Z,101.95
2011-01-08T00:00:00Z,101.95
2011-01-09T00:00:00Z,101.95
2011-01-10T00:00:00Z,101.63
2011-01-11T00:00:00Z,101.94
2011-01-12T00:00:00Z,102.78
2011-01-13T00:00:00Z,102.44
2011-01-14T00:00:00Z,102.92
2011-01-15T00:00:00Z,102.92
2011-01-16T00:00:00Z,102.92
2011-01-17T00:00:00Z,102.92
2011-01-18T00:00:00Z,102.85
2011-01-19T00:00:00Z,102.31
2011-01-20T00:00:00Z,102.29
2011-01-21T00:00:00Z,102.7
2011-01-22T00:00:00Z,102.7
2011-01-23T00:00:00Z,102.7
2011-01-24T00:00:00Z,103.43
2011-01-25T00:00:00Z,103.36
2011-01-26T00:00:00Z,103.73
2011-01-27T00:00:00Z,103.63
2011-01-28T00:00:00Z,101.93
2011-01-29T00:00:00Z,101.93
2011-01-30T00:00:00Z,101.93
2011-01-31T00:00:00Z,102.46
2011-02-01T00:00:00Z,103.84
2011-02-02T00:00:00Z,103.67
2011-02-03T00:00:00Z,103.93
2011-02-04T00:00:00Z,104.1
2011-02-05T00:00:00Z,104.1
2011-02-06T00:00:00Z,104.1
2011-02-07T00:00:00Z,104.66
2011-02-08T00:00:00Z,105.06
2011-02-09T00:00:00Z,104.82
2011-02-10T00:00:00Z,104.47
2011-02-11T00:00:00Z,104.81
2011-02-12T00:00:00Z,104.81
2011-02-13T00:00:00Z,104.81
2011-02-14T00:00:00Z,104.88
2011-02-15T00:00:00Z,104.64
2011-02-16T00:00:00Z,105.22
2011-02-17T00:00:00Z,105.73
2011-02-18T00:00:00Z,105.98
2011-02-19T00:00:00Z,105.98
2011-02-20T00:00:00Z,105.98
2011-02-21T00:00:00Z,105.98
2011-02-22T00:00:00Z,104.31
2011-02-23T00:00:00Z,103.46
2011-02-24T00:00:00Z,103.2
2011-02-25T00:00:00Z,104.02
2011-02-26T00:00:00Z,104.02
2011-02-27T00:00:00Z,104.02
2011-02-28T00:00:00Z,104.72
2011-03-01T00:00:00Z,103.32
2011-03-02T00:00:00Z,103.45
2011-03-03T00:00:00Z,104.83
2011-03-04T00:00:00Z,103.99
2011-03-05T00:00:00Z,103.99
2011-03-06T00:00:00Z,103.99
2011-03-07T00:00:00Z,103.2
2011-03-08T00:00:00Z,104
2011-03-09T00:00:00Z,104.05
2011-03-10T00:00:00Z,102.26
2011-03-11T00:00:00Z,102.79
2011-03-12T00:00:00Z,102.79
2011-03-13T00:00:00Z,102.79
2011-03-14T00:00:00Z,102.05
2011-03-15T00:00:00Z,100.84
2011-03-16T00:00:00Z,98.86
2011-03-17T00:00:00Z,100.18
2011-03-18T00:00:00Z,100.6
2011-03-19T00:00:00Z,100.6
2011-03-20T00:00:00Z,100.6
2011-03-21T00:00:00Z,102.1
2011-03-22T00:00:00Z,101.73
2011-03-23T00:00:00Z,102.25
2011-03-24T00:00:00Z,103.05
2011-03-25T00:00:00Z,103.2
2011-03-26T00:00:00Z,103.2
2011-03-27T00:00:00Z,103.2
2011-03-28T00:00:00Z,103.18
2011-03-29T00:00:00Z,103.96
2011-03-30T00:00:00Z,104.71
2011-03-31T00:00:00Z,104.46
2011-04-01T00:00:00Z,104.95
2011-04-02T00:00:00Z,104.95
2011-04-03T00:00:00Z,104.95
2011-04-04T00:00:00Z,105.08
2011-04-05T00:00:00Z,105.2
2011-04-06T00:00:00Z,105.57
2011-04-07T00:00:00Z,105.39
2011-04-08T00:00:00Z,105.03
2011-04-09T00:00:00Z,105.03
2011-04-10T00:00:00Z,105.03
2011-04-11T00:00:00Z,104.76
2011-04-12T00:00:00Z,103.97
2011-04-13T00:00:00Z,103.92
2011-04-14T00:00:00Z,104.1
2011-04-15T00:00:00Z,104.7
2011-04-16T00:00:00Z,104.7
2011-04-17T00:00:00Z,104.7
2011-04-18T00:00:00Z,103.62
2011-04-19T00:00:00Z,104.26
2011-04-20T00:00:00Z,105.8
2011-04-21T00:00:00Z,106.33
2011-04-22T00:00:00Z,106.33
2011-04-23T00:00:00Z,106.33
2011-04-24T00:00:00Z,106.33
2011-04-25T00:00:00Z,106.09
2011-04-26T00:00:00Z,107.26
2011-04-27T00:00:00Z,107.88
2011-04-28T00:00:00Z,108.25
2011-04-29T00:00:00Z,108.27
2011-04-30T00:00:00Z,108.27
2011-05-01T00:00:00Z,108.27
2011-05-02T00:00:00Z,108.03
2011-05-03T00:00:00Z,107.92
2011-05-04T00:00:00Z,107.36
2011-05-05T00:00:00Z,106.36
2011-05-06T00:00:00Z,106.73
2011-05-07T00:00:00Z,106.73
2011-05-08T00:00:00Z,106.73
2011-05-09T00:00:00Z,107.02
2011-05-10T00:00:00Z,107.81
2011-05-11T00:00:00Z,106.79
2011-05-12T00:00:00Z,107.39
2011-05-13T00:00:00Z,106.58
2011-05-14T00:00:00Z,106.58
2011-05-15T00:00:00Z,106.58
2011-05-16T00:00:00Z,106.01
2011-05-17T00:00:00Z,105.7
2011-05-18T00:00:00Z,106.5
2011-05-19T00:00:00Z,106.69
2011-05-20T00:00:00Z,105.95
2011-05-21T00:00:00Z,105.95
2011-05-22T00:00:00Z,105.95
2011-05-23T00:00:00Z,104.73
2011-05-24T00:00:00Z,104.66
2011-05-25T00:00:00Z,104.78
2011-05-26T00:00:00Z,104.96
2011-05-27T00:00:00Z,105.26
2011-05-28T00:00:00Z,105.26
2011-05-29T00:00:00Z,105.26
2011-05-30T00:00:00Z,105.26
2011-05-31T00:00:00Z,106.29
2011-06-01T00:00:00Z,104.12
2011-06-02T00:00:00Z,103.88
2011-06-03T00:00:00Z,102.95
2011-06-04T00:00:00Z,102.95
2011-06-05T00:00:00Z,102.95
2011-06-06T00:00:00Z,102.17
2011-06-07T00:00:00Z,102.03
2011-06-08T00:00:00Z,101.76
2011-06-09T00:00:00Z,102.54
2011-06-10T00:00:00Z,101.22
2011-06-11T00:00:00Z,101.22
2011-06-12T00:00:00Z,101.22
2011-06-13T00:00:00Z,101.39
2011-06-14T00:00:00Z,102.47
2011-06-15T00:00:00Z,100.9
2011-06-16T00:00:00Z,101.2
2011-06-17T00:00:00Z,101.62
2011-06-18T00:00:00Z,101.62
2011-06-19T00:00:00Z,101.62
2011-06-20T00:00:00Z,102.24
2011-06-21T00:00:00Z,103.35
2011-06-22T00:00:00Z,102.83
2011-06-23T00:00:00Z,102.4
2011-06-24T00:00:00Z,101.33
2011-06-25T00:00:00Z,101.33
2011-06-26T00:00:00Z,101.33
2011-06-27T00:00:00Z,102.22
2011-06-28T00:00:00Z,103.5
2011-06-29T00:00:00Z,104.16
2011-06-30T00:00:00Z,105.33
2011-07-01T00:00:00Z,106.77
2011-07-02T00:00:00Z,106.77
2011-07-03T00:00:00Z,106.77
2011-07-04T00:00:00Z,106.77
2011-07-05T00:00:00Z,106.58
2011-07-06T00:00:00Z,106.8
2011-07-07T00:00:00Z,107.81
2011-07-08T00:00:00Z,107.15
2011-07-09T00:00:00Z,107.15
2011-07-10T00:00:00Z,107.15
2011-07-11T00:00:00Z,105.46
2011-07-12T00:00:00Z,104.96
2011-07-13T00:00:00Z,105.29
2011-07-14T00:00:00Z,104.88
2011-07-15T00:00:00Z,105.15
2011-07-16T00:00:00Z,105.15
2011-07-17T00:00:00Z,105.15
2011-07-18T00:00:00Z,104.32
2011-07-19T00:00:00Z,105.94
2011-07-20T00:00:00Z,105.67
2011-07-21T00:00:00Z,106.88
2011-07-22T00:00:00Z,106.85
2011-07-23T00:00:00Z,106.85
2011-07-24T00:00:00Z,106.85
2011-07-25T00:00:00Z,106.26
2011-07-26T00:00:00Z,105.72
2011-07-27T00:00:00Z,103.79
2011-07-28T00:00:00Z,103.5
2011-07-29T00:00:00Z,102.73
2011-07-30T00:00:00Z,102.73
2011-07-31T00:00:00Z,102.73
2011-08-01T00:00:00Z,102.46
2011-08-02T00:00:00Z,100.24
2011-08-03T00:00:00Z,100.68
2011-08-04T00:00:00Z,96.29
2011-08-05T00:00:00Z,96.63
2011-08-06T00:00:00Z,96.63
2011-08-07T00:00:00Z,96.63
2011-08-08T00:00:00Z,91.01
2011-08-09T00:00:00Z,94.42
2011-08-10T00:00:00Z,90.45
2011-08-11T00:00:00Z,94.37
2011-08-12T00:00:00Z,94.94
2011-08-13T00:00:00Z,94.94
2011-08-14T00:00:00Z,94.94
2011-08-15T00:00:00Z,96.99
2011-08-16T00:00:00Z,96.22
2011-08-17T00:00:00Z,96.25
2011-08-18T00:00:00Z,92.42
2011-08-19T00:00:00Z,90.98
2011-08-20T00:00:00Z,90.98
2011-08-21T00:00:00Z,90.98
2011-08-22T00:00:00Z,91.2
2011-08-23T00:00:00Z,93.85
2011-08-24T00:00:00Z,94.97
2011-08-25T00:00:00Z,93.53
2011-08-26T00:00:00Z,94.6
2011-08-27T00:00:00Z,94.6
2011-08-28T00:00:00Z,94.6
2011-08-29T00:00:00Z,96.96
2011-08-30T00:00:00Z,97.24
2011-08-31T00:00:00Z,97.62
2011-09-01T00:00:00Z,96.67
2011-09-02T00:00:00Z,94.57
2011-09-03T00:00:00Z,94.57
2011-09-04T00:00:00Z,94.57
2011-09-05T00:00:00Z,94.57
2011-09-06T00:00:00Z,93.75
2011-09-07T00:00:00Z,95.99
2011-09-08T00:00:00Z,95.19
2011-09-09T00:00:00Z,92.73
2011-09-10T00:00:00Z,92.73
2011-09-11T00:00:00Z,92.73
2011-09-12T00:00:00Z,93.22
2011-09-13T00:00:00Z,93.98
2011-09-14T00:00:00Z,95.24
2011-09-15T00:00:00Z,96.91
2011-09-16T00:00:00Z,97.56
2011-09-17T00:00:00Z,97.56
2011-09-18T00:00:00Z,97.56
2011-09-19T00:00:00Z,96.45
2011-09-20T00:00:00Z,96.35
2011-09-21T00:00:00Z,93.68
2011-09-22T00:00:00Z,90.74
2011-09-23T00:00:00Z,91.37
2011-09-24T00:00:00Z,91.37
2011-09-25T00:00:00Z,91.37
2011-09-26T00:00:00Z,93.45
2011-09-27T00:00:00Z,94.75
2011-09-28T00:00:00Z,93.02
2011-09-29T00:00:00Z,94.1
2011-09-30T00:00:00Z,91.98
2011-10-01T00:00:00Z,91.98
2011-10-02T00:00:00Z,91.98
2011-10-03T00:00:00Z,89.41
2011-10-04T00:00:00Z,91.16
2011-10-05T00:00:00Z,92.64
2011-10-06T00:00:00Z,94.21
2011-10-07T00:00:00Z,93.79
2011-10-08T00:00:00Z,93.79
2011-10-09T00:00:00Z,93.79
2011-10-10T00:00:00Z,96.63
2011-10-11T00:00:00Z,96.48
2011-10-12T00:00:00Z,97.35
2011-10-13T00:00:00Z,97.09
2011-10-14T00:00:00Z,98.65
2011-10-15T00:00:00Z,98.65
2011-10-16T00:00:00Z,98.65
2011-10-17T00:00:00Z,96.85
2011-10-18T00:00:00Z,98.59
2011-10-19T00:00:00Z,97.77
2011-10-20T00:00:00Z,98
2011-10-21T00:00:00Z,99.7
2011-10-22T00:00:00Z,99.7
2011-10-23T00:00:00Z,99.7
2011-10-24T00:00:00Z,100.71
2011-10-25T00:00:00Z,99.01
2011-10-26T00:00:00Z,100.06
2011-10-27T00:00:00Z,103.42
2011-10-28T00:00:00Z,103.57
2011-10-29T00:00:00Z,103.57
2011-10-30T00:00:00Z,103.57
2011-10-31T00:00:00Z,101.18
2011-11-01T00:00:00Z,98.23
2011-11-02T00:00:00Z,99.56
2011-11-03T00:00:00Z,101.26
2011-11-04T00:00:00Z,100.62
2011-11-05T00:00:00Z,100.62
2011-11-06T00:00:00Z,100.62
2011-11-07T00:00:00Z,101.28
2011-11-08T00:00:00Z,102.35
2011-11-09T00:00:00Z,98.76
2011-11-10T00:00:00Z,99.89
2011-11-11T00:00:00Z,101.93
2011-11-12T00:00:00Z,101.93
2011-11-13T00:00:00Z,101.93
2011-11-14T00:00:00Z,100.97
2011-11-15T00:00:00Z,101.33
2011-11-16T00:00:00Z,99.67
2011-11-17T00:00:00Z,98.1
2011-11-18T00:00:00Z,97.98
2011-11-19T00:00:00Z,97.98
2011-11-20T00:00:00Z,97.98
2011-11-21T00:00:00Z,96.13
2011-11-22T00:00:00Z,95.66
2011-11-23T00:00:00Z,93.67
2011-11-24T00:00:00Z,93.67
2011-11-25T00:00:00Z,93.39
2011-11-26T00:00:00Z,93.39
2011-11-27T00:00:00Z,93.39
2011-11-28T00:00:00Z,95.91
2011-11-29T00:00:00Z,96.26
2011-11-30T00:00:00Z,100.58
2011-12-01T00:00:00Z,100.29
2011-12-02T00:00:00Z,100.33
2011-12-03T00:00:00Z,100.33
2011-12-04T00:00:00Z,100.33
2011-12-05T00:00:00Z,101.36
2011-12-06T00:00:00Z,101.65
2011-12-07T00:00:00Z,101.98
2011-12-08T00:00:00Z,99.77
2011-12-09T00:00:00Z,101.46
2011-12-10T00:00:00Z,101.46
2011-12-11T00:00:00Z,101.46
2011-12-12T00:00:00Z,99.87
2011-12-13T00:00:00Z,99.08
2011-12-14T00:00:00Z,97.93
2011-12-15T00:00:00Z,98.35
2011-12-16T00:00:00Z,98.4
2011-12-17T00:00:00Z,98.4
2011-12-18T00:00:00Z,98.4
2011-12-19T00:00:00Z,97.28
2011-12-20T00:00:00Z,99.92
2011-12-21T00:00:00Z,100.12
2011-12-22T00:00:00Z,100.96
2011-12-23T00:00:00Z,101.98
2011-12-24T00:00:00Z,101.98
2011-12-25T00:00:00Z,101.98
2011-12-26T00:00:00Z,101.98
2011-12-27T00:00:00Z,101.91
2011-12-28T00:00:00Z,100.68
2011-12-29T00:00:00Z,101.74
2011-12-30T00:00:00Z,101.27
2011-12-31T00:00:00Z,101.27
2012-01-01T00:00:00Z,101.27
2012-01-02T00:00:00Z,101.27
2012-01-03T00:00:00Z,102.71
2012-01-04T00:00:00Z,102.83
2012-01-05T00:00:00Z,102.81
2012-01-06T00:00:00Z,102.44
2012-01-07T00:00:00Z,102.44
2012-01-08T00:00:00Z,102.44
2012-01-09T00:00:00Z,102.82
2012-01-10T00:00:00Z,103.53
2012-01-11T00:00:00Z,103.67
2012-01-12T00:00:00Z,103.84
2012-01-13T00:00:00Z,103.16
2012-01-14T00:00:00Z,103.16
2012-01-15T00:00:00Z,103.16
2012-01-16T00:00:00Z,103.16
2012-01-17T00:00:00Z,103.39
2012-01-18T00:00:00Z,104.46
2012-01-19T00:00:00Z,105.02
2012-01-20T00:00:00Z,105.45
2012-01-21T00:00:00Z,105.45
2012-01-22T00:00:00Z,105.45
2012-01-23T00:00:00Z,105.28
2012-01-24T00:00:00Z,105.23
2012-01-25T00:00:00Z,105.84
2012-01-26T00:00:00Z,105.48
2012-01-27T00:00:00Z,105.16
2012-01-28T00:00:00Z,105.16
2012-01-29T00:00:00Z,105.16
2012-01-30T00:00:00Z,104.86
2012-01-31T00:00:00Z,104.77
2012-02-01T00:00:00Z,105.62
2012-02-02T00:00:00Z,105.71
2012-02-03T00:00:00Z,107.03
2012-02-04T00:00:00Z,107.03
2012-02-05T00:00:00Z,107.03
2012-02-06T00:00:00Z,107.06
2012-02-07T00:00:00Z,107.23
2012-02-08T00:00:00Z,107.44
2012-02-09T00:00:00Z,107.25
2012-02-10T00:00:00Z,106.44
2012-02-11T00:00:00Z,106.44
2012-02-12T00:00:00Z,106.44
2012-02-13T00:00:00Z,106.98
2012-02-14T00:00:00Z,106.81
2012-02-15T00:00:00Z,106.28
2012-02-16T00:00:00Z,107.33
2012-02-17T00:00:00Z,107.59
2012-02-18T00:00:00Z,107.59
2012-02-19T00:00:00Z,107.59
2012-02-20T00:00:00Z,107.59
2012-02-21T00:00:00Z,107.7
2012-02-22T00:00:00Z,107.34
2012-02-23T00:00:00Z,107.76
2012-02-24T00:00:00Z,107.78
2012-02-25T00:00:00Z,107.78
2012-02-26T00:00:00Z,107.78
2012-02-27T00:00:00Z,107.84
2012-02-28T00:00:00Z,108.23
2012-02-29T00:00:00Z,107.55
2012-03-01T00:00:00Z,108.03
2012-03-02T00:00:00Z,107.85
2012-03-03T00:00:00Z,107.85
2012-03-04T00:00:00Z,107.85
2012-03-05T00:00:00Z,107.49
2012-03-06T00:00:00Z,105.88
2012-03-07T00:00:00Z,106.52
2012-03-08T00:00:00Z,107.51
2012-03-09T00:00:00Z,107.8
2012-03-10T00:00:00Z,107.8
2012-03-11T00:00:00Z,107.8
2012-03-12T00:00:00Z,107.93
2012-03-13T00:00:00Z,109.56
2012-03-14T00:00:00Z,109.15
2012-03-15T00:00:00Z,109.82
2012-03-16T00:00:00Z,109.85
2012-03-17T00:00:00Z,109.85
2012-03-18T00:00:00Z,109.85
2012-03-19T00:00:00Z,110.17
2012-03-20T00:00:00Z,109.79
2012-03-21T00:00:00Z,109.51
2012-03-22T00:00:00Z,108.71
2012-03-23T00:00:00Z,109.02
2012-03-24T00:00:00Z,109.02
2012-03-25T00:00:00Z,109.02
2012-03-26T00:00:00Z,110.32
2012-03-27T00:00:00Z,109.89
2012-03-28T00:00:00Z,109.18
2012-03-29T00:00:00Z,109.25
2012-03-30T00:00:00Z,109.77
2012-03-31T00:00:00Z,109.77
2012-04-01T00:00:00Z,109.77
2012-04-02T00:00:00Z,110.37
2012-04-03T00:00:00Z,109.85
2012-04-04T00:00:00Z,108.85
2012-04-05T00:00:00Z,108.41
2012-04-06T00:00:00Z,108.41
2012-04-07T00:00:00Z,108.41
2012-04-08T00:00:00Z,108.41
2012-04-09T00:00:00Z,107.23
2012-04-10T00:00:00Z,105.5
2012-04-11T00:00:00Z,106.3
2012-04-12T00:00:00Z,107.74
2012-04-13T00:00:00Z,106.48
2012-04-14T00:00:00Z,106.48
2012-04-15T00:00:00Z,106.48
2012-04-16T00:00:00Z,106.72
2012-04-17T00:00:00Z,108.22
2012-04-18T00:00:00Z,107.61
2012-04-19T00:00:00Z,107.09
2012-04-20T00:00:00Z,107.44
2012-04-21T00:00:00Z,107.44
2012-04-22T00:00:00Z,107.44
2012-04-23T00:00:00Z,106.45
2012-04-24T00:00:00Z,107.04
2012-04-25T00:00:00Z,107.87
2012-04-26T00:00:00Z,108.66
2012-04-27T00:00:00Z,108.74
2012-04-28T00:00:00Z,108.74
2012-04-29T00:00:00Z,108.74
2012-04-30T00:00:00Z,108.58
2012-05-01T00:00:00Z,109.24
2012-05-02T00:00:00Z,108.92
2012-05-03T00:00:00Z,108.23
2012-05-04T00:00:00Z,106.63
2012-05-05T00:00:00Z,106.63
2012-05-06T00:00:00Z,106.63
2012-05-07T00:00:00Z,106.57
2012-05-08T00:00:00Z,106.12
2012-05-09T00:00:00Z,105.34
2012-05-10T00:00:00Z,105.45
2012-05-11T00:00:00Z,105.15
2012-05-12T00:00:00Z,105.15
2012-05-13T00:00:00Z,105.15
2012-05-14T00:00:00Z,104.19
2012-05-15T00:00:00Z,103.62
2012-05-16T00:00:00Z,103.36
2012-05-17T00:00:00Z,102.28
2012-05-18T00:00:00Z,101.62
2012-05-19T00:00:00Z,101.62
2012-05-20T00:00:00Z,101.62
2012-05-21T00:00:00Z,102.79
2012-05-22T00:00:00Z,102.82
2012-05-23T00:00:00Z,102.6
2012-05-24T00:00:00Z,102.79
2012-05-25T00:00:00Z,102.57
2012-05-26T00:00:00Z,102.57
2012-05-27T00:00:00Z,102.57
2012-05-28T00:00:00Z,102.57
2012-05-29T00:00:00Z,103.68
2012-05-30T00:00:00Z,102.21
2012-05-31T00:00:00Z,102.05
2012-06-01T00:00:00Z,99.92
2012-06-02T00:00:00Z,99.92
2012-06-03T00:00:00Z,99.92
2012-06-04T00:00:00Z,99.82
2012-06-05T00:00:00Z,100.28
2012-06-06T00:00:00Z,102.51
2012-06-07T00:00:00Z,102.64
2012-06-08T00:00:00Z,103.36
2012-06-09T00:00:00Z,103.36
2012-06-10T00:00:00Z,103.36
2012-06-11T00:00:00Z,102.26
2012-06-12T00:00:00Z,103.46
2012-06-13T00:00:00Z,102.89
2012-06-14T00:00:00Z,104.19
2012-06-15T00:00:00Z,105.15
2012-06-16T00:00:00Z,105.15
2012-06-17T00:00:00Z,105.15
2012-06-18T00:00:00Z,105.03
2012-06-19T00:00:00Z,105.75
2012-06-20T00:00:00Z,105.43
2012-06-21T00:00:00Z,103.24
2012-06-22T00:00:00Z,103.81
2012-06-23T00:00:00Z,103.81
2012-06-24T00:00:00Z,103.81
2012-06-25T00:00:00Z,102.32
2012-06-26T00:00:00Z,102.63
2012-06-27T00:00:00Z,103.48
2012-06-28T00:00:00Z,103.44
2012-06-29T00:00:00Z,105.75
2012-06-30T00:00:00Z,105.75
2012-07-01T00:00:00Z,105.75
2012-07-02T00:00:00Z,105.8
2012-07-03T00:00:00Z,106.36
2012-07-04T00:00:00Z,106.36
2012-07-05T00:00:00Z,105.76
2012-07-06T00:00:00Z,104.69
2012-07-07T00:00:00Z,104.69
2012-07-08T00:00:00Z,104.69
2012-07-09T00:00:00Z,104.51
2012-07-10T00:00:00Z,103.67
2012-07-11T00:00:00Z,103.64
2012-07-12T00:00:00Z,103.24
2012-07-13T00:00:00Z,104.89
2012-07-14T00:00:00Z,104.89
2012-07-15T00:00:00Z,104.89
2012-07-16T00:00:00Z,104.59
2012-07-17T00:00:00Z,105.36
2012-07-18T00:00:00Z,106.23
2012-07-19T00:00:00Z,106.32
2012-07-20T00:00:00Z,105.24
2012-07-21T00:00:00Z,105.24
2012-07-22T00:00:00Z,105.24
2012-07-23T00:00:00Z,104.29
2012-07-24T00:00:00Z,103.2
2012-07-25T00:00:00Z,103.54
2012-07-26T00:00:00Z,105.36
2012-07-27T00:00:00Z,107.06
2012-07-28T00:00:00Z,107.06
2012-07-29T00:00:00Z,107.06
2012-07-30T00:00:00Z,107.04
2012-07-31T00:00:00Z,106.59
2012-08-01T00:00:00Z,106.39
2012-08-02T00:00:00Z,105.59
2012-08-03T00:00:00Z,107.51
2012-08-04T00:00:00Z,107.51
2012-08-05T00:00:00Z,107.51
2012-08-06T00:00:00Z,107.81
2012-08-07T00:00:00Z,108.45
2012-08-08T00:00:00Z,108.6
2012-08-09T00:00:00Z,108.67
2012-08-10T00:00:00Z,109.09
2012-08-11T00:00:00Z,109.09
2012-08-12T00:00:00Z,109.09
2012-08-13T00:00:00Z,108.77
2012-08-14T00:00:00Z,108.58
2012-08-15T00:00:00Z,108.56
2012-08-16T00:00:00Z,109.34
2012-08-17T00:00:00Z,109.34
2012-08-18T00:00:00Z,109.34
2012-08-19T00:00:00Z,109.34
2012-08-20T00:00:00Z,109.3
2012-08-21T00:00:00Z,108.94
2012-08-22T00:00:00Z,108.69
2012-08-23T00:00:00Z,107.83
2012-08-24T00:00:00Z,108.5
2012-08-25T00:00:00Z,108.5
2012-08-26T00:00:00Z,108.5
2012-08-27T00:00:00Z,108.28
2012-08-28T00:00:00Z,108.11
2012-08-29T00:00:00Z,108.18
2012-08-30T00:00:00Z,107.44
2012-08-31T00:00:00Z,107.99
2012-09-01T00:00:00Z,107.99
2012-09-02T00:00:00Z,107.99
2012-09-03T00:00:00Z,107.99
2012-09-04T00:00:00Z,107.76
2012-09-05T00:00:00Z,107.74
2012-09-06T00:00:00Z,109.96
2012-09-07T00:00:00Z,110.25
2012-09-08T00:00:00Z,110.25
2012-09-09T00:00:00Z,110.25
2012-09-10T00:00:00Z,109.84
2012-09-11T00:00:00Z,110.24
2012-09-12T00:00:00Z,110.5
2012-09-13T00:00:00Z,112.06
2012-09-14T00:00:00Z,112.22
2012-09-15T00:00:00Z,112.22
2012-09-16T00:00:00Z,112.22
2012-09-17T00:00:00Z,111.92
2012-09-18T00:00:00Z,111.85
2012-09-19T00:00:00Z,112.06
2012-09-20T00:00:00Z,112.13
2012-09-21T00:00:00Z,112.1
2012-09-22T00:00:00Z,112.1
2012-09-23T00:00:00Z,112.1
2012-09-24T00:00:00Z,111.87
2012-09-25T00:00:00Z,110.97
2012-09-26T00:00:00Z,110.43
2012-09-27T00:00:00Z,111.25
2012-09-28T00:00:00Z,110.81
2012-09-29T00:00:00Z,110.81
2012-09-30T00:00:00Z,110.81
2012-10-01T00:00:00Z,111.14
2012-10-02T00:00:00Z,111.12
2012-10-03T00:00:00Z,111.24
2012-10-04T00:00:00Z,111.96
2012-10-05T00:00:00Z,112.08
2012-10-06T00:00:00Z,112.08
2012-10-07T00:00:00Z,112.08
2012-10-08T00:00:00Z,111.83
2012-10-09T00:00:00Z,110.79
2012-10-10T00:00:00Z,109.76
2012-10-11T00:00:00Z,109.77
2012-10-12T00:00:00Z,109.54
2012-10-13T00:00:00Z,109.54
2012-10-14T00:00:00Z,109.54
2012-10-15T00:00:00Z,110.52
2012-10-16T00:00:00Z,111.64
2012-10-17T00:00:00Z,111.95
2012-10-18T00:00:00Z,111.81
2012-10-19T00:00:00Z,109.85
2012-10-20T00:00:00Z,109.85
2012-10-21T00:00:00Z,109.85
2012-10-22T00:00:00Z,109.74
2012-10-23T00:00:00Z,108.09
2012-10-24T00:00:00Z,107.76
2012-10-25T00:00:00Z,108.23
2012-10-26T00:00:00Z,108.16
2012-10-27T00:00:00Z,108.16
2012-10-28T00:00:00Z,108.16
2012-10-29T00:00:00Z,108.16
2012-10-30T00:00:00Z,108.16
2012-10-31T00:00:00Z,108.31
2012-11-01T00:00:00Z,109.55
2012-11-02T00:00:00Z,108.61
2012-11-03T00:00:00Z,108.61
2012-11-04T00:00:00Z,108.61
2012-11-05T00:00:00Z,108.83
2012-11-06T00:00:00Z,109.75
2012-11-07T00:00:00Z,107.15
2012-11-08T00:00:00Z,105.87
2012-11-09T00:00:00Z,105.86
2012-11-10T00:00:00Z,105.86
2012-11-11T00:00:00Z,105.86
2012-11-12T00:00:00Z,105.81
2012-11-13T00:00:00Z,105.19
2012-11-14T00:00:00Z,103.82
2012-11-15T00:00:00Z,103.75
2012-11-16T00:00:00Z,104.09
2012-11-17T00:00:00Z,104.09
2012-11-18T00:00:00Z,104.09
2012-11-19T00:00:00Z,105.81
2012-11-20T00:00:00Z,105.64
2012-11-21T00:00:00Z,105.96
2012-11-22T00:00:00Z,105.96
2012-11-23T00:00:00Z,107.4
2012-11-24T00:00:00Z,107.4
2012-11-25T00:00:00Z,107.4
2012-11-26T00:00:00Z,107.05
2012-11-27T00:00:00Z,106.32
2012-11-28T00:00:00Z,107.22
2012-11-29T00:00:00Z,107.42
2012-11-30T00:00:00Z,107.39
2012-12-01T00:00:00Z,107.39
2012-12-02T00:00:00Z,107.39
2012-12-03T00:00:00Z,106.82
2012-12-04T00:00:00Z,106.72
2012-12-05T00:00:00Z,107.39
2012-12-06T00:00:00Z,107.8
2012-12-07T00:00:00Z,108.29
2012-12-08T00:00:00Z,108.29
2012-12-09T00:00:00Z,108.29
2012-12-10T00:00:00Z,108.47
2012-12-11T00:00:00Z,109.28
2012-12-12T00:00:00Z,109.4
2012-12-13T00:00:00Z,108.77
2012-12-14T00:00:00Z,108.46
2012-12-15T00:00:00Z,108.46
2012-12-16T00:00:00Z,108.46
2012-12-17T00:00:00Z,109.46
2012-12-18T00:00:00Z,110.56
2012-12-19T00:00:00Z,109.72
2012-12-20T00:00:00Z,110.18
2012-12-21T00:00:00Z,109.07
2012-12-22T00:00:00Z,109.07
2012-12-23T00:00:00Z,109.07
2012-12-24T00:00:00Z,108.69
2012-12-25T00:00:00Z,108.69
2012-12-26T00:00:00Z,108.35
2012-12-27T00:00:00Z,108.18
2012-12-28T00:00:00Z,106.86
2012-12-29T00:00:00Z,106.86
2012-12-30T00:00:00Z,106.86
2012-12-31T00:00:00Z,108.44
2013-01-02T00:00:00Z,111.05
2013-01-03T00:00:00Z,110.89
2013-01-04T00:00:00Z,111.32
2013-01-05T00:00:00Z,111.32
2013-01-06T00:00:00Z,111.32
2013-01-07T00:00:00Z,110.93
2013-01-08T00:00:00Z,110.5
2013-01-09T00:00:00Z,110.82
2013-01-10T00:00:00Z,111.63
2013-01-11T00:00:00Z,111.91
2013-01-12T00:00:00Z,111.91
2013-01-13T00:00:00Z,111.91
2013-01-14T00:00:00Z,112.09
2013-01-15T00:00:00Z,112.31
2013-01-16T00:00:00Z,112.25
2013-01-17T00:00:00Z,112.93
2013-01-18T00:00:00Z,113.68
2013-01-19T00:00:00Z,113.68
2013-01-20T00:00:00Z,113.68
2013-01-21T00:00:00Z,113.68
2013-01-22T00:00:00Z,114.06
2013-01-23T00:00:00Z,114.27
2013-01-24T00:00:00Z,114.78
2013-01-25T00:00:00Z,115.65
2013-01-26T00:00:00Z,115.65
2013-01-27T00:00:00Z,115.65
2013-01-28T00:00:00Z,115.56
2013-01-29T00:00:00Z,116.08
2013-01-30T00:00:00Z,115.59
2013-01-31T00:00:00Z,115.16
2013-02-01T00:00:00Z,116.28
2013-02-02T00:00:00Z,116.28
2013-02-03T00:00:00Z,116.28
2013-02-04T00:00:00Z,115.1
2013-02-05T00:00:00Z,115.95
2013-02-06T00:00:00Z,115.94
2013-02-07T00:00:00Z,115.52
2013-02-08T00:00:00Z,116
2013-02-09T00:00:00Z,116
2013-02-10T00:00:00Z,116
2013-02-11T00:00:00Z,115.96
2013-02-12T00:00:00Z,116.33
2013-02-13T00:00:00Z,116.38
2013-02-14T00:00:00Z,116.52
2013-02-15T00:00:00Z,116.51
2013-02-16T00:00:00Z,116.51
2013-02-17T00:00:00Z,116.51
2013-02-18T00:00:00Z,116.51
2013-02-19T00:00:00Z,117.42
2013-02-20T00:00:00Z,116.22
2013-02-21T00:00:00Z,115.5
2013-02-22T00:00:00Z,116.42
2013-02-23T00:00:00Z,116.42
2013-02-24T00:00:00Z,116.42
2013-02-25T00:00:00Z,114.45
2013-02-26T00:00:00Z,115.14
2013-02-27T00:00:00Z,116.5
2013-02-28T00:00:00Z,116.36
2013-03-01T00:00:00Z,116.67
2013-03-02T00:00:00Z,116.67
2013-03-03T00:00:00Z,116.67
2013-03-04T00:00:00Z,117.21
2013-03-05T00:00:00Z,118.19
2013-03-06T00:00:00Z,118.45
2013-03-07T00:00:00Z,118.48
2013-03-08T00:00:00Z,119.02
2013-03-09T00:00:00Z,119.02
2013-03-10T00:00:00Z,119.02
2013-03-11T00:00:00Z,119.38
2013-03-12T00:00:00Z,119.23
2013-03-13T00:00:00Z,119.39
2013-03-14T00:00:00Z,120.13
2013-03-15T00:00:00Z,119.75
2013-03-16T00:00:00Z,119.75
2013-03-17T00:00:00Z,119.75
2013-03-18T00:00:00Z,118.93
2013-03-19T00:00:00Z,118.79
2013-03-20T00:00:00Z,119.62
2013-03-21T00:00:00Z,118.64
2013-03-22T00:00:00Z,119.53
2013-03-23T00:00:00Z,119.53
2013-03-24T00:00:00Z,119.53
2013-03-25T00:00:00Z,118.98
2013-03-26T00:00:00Z,119.96
2013-03-27T00:00:00Z,120
2013-03-28T00:00:00Z,120.5
2013-03-29T00:00:00Z,120.5
2013-03-30T00:00:00Z,120.5
2013-03-31T00:00:00Z,120.5
2013-04-01T00:00:00Z,120.3
2013-04-02T00:00:00Z,120.94
2013-04-03T00:00:00Z,119.74
2013-04-04T00:00:00Z,120.18
2013-04-05T00:00:00Z,119.66
2013-04-06T00:00:00Z,119.66
2013-04-07T00:00:00Z,119.66
2013-04-08T00:00:00Z,120.12
2013-04-09T00:00:00Z,120.71
2013-04-10T00:00:00Z,122.2
2013-04-11T00:00:00Z,122.37
2013-04-12T00:00:00Z,122.1
2013-04-15T00:00:00Z,119.6
2013-04-16T00:00:00Z,121.07
2013-04-17T00:00:00Z,119.76
2013-04-18T00:00:00Z,119.33
2013-04-19T00:00:00Z,119.76
2013-04-22T00:00:00Z,120.5
2013-04-23T00:00:00Z,121.74
2013-04-24T00:00:00Z,121.48
2013-04-25T00:00:00Z,121.82
2013-04-26T00:00:00Z,121.83
2013-04-29T00:00:00Z,122.96
2013-04-30T00:00:00Z,123.21
2013-05-01T00:00:00Z,122.04
2013-05-02T00:00:00Z,123.02
2013-05-03T00:00:00Z,124.16
2013-05-06T00:00:00Z,124.05
2013-05-07T00:00:00Z,124.68
2013-05-08T00:00:00Z,125.19
2013-05-09T00:00:00Z,124.61
2013-05-10T00:00:00Z,125
2013-05-13T00:00:00Z,124.82
2013-05-14T00:00:00Z,126.11
2013-05-15T00:00:00Z,126.73
2013-05-16T00:00:00Z,126.56
2013-05-17T00:00:00Z,127.75
2013-05-20T00:00:00Z,127.71
2013-05-21T00:00:00Z,128.09
2013-05-22T00:00:00Z,127.17
2013-05-23T00:00:00Z,126.77
2013-05-24T00:00:00Z,126.73
2013-05-27T00:00:00Z,126.73
2013-05-28T00:00:00Z,127.65
2013-05-29T00:00:00Z,126.82
2013-05-30T00:00:00Z,127.08
2013-05-31T00:00:00Z,125.34
2013-06-03T00:00:00Z,126.43
2013-06-04T00:00:00Z,125.89
2013-06-05T00:00:00Z,124.19
2013-06-06T00:00:00Z,124.96
2013-06-07T00:00:00Z,126.49
2013-06-10T00:00:00Z,126.55
2013-06-11T00:00:00Z,125.31
2013-06-12T00:00:00Z,124.35
2013-06-13T00:00:00Z,126
2013-06-14T00:00:00Z,125.27
2013-06-17T00:00:00Z,126.3
2013-06-18T00:00:00Z,127.24
2013-06-19T00:00:00Z,125.39
2013-06-20T00:00:00Z,122.18
2013-06-21T00:00:00Z,122.68
2013-06-24T00:00:00Z,121.43
2013-06-25T00:00:00Z,122.34
2013-06-26T00:00:00Z,123.54
2013-06-27T00:00:00Z,124.2
2013-06-28T00:00:00Z,123.42
2013-07-01T00:00:00Z,123.95
2013-07-02T00:00:00Z,123.73
2013-07-03T00:00:00Z,123.85
2013-07-04T00:00:00Z,123.85
2013-07-05T00:00:00Z,124.96
2013-07-08T00:00:00Z,125.67
2013-07-09T00:00:00Z,126.63
2013-07-10T00:00:00Z,126.69
2013-07-11T00:00:00Z,128.36
2013-07-12T00:00:00Z,128.69
2013-07-15T00:00:00Z,129.03
2013-07-16T00:00:00Z,128.6
2013-07-17T00:00:00Z,128.85
2013-07-18T00:00:00Z,129.52
2013-07-19T00:00:00Z,129.57
2013-07-22T00:00:00Z,129.73
2013-07-23T00:00:00Z,129.7
2013-07-24T00:00:00Z,129.27
2013-07-25T00:00:00Z,129.56
2013-07-26T00:00:00Z,129.73
2013-07-29T00:00:00Z,129.22
2013-07-30T00:00:00Z,129.23
2013-07-31T00:00:00Z,129.27
2013-08-01T00:00:00Z,130.44
2013-08-02T00:00:00Z,130.53
2013-08-05T00:00:00Z,130.17
2013-08-06T00:00:00Z,129.46
2013-08-07T00:00:00Z,129.12
2013-08-08T00:00:00Z,129.67
2013-08-09T00:00:00Z,129.07
2013-08-12T00:00:00Z,128.85
2013-08-13T00:00:00Z,128.98
2013-08-14T00:00:00Z,128.3
2013-08-15T00:00:00Z,126.35
2013-08-16T00:00:00Z,125.87
2013-08-19T00:00:00Z,125.13
2013-08-20T00:00:00Z,125.37
2013-08-21T00:00:00Z,124.48
2013-08-22T00:00:00Z,125.37
2013-08-23T00:00:00Z,126.24
2013-08-26T00:00:00Z,125.5
2013-08-27T00:00:00Z,123.8
2013-08-28T00:00:00Z,124.23
2013-08-29T00:00:00Z,124.28
2013-08-30T00:00:00Z,124
2013-09-02T00:00:00Z,124
2013-09-03T00:00:00Z,124.22
2013-09-04T00:00:00Z,124.97
2013-09-05T00:00:00Z,125.08
2013-09-06T00:00:00Z,125.01
2013-09-09T00:00:00Z,126.28
2013-09-10T00:00:00Z,127.38
2013-09-11T00:00:00Z,128.17
2013-09-12T00:00:00Z,127.7
2013-09-13T00:00:00Z,128.28
2013-09-16T00:00:00Z,129.09
2013-09-17T00:00:00Z,129.49
2013-09-18T00:00:00Z,131.01
2013-09-19T00:00:00Z,130.55
2013-09-20T00:00:00Z,129.28
2013-09-23T00:00:00Z,128.7
2013-09-24T00:00:00Z,128.31
2013-09-25T00:00:00Z,127.97
2013-09-26T00:00:00Z,128.17
2013-09-27T00:00:00Z,127.52
2013-09-30T00:00:00Z,126.7
2013-10-01T00:00:00Z,127.49
2013-10-02T00:00:00Z,127.46
2013-10-03T00:00:00Z,126.29
2013-10-04T00:00:00Z,127.08
2013-10-07T00:00:00Z,126.1
2013-10-08T00:00:00Z,124.63
2013-10-09T00:00:00Z,124.92
2013-10-10T00:00:00Z,127.47
2013-10-11T00:00:00Z,128.34
2013-10-14T00:00:00Z,128.87
2013-10-15T00:00:00Z,127.89
2013-10-16T00:00:00Z,129.52
2013-10-17T00:00:00Z,130.09
2013-10-18T00:00:00Z,130.59
2013-10-21T00:00:00Z,130.56
2013-10-22T00:00:00Z,131.36
2013-10-23T00:00:00Z,130.51
2013-10-24T00:00:00Z,130.81
2013-10-25T00:00:00Z,131.55
2013-10-28T00:00:00Z,131.92
2013-10-29T00:00:00Z,132.77
2013-10-30T00:00:00Z,132.15
2013-10-31T00:00:00Z,131.82
2013-11-01T00:00:00Z,132.2
2013-11-04T00:00:00Z,132.67
2013-11-05T00:00:00Z,132.45
2013-11-06T00:00:00Z,133.66
2013-11-07T00:00:00Z,132.08
2013-11-08T00:00:00Z,133.68
2013-11-11T00:00:00Z,133.78
2013-11-12T00:00:00Z,133.33
2013-11-13T00:00:00Z,134.3
2013-11-14T00:00:00Z,134.41
2013-11-15T00:00:00Z,135.08
2013-11-18T00:00:00Z,134.75
2013-11-19T00:00:00Z,134.55
2013-11-20T00:00:00Z,134.09
2013-11-21T00:00:00Z,135
2013-11-22T00:00:00Z,135.58
2013-11-25T00:00:00Z,135.29
2013-11-26T00:00:00Z,134.98
2013-11-27T00:00:00Z,135.24
2013-11-28T00:00:00Z,135.24
2013-11-29T00:00:00Z,135.14
2013-12-02T00:00:00Z,134.6
2013-12-03T00:00:00Z,134.27
2013-12-04T00:00:00Z,134.03
2013-12-05T00:00:00Z,133.27
2013-12-06T00:00:00Z,135
2013-12-09T00:00:00Z,135.15
2013-12-10T00:00:00Z,134.72
2013-12-11T00:00:00Z,133.06
2013-12-12T00:00:00Z,132.52
2013-12-13T00:00:00Z,132.36
2013-12-16T00:00:00Z,133.36
2013-12-17T00:00:00Z,132.88
2013-12-18T00:00:00Z,135.24
2013-12-19T00:00:00Z,135.09
2013-12-20T00:00:00Z,135.55
2013-12-23T00:00:00Z,135.94
2013-12-24T00:00:00Z,136.51
2013-12-26T00:00:00Z,137.45
2013-12-27T00:00:00Z,137.51
2013-12-30T00:00:00Z,137.53
2013-12-31T00:00:00Z,137.94
2014-01-02T00:00:00Z,136.75
2014-01-03T00:00:00Z,137.01
2014-01-06T00:00:00Z,136.55
2014-01-07T00:00:00Z,137.44
2014-01-08T00:00:00Z,137.08
2014-01-09T00:00:00Z,137.17
2014-01-10T00:00:00Z,137.45
2014-01-13T00:00:00Z,135.52
2014-01-14T00:00:00Z,136.9
2014-01-15T00:00:00Z,137.69
2014-01-16T00:00:00Z,137.37
2014-01-17T00:00:00Z,136.83
2014-01-20T00:00:00Z,136.83
2014-01-21T00:00:00Z,136.85
2014-01-22T00:00:00Z,136.72
2014-01-23T00:00:00Z,135.59
2014-01-24T00:00:00Z,132.99
2014-01-27T00:00:00Z,132.43
2014-01-28T00:00:00Z,133.31
2014-01-29T00:00:00Z,132.22
2014-01-30T00:00:00Z,133.17
2014-01-31T00:00:00Z,132.12
2014-02-03T00:00:00Z,128.91
2014-02-04T00:00:00Z,129.52
2014-02-05T00:00:00Z,129.33
2014-02-06T00:00:00Z,131.05
2014-02-07T00:00:00Z,132.67
2014-02-10T00:00:00Z,132.78
2014-02-11T00:00:00Z,134.42
2014-02-12T00:00:00Z,134.4
2014-02-13T00:00:00Z,135.02
2014-02-14T00:00:00Z,135.76
2014-02-18T00:00:00Z,135.68
2014-02-19T00:00:00Z,135.02
2014-02-20T00:00:00Z,136.01
2014-02-21T00:00:00Z,135.68
2014-02-24T00:00:00Z,136.57
2014-02-25T00:00:00Z,136.27
2014-02-26T00:00:00Z,136.33
2014-02-27T00:00:00Z,136.91
2014-02-28T00:00:00Z,137.43
2014-03-03T00:00:00Z,136.25
2014-03-04T00:00:00Z,138.23
2014-03-05T00:00:00Z,137.94
2014-03-06T00:00:00Z,138.27
2014-03-07T00:00:00Z,138.3
2014-03-10T00:00:00Z,138.41
2014-03-11T00:00:00Z,137.72
2014-03-12T00:00:00Z,137.85
2014-03-13T00:00:00Z,136.5
2014-03-14T00:00:00Z,136.05
2014-03-17T00:00:00Z,137.57
2014-03-18T00:00:00Z,138.61
2014-03-19T00:00:00Z,137.96
2014-03-20T00:00:00Z,139.16
2014-03-21T00:00:00Z,138.75
2014-03-24T00:00:00Z,138.35
2014-03-25T00:00:00Z,139.41
2014-03-26T00:00:00Z,138.7
2014-03-27T00:00:00Z,138.47
2014-03-28T00:00:00Z,139.3
2014-03-31T00:00:00Z,140.43
2014-04-01T00:00:00Z,141.2
2014-04-02T00:00:00Z,141.59
2014-04-03T00:00:00Z,141.52
2014-04-04T00:00:00Z,140.07
2014-04-07T00:00:00Z,139.09
2014-04-08T00:00:00Z,139.32
2014-04-09T00:00:00Z,140.55
2014-04-10T00:00:00Z,138.03
2014-04-11T00:00:00Z,137.16
2014-04-14T00:00:00Z,138.49
2014-04-15T00:00:00Z,139.62
2014-04-16T00:00:00Z,140.8
2014-04-17T00:00:00Z,140.94
2014-04-21T00:00:00Z,141.44
2014-04-22T00:00:00Z,141.83
2014-04-23T00:00:00Z,141.61
2014-04-24T00:00:00Z,141.38
2014-04-25T00:00:00Z,140.65
2014-04-28T00:00:00Z,141.26
2014-04-29T00:00:00Z,141.77
2014-04-30T00:00:00Z,142.18
2014-05-01T00:00:00Z,141.7
2014-05-02T00:00:00Z,141.59
2014-05-05T00:00:00Z,141.85
2014-05-06T00:00:00Z,140.8
2014-05-07T00:00:00Z,142.06
2014-05-08T00:00:00Z,141.9
2014-05-09T00:00:00Z,142.02
2014-05-12T00:00:00Z,143.1
2014-05-13T00:00:00Z,143.26
2014-05-14T00:00:00Z,142.67
2014-05-15T00:00:00Z,141.37
2014-05-16T00:00:00Z,141.84
2014-05-19T00:00:00Z,142.09
2014-05-20T00:00:00Z,141.17
2014-05-21T00:00:00Z,142.33
2014-05-22T00:00:00Z,142.4
2014-05-23T00:00:00Z,142.85
2014-05-26T00:00:00Z,142.85
2014-05-27T00:00:00Z,143.39
2014-05-28T00:00:00Z,143.22
2014-05-29T00:00:00Z,143.96
2014-05-30T00:00:00Z,144.47
2014-06-02T00:00:00Z,144.63
2014-06-03T00:00:00Z,144.55
2014-06-04T00:00:00Z,144.7
2014-06-05T00:00:00Z,145.61
2014-06-06T00:00:00Z,146.41
2014-06-09T00:00:00Z,146.49
2014-06-10T00:00:00Z,146.46
2014-06-11T00:00:00Z,145.72
2014-06-12T00:00:00Z,144.7
2014-06-13T00:00:00Z,145.62
2014-06-16T00:00:00Z,145.65
2014-06-17T00:00:00Z,145.81
2014-06-18T00:00:00Z,146.87
2014-06-19T00:00:00Z,147.26
2014-06-20T00:00:00Z,147.58
2014-06-23T00:00:00Z,147.51
2014-06-24T00:00:00Z,146.58
2014-06-25T00:00:00Z,147.33
2014-06-26T00:00:00Z,147.27
2014-06-27T00:00:00Z,147.48
2014-06-30T00:00:00Z,147.22
2014-07-01T00:00:00Z,148.11
2014-07-02T00:00:00Z,148.32
2014-07-03T00:00:00Z,149.01
2014-07-04T00:00:00Z,149.01
2014-07-07T00:00:00Z,148.58
2014-07-08T00:00:00Z,147.64
2014-07-09T00:00:00Z,148.19
2014-07-10T00:00:00Z,147.66
2014-07-11T00:00:00Z,147.69
2014-07-14T00:00:00Z,148.38
2014-07-15T00:00:00Z,148.04
2014-07-16T00:00:00Z,149.23
2014-07-17T00:00:00Z,147.74
2014-07-18T00:00:00Z,148.79
2014-07-21T00:00:00Z,148.6
2014-07-22T00:00:00Z,149.33
2014-07-23T00:00:00Z,149.69
2014-07-24T00:00:00Z,149.82
2014-07-25T00:00:00Z,149.23
2014-07-28T00:00:00Z,149.23
2014-07-29T00:00:00Z,148.53
2014-07-30T00:00:00Z,148.48
2014-07-31T00:00:00Z,145.41
2014-08-01T00:00:00Z,144.87
2014-08-04T00:00:00Z,145.93
2014-08-05T00:00:00Z,144.17
2014-08-06T00:00:00Z,144.23
2014-08-07T00:00:00Z,143.52
2014-08-08T00:00:00Z,145.07
2014-08-11T00:00:00Z,145.36
2014-08-12T00:00:00Z,145.13
2014-08-13T00:00:00Z,146.11
2014-08-14T00:00:00Z,146.39
2014-08-15T00:00:00Z,146.27
2014-08-18T00:00:00Z,147.42
2014-08-19T00:00:00Z,147.95
2014-08-20T00:00:00Z,148.2
2014-08-21T00:00:00Z,148.78
2014-08-22T00:00:00Z,148.19
2014-08-25T00:00:00Z,148.81
2014-08-26T00:00:00Z,149.01
2014-08-27T00:00:00Z,149.08
2014-08-28T00:00:00Z,148.83
2014-08-29T00:00:00Z,149.23
2014-09-02T00:00:00Z,148.86
2014-09-03T00:00:00Z,149.13
2014-09-04T00:00:00Z,148.82
2014-09-05T00:00:00Z,149.58
2014-09-08T00:00:00Z,149.11
2014-09-09T00:00:00Z,148.4
2014-09-10T00:00:00Z,148.82
2014-09-11T00:00:00Z,149.03
2014-09-12T00:00:00Z,148.19
2014-09-15T00:00:00Z,148.37
2014-09-16T00:00:00Z,149.54
2014-09-17T00:00:00Z,149.58
2014-09-18T00:00:00Z,150.13
2014-09-19T00:00:00Z,150.35
2014-09-22T00:00:00Z,149.26
2014-09-23T00:00:00Z,148.26
2014-09-24T00:00:00Z,149.39
2014-09-25T00:00:00Z,147.02
2014-09-26T00:00:00Z,148.34
2014-09-29T00:00:00Z,147.81
2014-09-30T00:00:00Z,147.34
2014-10-01T00:00:00Z,145.28
2014-10-02T00:00:00Z,145.09
2014-10-03T00:00:00Z,146.78
2014-10-06T00:00:00Z,146.74
2014-10-07T00:00:00Z,144.41
2014-10-08T00:00:00Z,146.87
2014-10-09T00:00:00Z,143.42
2014-10-10T00:00:00Z,141.62
2014-10-13T00:00:00Z,139.37
2014-10-14T00:00:00Z,139.62
2014-10-15T00:00:00Z,138.51
2014-10-16T00:00:00Z,138.59
2014-10-17T00:00:00Z,140.53
2014-10-20T00:00:00Z,141.37
2014-10-21T00:00:00Z,144.07
2014-10-22T00:00:00Z,143.05
2014-10-23T00:00:00Z,144.91
2014-10-24T00:00:00Z,145.99
2014-10-27T00:00:00Z,145.6
2014-10-28T00:00:00Z,147.44
2014-10-29T00:00:00Z,147.38
2014-10-30T00:00:00Z,148.06
2014-10-31T00:00:00Z,149.98
2014-11-03T00:00:00Z,149.69
2014-11-04T00:00:00Z,149.25
2014-11-05T00:00:00Z,150.26
2014-11-06T00:00:00Z,151.18
2014-11-07T00:00:00Z,151.09
2014-11-10T00:00:00Z,151.62
2014-11-11T00:00:00Z,151.69
2014-11-12T00:00:00Z,151.39
2014-11-13T00:00:00Z,151.57
2014-11-14T00:00:00Z,151.61
2014-11-17T00:00:00Z,151.91
2014-11-18T00:00:00Z,152.35
2014-11-19T00:00:00Z,152.11
2014-11-20T00:00:00Z,152.54
2014-11-21T00:00:00Z,153.34
2014-11-24T00:00:00Z,153.52
2014-11-25T00:00:00Z,153.14
2014-11-26T00:00:00Z,153.47
2014-11-27T00:00:00Z,153.47
2014-11-28T00:00:00Z,152.63
2014-12-01T00:00:00Z,152.43
2014-12-02T00:00:00Z,153.74
2014-12-03T00:00:00Z,154.26
2014-12-04T00:00:00Z,154.09
2014-12-05T00:00:00Z,154.34
2014-12-08T00:00:00Z,153.04
2014-12-09T00:00:00Z,152.88
2014-12-10T00:00:00Z,150.34
2014-12-11T00:00:00Z,151
2014-12-12T00:00:00Z,148.45
2014-12-15T00:00:00Z,147.45
2014-12-16T00:00:00Z,146.21
2014-12-17T00:00:00Z,149.19
2014-12-18T00:00:00Z,152.99
2014-12-19T00:00:00Z,153.83
2014-12-22T00:00:00Z,154.46
2014-12-23T00:00:00Z,154.73
2014-12-24T00:00:00Z,154.79
2014-12-26T00:00:00Z,155.08
2014-12-29T00:00:00Z,155.03
2014-12-30T00:00:00Z,154.32
2014-12-31T00:00:00Z,152.77
2015-01-02T00:00:00Z,152.88
2015-01-05T00:00:00Z,149.93
2015-01-06T00:00:00Z,148.26
2015-01-07T00:00:00Z,150.36
2015-01-08T00:00:00Z,152.96
2015-01-09T00:00:00Z,151.65
2015-01-12T00:00:00Z,150.54
2015-01-13T00:00:00Z,149.99
2015-01-14T00:00:00Z,149.09
2015-01-15T00:00:00Z,147.69
2015-01-16T00:00:00Z,149.94
2015-01-19T00:00:00Z,149.94
2015-01-20T00:00:00Z,149.83
2015-01-21T00:00:00Z,150.5
2015-01-22T00:00:00Z,152.97
2015-01-23T00:00:00Z,151.67
2015-01-26T00:00:00Z,151.96
2015-01-27T00:00:00Z,149.48
2015-01-28T00:00:00Z,146.73
2015-01-29T00:00:00Z,148.27
2015-01-30T00:00:00Z,145.86
2015-02-02T00:00:00Z,147.93
2015-02-03T00:00:00Z,150.52
2015-02-04T00:00:00Z,149.87
2015-02-05T00:00:00Z,151.49
2015-02-06T00:00:00Z,150.84
2015-02-09T00:00:00Z,150.08
2015-02-10T00:00:00Z,151.31
2015-02-11T00:00:00Z,151.04
2015-02-12T00:00:00Z,152.69
2015-02-13T00:00:00Z,153.5
2015-02-17T00:00:00Z,153.89
2015-02-18T00:00:00Z,153.63
2015-02-19T00:00:00Z,153.26
2015-02-20T00:00:00Z,154.19
2015-02-23T00:00:00Z,153.99
2015-02-24T00:00:00Z,154.49
2015-02-25T00:00:00Z,154.2
2015-02-26T00:00:00Z,153.58
2015-02-27T00:00:00Z,153.12
2015-03-02T00:00:00Z,153.99
2015-03-03T00:00:00Z,153.14
2015-03-04T00:00:00Z,152.44
2015-03-05T00:00:00Z,152.54
2015-03-06T00:00:00Z,150.23
2015-03-09T00:00:00Z,150.81
2015-03-10T00:00:00Z,148.46
2015-03-11T00:00:00Z,148.36
2015-03-12T00:00:00Z,149.7
2015-03-13T00:00:00Z,148.97
2015-03-16T00:00:00Z,150.77
2015-03-17T00:00:00Z,150.13
2015-03-18T00:00:00Z,152.1
2015-03-19T00:00:00Z,151.26
2015-03-20T00:00:00Z,152.9
2015-03-23T00:00:00Z,152.71
2015-03-24T00:00:00Z,151.67
2015-03-25T00:00:00Z,149.5
2015-03-26T00:00:00Z,149.13
2015-03-27T00:00:00Z,149.56
2015-03-30T00:00:00Z,151.37
2015-03-31T00:00:00Z,150.08
2015-04-01T00:00:00Z,149.26
2015-04-02T00:00:00Z,149.66
2015-04-06T00:00:00Z,150.9
2015-04-07T00:00:00Z,150.96
2015-04-08T00:00:00Z,151.05
2015-04-09T00:00:00Z,151.72
2015-04-10T00:00:00Z,152.43
2015-04-13T00:00:00Z,151.74
2015-04-14T00:00:00Z,152.26
2015-04-15T00:00:00Z,153.44
2015-04-16T00:00:00Z,153.4
2015-04-17T00:00:00Z,151.72
2015-04-20T00:00:00Z,153.39
2015-04-21T00:00:00Z,152.93
2015-04-22T00:00:00Z,153.7
2015-04-23T00:00:00Z,154.08
2015-04-24T00:00:00Z,154.82
2015-04-27T00:00:00Z,154.32
2015-04-28T00:00:00Z,155.19
2015-04-29T00:00:00Z,154.85
2015-04-30T00:00:00Z,153.28
2015-05-01T00:00:00Z,154.7
2015-05-04T00:00:00Z,155.09
2015-05-05T00:00:00Z,153.35
2015-05-06T00:00:00Z,152.49
2015-05-07T00:00:00Z,152.89
2015-05-08T00:00:00Z,155.05
2015-05-11T00:00:00Z,154.18
2015-05-12T00:00:00Z,153.68
2015-05-13T00:00:00Z,153.66
2015-05-14T00:00:00Z,155.2
2015-05-15T00:00:00Z,155.43
2015-05-18T00:00:00Z,155.71
2015-05-19T00:00:00Z,155.61
2015-05-20T00:00:00Z,155.48
2015-05-21T00:00:00Z,155.64
2015-05-22T00:00:00Z,155.02
2015-05-25T00:00:00Z,155.02
2015-05-26T00:00:00Z,153.35
2015-05-27T00:00:00Z,154.67
2015-05-28T00:00:00Z,154.48
2015-05-29T00:00:00Z,153.76
2015-06-01T00:00:00Z,153.93
2015-06-02T00:00:00Z,153.66
2015-06-03T00:00:00Z,153.84
2015-06-04T00:00:00Z,152.51
2015-06-05T00:00:00Z,152.26
2015-06-08T00:00:00Z,151.38
2015-06-09T00:00:00Z,151.34
2015-06-10T00:00:00Z,153.27
2015-06-11T00:00:00Z,153.6
2015-06-12T00:00:00Z,152.48
2015-06-15T00:00:00Z,151.66
2015-06-16T00:00:00Z,152.55
2015-06-17T00:00:00Z,152.95
2015-06-18T00:00:00Z,154.47
2015-06-19T00:00:00Z,153.7
2015-06-22T00:00:00Z,154.42
2015-06-23T00:00:00Z,154.41
2015-06-24T00:00:00Z,153.1
2015-06-25T00:00:00Z,152.62
2015-06-26T00:00:00Z,152.57
2015-06-29T00:00:00Z,149.42
2015-06-30T00:00:00Z,149.71
2015-07-01T00:00:00Z,150.38
2015-07-02T00:00:00Z,150.22
2015-07-03T00:00:00Z,150.22
2015-07-06T00:00:00Z,149.7
2015-07-07T00:00:00Z,150.49
2015-07-08T00:00:00Z,148.13
2015-07-09T00:00:00Z,148.38
2015-07-10T00:00:00Z,149.88
2015-07-13T00:00:00Z,151.41
2015-07-14T00:00:00Z,152.06
2015-07-15T00:00:00Z,151.96
2015-07-16T00:00:00Z,153.08
2015-07-17T00:00:00Z,152.56
2015-07-20T00:00:00Z,152.57
2015-07-21T00:00:00Z,151.91
2015-07-22T00:00:00Z,151.63
2015-07-23T00:00:00Z,151.04
2015-07-24T00:00:00Z,148.78
2015-07-27T00:00:00Z,148.08
2015-07-28T00:00:00Z,150.3
2015-07-29T00:00:00Z,151.49
2015-07-30T00:00:00Z,151.74
2015-07-31T00:00:00Z,151.03
2015-08-03T00:00:00Z,150.52
2015-08-04T00:00:00Z,150.34
2015-08-05T00:00:00Z,150.67
2015-08-06T00:00:00Z,149.56
2015-08-07T00:00:00Z,149.03
2015-08-10T00:00:00Z,151
2015-08-11T00:00:00Z,149.27
2015-08-12T00:00:00Z,149.51
2015-08-13T00:00:00Z,149.15
2015-08-14T00:00:00Z,149.76
2015-08-17T00:00:00Z,150.4
2015-08-18T00:00:00Z,149.8
2015-08-19T00:00:00Z,148.15
2015-08-20T00:00:00Z,145.03
2015-08-21T00:00:00Z,140.62
2015-08-24T00:00:00Z,134.85
2015-08-25T00:00:00Z,132.87
2015-08-26T00:00:00Z,137.91
2015-08-27T00:00:00Z,141.4
2015-08-28T00:00:00Z,141.65
2015-08-31T00:00:00Z,140.79
2015-09-01T00:00:00Z,136.63
2015-09-02T00:00:00Z,138.97
2015-09-03T00:00:00Z,139.38
2015-09-04T00:00:00Z,137.06
2015-09-08T00:00:00Z,140.34
2015-09-09T00:00:00Z,138.13
2015-09-10T00:00:00Z,138.84
2015-09-11T00:00:00Z,139.47
2015-09-14T00:00:00Z,138.77
2015-09-15T00:00:00Z,140.53
2015-09-16T00:00:00Z,141.91
2015-09-17T00:00:00Z,141.72
2015-09-18T00:00:00Z,139.24
2015-09-21T00:00:00Z,139.75
2015-09-22T00:00:00Z,138.13
2015-09-23T00:00:00Z,137.73
2015-09-24T00:00:00Z,137.21
2015-09-25T00:00:00Z,137.45
2015-09-28T00:00:00Z,134.39
2015-09-29T00:00:00Z,135.05
2015-09-30T00:00:00Z,137.48
2015-10-01T00:00:00Z,137.58
2015-10-02T00:00:00Z,139.73
2015-10-05T00:00:00Z,142.3
2015-10-06T00:00:00Z,142.07
2015-10-07T00:00:00Z,143.44
2015-10-08T00:00:00Z,145.01
2015-10-09T00:00:00Z,144.78
2015-10-12T00:00:00Z,145.04
2015-10-13T00:00:00Z,144.13
2015-10-14T00:00:00Z,143.83
2015-10-15T00:00:00Z,145.9
2015-10-16T00:00:00Z,146.53
2015-10-19T00:00:00Z,146.47
2015-10-20T00:00:00Z,146.04
2015-10-21T00:00:00Z,145.11
2015-10-22T00:00:00Z,147.58
2015-10-23T00:00:00Z,149.52
2015-10-26T00:00:00Z,149.24
2015-10-27T00:00:00Z,148.79
2015-10-28T00:00:00Z,150.48
2015-10-29T00:00:00Z,149.97
2015-10-30T00:00:00Z,149.35
2015-11-02T00:00:00Z,151.46
2015-11-03T00:00:00Z,152.28
2015-11-04T00:00:00Z,151.47
2015-11-05T00:00:00Z,151.28
2015-11-06T00:00:00Z,151.61
2015-11-09T00:00:00Z,149.95
2015-11-10T00:00:00Z,150.13
2015-11-11T00:00:00Z,149.36
2015-11-12T00:00:00Z,146.97
2015-11-13T00:00:00Z,145.53
2015-11-16T00:00:00Z,147.89
2015-11-17T00:00:00Z,147.48
2015-11-18T00:00:00Z,149.81
2015-11-19T00:00:00Z,149.52
2015-11-20T00:00:00Z,149.96
2015-11-23T00:00:00Z,149.96
2015-11-24T00:00:00Z,150.25
2015-11-25T00:00:00Z,149.95
2015-11-26T00:00:00Z,149.95
2015-11-27T00:00:00Z,150
2015-11-30T00:00:00Z,149.4
2015-12-01T00:00:00Z,151.04
2015-12-02T00:00:00Z,149.42
2015-12-03T00:00:00Z,147.22
2015-12-04T00:00:00Z,150.35
2015-12-07T00:00:00Z,149.14
2015-12-08T00:00:00Z,147.93
2015-12-09T00:00:00Z,147.26
2015-12-10T00:00:00Z,147.59
2015-12-11T00:00:00Z,144.74
2015-12-14T00:00:00Z,145.85
2015-12-15T00:00:00Z,148.01
2015-12-16T00:00:00Z,150.04
2015-12-17T00:00:00Z,147.53
2015-12-18T00:00:00Z,144.69
2015-12-21T00:00:00Z,145.68
2015-12-22T00:00:00Z,147.28
2015-12-23T00:00:00Z,149.18
2015-12-24T00:00:00Z,148.86
2015-12-28T00:00:00Z,148.45
2015-12-29T00:00:00Z,149.91
2015-12-30T00:00:00Z,148.78
2015-12-31T00:00:00Z,147.39
2016-01-04T00:00:00Z,145.12
2016-01-05T00:00:00Z,145.42
2016-01-06T00:00:00Z,143.31
2016-01-07T00:00:00Z,139.66
2016-01-08T00:00:00Z,137.94
2016-01-11T00:00:00Z,137.91
2016-01-12T00:00:00Z,139.1
2016-01-13T00:00:00Z,136.04
2016-01-14T00:00:00Z,138.61
2016-01-15T00:00:00Z,135.21
2016-01-18T00:00:00Z,135.21
2016-01-19T00:00:00Z,134.94
2016-01-20T00:00:00Z,133.01
2016-01-21T00:00:00Z,133.61
2016-01-22T00:00:00Z,136.17
2016-01-25T00:00:00Z,133.81
2016-01-26T00:00:00Z,136.13
2016-01-27T00:00:00Z,135.2
2016-01-28T00:00:00Z,135.78
2016-01-29T00:00:00Z,139.55
2016-02-01T00:00:00Z,139.16
2016-02-02T00:00:00Z,136.23
2016-02-03T00:00:00Z,137.45
2016-02-04T00:00:00Z,138
2016-02-05T00:00:00Z,135.5
2016-02-08T00:00:00Z,134.07
2016-02-09T00:00:00Z,133.7
2016-02-10T00:00:00Z,133.45
2016-02-11T00:00:00Z,131.84
2016-02-12T00:00:00Z,134.52
2016-02-16T00:00:00Z,136.61
2016-02-17T00:00:00Z,139.18
2016-02-18T00:00:00Z,138.91
2016-02-19T00:00:00Z,138.68
2016-02-22T00:00:00Z,140.53
2016-02-23T00:00:00Z,138.6
2016-02-24T00:00:00Z,139.05
2016-02-25T00:00:00Z,140.74
2016-02-26T00:00:00Z,140.39
2016-02-29T00:00:00Z,139.15
2016-03-01T00:00:00Z,142.45
2016-03-02T00:00:00Z,143.27
2016-03-03T00:00:00Z,143.67
2016-03-04T00:00:00Z,144.1
2016-03-07T00:00:00Z,144.62
2016-03-08T00:00:00Z,142.96
2016-03-09T00:00:00Z,143.69
2016-03-10T00:00:00Z,143.66
2016-03-11T00:00:00Z,145.83
2016-03-14T00:00:00Z,145.6
2016-03-15T00:00:00Z,145.34
2016-03-16T00:00:00Z,146.16
2016-03-17T00:00:00Z,147.26
2016-03-18T00:00:00Z,148.06
2016-03-21T00:00:00Z,147.93
2016-03-22T00:00:00Z,147.9
2016-03-23T00:00:00Z,146.82
2016-03-24T00:00:00Z,147.03
2016-03-28T00:00:00Z,147.05
2016-03-29T00:00:00Z,148.24
2016-03-30T00:00:00Z,148.75
2016-03-31T00:00:00Z,148.55
2016-04-01T00:00:00Z,149.32
2016-04-04T00:00:00Z,148.69
2016-04-05T00:00:00Z,147.2
2016-04-06T00:00:00Z,148.83
2016-04-07T00:00:00Z,147.1
2016-04-08T00:00:00Z,147.48
2016-04-11T00:00:00Z,147.29
2016-04-12T00:00:00Z,148.63
2016-04-13T00:00:00Z,150.29
2016-04-14T00:00:00Z,150.43
2016-04-15T00:00:00Z,150.39
2016-04-18T00:00:00Z,151.65
2016-04-19T00:00:00Z,152.44
2016-04-20T00:00:00Z,152.74
2016-04-21T00:00:00Z,152.29
2016-04-22T00:00:00Z,151.88
2016-04-25T00:00:00Z,151.64
2016-04-26T00:00:00Z,151.94
2016-04-27T00:00:00Z,152.39
2016-04-28T00:00:00Z,150.97
2016-04-29T00:00:00Z,150.14
2016-05-02T00:00:00Z,151.18
2016-05-03T00:00:00Z,149.73
2016-05-04T00:00:00Z,148.8
2016-05-05T00:00:00Z,149.01
2016-05-06T00:00:00Z,149.52
2016-05-09T00:00:00Z,149.47
2016-05-10T00:00:00Z,151.24
2016-05-11T00:00:00Z,149.81
2016-05-12T00:00:00Z,149.97
2016-05-13T00:00:00Z,148.68
2016-05-16T00:00:00Z,150.16
2016-05-17T00:00:00Z,148.73
2016-05-18T00:00:00Z,148.74
2016-05-19T00:00:00Z,148.02
2016-05-20T00:00:00Z,148.64
2016-05-23T00:00:00Z,148.29
2016-05-24T00:00:00Z,150.21
2016-05-25T00:00:00Z,151.46
2016-05-26T00:00:00Z,151.19
2016-05-27T00:00:00Z,151.87
2016-05-30T00:00:00Z,151.87
2016-05-31T00:00:00Z,151.7
2016-06-01T00:00:00Z,151.9
2016-06-02T00:00:00Z,152.44
2016-06-03T00:00:00Z,151.97
2016-06-06T00:00:00Z,152.91
2016-06-07T00:00:00Z,152.97
2016-06-08T00:00:00Z,153.32
2016-06-09T00:00:00Z,153.01
2016-06-10T00:00:00Z,151.8
2016-06-13T00:00:00Z,150.65
2016-06-14T00:00:00Z,150.28
2016-06-15T00:00:00Z,149.88
2016-06-16T00:00:00Z,150.46
2016-06-17T00:00:00Z,150.24
2016-06-20T00:00:00Z,151.07
2016-06-21T00:00:00Z,151.58
2016-06-22T00:00:00Z,151.36
2016-06-23T00:00:00Z,153.55
2016-06-24T00:00:00Z,147.81
2016-06-27T00:00:00Z,145.08
2016-06-28T00:00:00Z,147.7
2016-06-29T00:00:00Z,150.54
2016-06-30T00:00:00Z,152.78
2016-07-01T00:00:00Z,152.88
2016-07-04T00:00:00Z,152.88
2016-07-05T00:00:00Z,151.82
2016-07-06T00:00:00Z,152.72
2016-07-07T00:00:00Z,152.48
2016-07-08T00:00:00Z,154.71
2016-07-11T00:00:00Z,155.27
2016-07-12T00:00:00Z,156.82
2016-07-13T00:00:00Z,156.93
2016-07-14T00:00:00Z,157.66
2016-07-15T00:00:00Z,157.5
2016-07-18T00:00:00Z,157.67
2016-07-19T00:00:00Z,157.47
2016-07-20T00:00:00Z,158.44
2016-07-21T00:00:00Z,157.93
2016-07-22T00:00:00Z,158.78
2016-07-25T00:00:00Z,158.39
2016-07-26T00:00:00Z,158.81
2016-07-27T00:00:00Z,158.11
2016-07-28T00:00:00Z,157.98
2016-07-29T00:00:00Z,158.24
2016-08-01T00:00:00Z,157.8
2016-08-02T00:00:00Z,157.35
2016-08-03T00:00:00Z,157.68
2016-08-04T00:00:00Z,157.68
2016-08-05T00:00:00Z,158.48
2016-08-08T00:00:00Z,158.41
2016-08-09T00:00:00Z,158.52
2016-08-10T00:00:00Z,157.83
2016-08-11T00:00:00Z,158.72
2016-08-12T00:00:00Z,158.58
2016-08-15T00:00:00Z,159.02
2016-08-16T00:00:00Z,158.32
2016-08-17T00:00:00Z,158.44
2016-08-18T00:00:00Z,158.8
2016-08-19T00:00:00Z,158.63
2016-08-22T00:00:00Z,158.55
2016-08-23T00:00:00Z,158.96
2016-08-24T00:00:00Z,158.29
2016-08-25T00:00:00Z,158.08
2016-08-26T00:00:00Z,157.97
2016-08-29T00:00:00Z,158.68
2016-08-30T00:00:00Z,158.37
2016-08-31T00:00:00Z,157.85
2016-09-01T00:00:00Z,157.84
2016-09-02T00:00:00Z,158.45
2016-09-06T00:00:00Z,158.81
2016-09-07T00:00:00Z,158.71
2016-09-08T00:00:00Z,158.52
2016-09-09T00:00:00Z,154.92
2016-09-12T00:00:00Z,157.08
2016-09-13T00:00:00Z,154.65
2016-09-14T00:00:00Z,154.27
2016-09-15T00:00:00Z,155.84
2016-09-16T00:00:00Z,155.39
2016-09-19T00:00:00Z,155.4
2016-09-20T00:00:00Z,155.48
2016-09-21T00:00:00Z,157.23
2016-09-22T00:00:00Z,158.2
2016-09-23T00:00:00Z,157.28
2016-09-26T00:00:00Z,155.84
2016-09-27T00:00:00Z,156.94
2016-09-28T00:00:00Z,157.75
2016-09-29T00:00:00Z,156.15
2016-09-30T00:00:00Z,157.72
2016-10-03T00:00:00Z,157.25
2016-10-04T00:00:00Z,156.54
2016-10-05T00:00:00Z,157.41
2016-10-06T00:00:00Z,157.6
2016-10-07T00:00:00Z,157.39
2016-10-10T00:00:00Z,157.83
2016-10-11T00:00:00Z,155.66
2016-10-12T00:00:00Z,155.56
2016-10-13T00:00:00Z,155.14
2016-10-14T00:00:00Z,155.21
2016-10-17T00:00:00Z,154.77
2016-10-18T00:00:00Z,155.61
2016-10-19T00:00:00Z,155.54
2016-10-20T00:00:00Z,155.57
2016-10-21T00:00:00Z,155.6
2016-10-24T00:00:00Z,156.33
2016-10-25T00:00:00Z,156.17
2016-10-26T00:00:00Z,156.27
2016-10-27T00:00:00Z,156.04
2016-10-28T00:00:00Z,155.24
2016-10-31T00:00:00Z,155.13
2016-11-01T00:00:00Z,154.42
2016-11-02T00:00:00Z,153.67
2016-11-03T00:00:00Z,153.03
2016-11-04T00:00:00Z,152.83
2016-11-07T00:00:00Z,156.54
2016-11-08T00:00:00Z,156.85
2016-11-09T00:00:00Z,158.99
2016-11-10T00:00:00Z,159.35
2016-11-11T00:00:00Z,159.42
2016-11-14T00:00:00Z,159.45
2016-11-15T00:00:00Z,160.54
2016-11-16T00:00:00Z,160.16
2016-11-17T00:00:00Z,160.84
2016-11-18T00:00:00Z,160.25
2016-11-21T00:00:00Z,161.08
2016-11-22T00:00:00Z,160.95
2016-11-23T00:00:00Z,161.11
2016-11-24T00:00:00Z,161.11
2016-11-25T00:00:00Z,161.84
2016-11-28T00:00:00Z,161.04
2016-11-29T00:00:00Z,161.3
2016-11-30T00:00:00Z,161.18
2016-12-01T00:00:00Z,160.71
2016-12-02T00:00:00Z,160.75
2016-12-05T00:00:00Z,161.63
2016-12-06T00:00:00Z,162.1
2016-12-07T00:00:00Z,164.12
2016-12-08T00:00:00Z,164.35
2016-12-09T00:00:00Z,165.6
2016-12-12T00:00:00Z,165.69
2016-12-13T00:00:00Z,166.76
2016-12-14T00:00:00Z,165.57
2016-12-15T00:00:00Z,166.33
2016-12-16T00:00:00Z,165.78
2016-12-19T00:00:00Z,166.1
2016-12-20T00:00:00Z,166.46
2016-12-21T00:00:00Z,166.01
2016-12-22T00:00:00Z,165.84
2016-12-23T00:00:00Z,166.11
2016-12-27T00:00:00Z,166.43
2016-12-28T00:00:00Z,165.03
2016-12-29T00:00:00Z,165.04
2016-12-30T00:00:00Z,164.31
2017-01-03T00:00:00Z,165.61
2017-01-04T00:00:00Z,166.5
2017-01-05T00:00:00Z,166.37
2017-01-06T00:00:00Z,167.14
2017-01-09T00:00:00Z,166.58
2017-01-10T00:00:00Z,166.43
2017-01-11T00:00:00Z,166.81
2017-01-12T00:00:00Z,166.27
2017-01-13T00:00:00Z,166.48
2017-01-16T00:00:00Z,166.48
2017-01-17T00:00:00Z,165.98
2017-01-18T00:00:00Z,166.11
2017-01-19T00:00:00Z,165.51
2017-01-20T00:00:00Z,165.97
2017-01-23T00:00:00Z,165.55
2017-01-24T00:00:00Z,166.68
2017-01-25T00:00:00Z,167.82
2017-01-26T00:00:00Z,167.5
2017-01-27T00:00:00Z,167.51
2017-01-30T00:00:00Z,166.49
2017-01-31T00:00:00Z,166.28
2017-02-01T00:00:00Z,166.03
2017-02-02T00:00:00Z,166.22
2017-02-03T00:00:00Z,167.72
2017-02-06T00:00:00Z,167.47
2017-02-07T00:00:00Z,167.37
2017-02-08T00:00:00Z,167.37
2017-02-09T00:00:00Z,168.37
2017-02-10T00:00:00Z,168.89
2017-02-13T00:00:00Z,170
2017-02-14T00:00:00Z,170.85
2017-02-15T00:00:00Z,171.87
2017-02-16T00:00:00Z,171.78
2017-02-17T00:00:00Z,171.91
2017-02-21T00:00:00Z,173.02
2017-02-22T00:00:00Z,172.73
2017-02-23T00:00:00Z,173.02
2017-02-24T00:00:00Z,173.18
2017-02-27T00:00:00Z,173.31
2017-02-28T00:00:00Z,172.85
2017-03-01T00:00:00Z,174.95
2017-03-02T00:00:00Z,173.87
2017-03-03T00:00:00Z,174.07
2017-03-06T00:00:00Z,173.48
2017-03-07T00:00:00Z,173.03
2017-03-08T00:00:00Z,172.77
2017-03-09T00:00:00Z,172.94
2017-03-10T00:00:00Z,173.58
2017-03-13T00:00:00Z,173.44
2017-03-14T00:00:00Z,172.85
2017-03-15T00:00:00Z,174.2
2017-03-16T00:00:00Z,173.71
2017-03-17T00:00:00Z,173.26
2017-03-20T00:00:00Z,172.99
2017-03-21T00:00:00Z,170.9
2017-03-22T00:00:00Z,171.1
2017-03-23T00:00:00Z,170.91
2017-03-24T00:00:00Z,170.75
2017-03-27T00:00:00Z,170.59
2017-03-28T00:00:00Z,171.67
2017-03-29T00:00:00Z,171.59
2017-03-30T00:00:00Z,172.15
2017-03-31T00:00:00Z,171.89
2017-04-03T00:00:00Z,171.46
2017-04-04T00:00:00Z,171.45
2017-04-05T00:00:00Z,170.9
2017-04-06T00:00:00Z,171.26
2017-04-07T00:00:00Z,171.1
2017-04-10T00:00:00Z,171.09
2017-04-11T00:00:00Z,170.96
2017-04-12T00:00:00Z,170.57
2017-04-13T00:00:00Z,169.38
2017-04-17T00:00:00Z,170.77
2017-04-18T00:00:00Z,170.11
2017-04-19T00:00:00Z,169.6
2017-04-20T00:00:00Z,170.88
2017-04-21T00:00:00Z,170.52
2017-04-24T00:00:00Z,172.44
2017-04-25T00:00:00Z,173.61
2017-04-26T00:00:00Z,173.36
2017-04-27T00:00:00Z,173.57
2017-04-28T00:00:00Z,173.01
2017-05-01T00:00:00Z,173.08
2017-05-02T00:00:00Z,172.96
2017-05-03T00:00:00Z,172.89
2017-05-04T00:00:00Z,172.94
2017-05-05T00:00:00Z,173.35
2017-05-08T00:00:00Z,173.06
2017-05-09T00:00:00Z,172.66
2017-05-10T00:00:00Z,173.04
2017-05-11T00:00:00Z,172.63
2017-05-12T00:00:00Z,172.27
2017-05-15T00:00:00Z,173.43
2017-05-16T00:00:00Z,173.48
2017-05-17T00:00:00Z,170.25
2017-05-18T00:00:00Z,170.42
2017-05-19T00:00:00Z,171.49
2017-05-22T00:00:00Z,172.26
2017-05-23T00:00:00Z,172.69
2017-05-24T00:00:00Z,173.2
2017-05-25T00:00:00Z,173.87
2017-05-26T00:00:00Z,174.09
2017-05-29T00:00:00Z,174.09
2017-05-30T00:00:00Z,174
2017-05-31T00:00:00Z,173.93
2017-06-01T00:00:00Z,175.18
2017-06-02T00:00:00Z,175.87
2017-06-05T00:00:00Z,175.76
2017-06-06T00:00:00Z,175.47
2017-06-07T00:00:00Z,175.67
2017-06-08T00:00:00Z,175.75
2017-06-09T00:00:00Z,176.29
2017-06-12T00:00:00Z,176.35
2017-06-13T00:00:00Z,177.03
2017-06-14T00:00:00Z,176.88
2017-06-15T00:00:00Z,176.39
2017-06-16T00:00:00Z,176.49
2017-06-19T00:00:00Z,177.85
2017-06-20T00:00:00Z,176.87
2017-06-21T00:00:00Z,176.79
2017-06-22T00:00:00Z,176.81
2017-06-23T00:00:00Z,177.06
2017-06-26T00:00:00Z,177.21
2017-06-27T00:00:00Z,175.91
2017-06-28T00:00:00Z,177.21
2017-06-29T00:00:00Z,175.82
2017-06-30T00:00:00Z,176.28
2017-07-03T00:00:00Z,176.97
2017-07-04T00:00:00Z,176.97
2017-07-05T00:00:00Z,177.26
2017-07-06T00:00:00Z,175.56
2017-07-07T00:00:00Z,176.53
2017-07-10T00:00:00Z,176.55
2017-07-11T00:00:00Z,176.25
2017-07-12T00:00:00Z,177.48
2017-07-13T00:00:00Z,177.75
2017-07-14T00:00:00Z,178.79
2017-07-17T00:00:00Z,178.72
2017-07-18T00:00:00Z,178.76
2017-07-19T00:00:00Z,179.53
2017-07-20T00:00:00Z,179.95
2017-07-21T00:00:00Z,179.71
2017-07-24T00:00:00Z,179.09
2017-07-25T00:00:00Z,179.97
2017-07-26T00:00:00Z,179.56
2017-07-27T00:00:00Z,179.11
2017-07-28T00:00:00Z,179.28
2017-07-31T00:00:00Z,179.45
2017-08-01T00:00:00Z,180.07
2017-08-02T00:00:00Z,179.85
2017-08-03T00:00:00Z,179.76
2017-08-04T00:00:00Z,180.17
2017-08-07T00:00:00Z,180.33
2017-08-08T00:00:00Z,179.96
2017-08-09T00:00:00Z,179.86
2017-08-10T00:00:00Z,177.47
2017-08-11T00:00:00Z,177.57
2017-08-14T00:00:00Z,179.31
2017-08-15T00:00:00Z,179.16
2017-08-16T00:00:00Z,179.39
2017-08-17T00:00:00Z,176.76
2017-08-18T00:00:00Z,176.29
2017-08-21T00:00:00Z,176.42
2017-08-22T00:00:00Z,178.08
2017-08-23T00:00:00Z,177.36
2017-08-24T00:00:00Z,177.34
2017-08-25T00:00:00Z,177.66
2017-08-28T00:00:00Z,177.73
2017-08-29T00:00:00Z,177.84
2017-08-30T00:00:00Z,178.51
2017-08-31T00:00:00Z,179.75
2017-09-01T00:00:00Z,179.99
2017-09-05T00:00:00Z,178.71
2017-09-06T00:00:00Z,179.36
2017-09-07T00:00:00Z,179.8
2017-09-08T00:00:00Z,179.73
2017-09-11T00:00:00Z,182.09
2017-09-12T00:00:00Z,182.86
2017-09-13T00:00:00Z,183.08
2017-09-14T00:00:00Z,183.19
2017-09-15T00:00:00Z,183.69
2017-09-18T00:00:00Z,184.1
2017-09-19T00:00:00Z,184.34
2017-09-20T00:00:00Z,184.39
2017-09-21T00:00:00Z,183.8
2017-09-22T00:00:00Z,184.11
2017-09-25T00:00:00Z,183.92
2017-09-26T00:00:00Z,183.83
2017-09-27T00:00:00Z,184.08
2017-09-28T00:00:00Z,184.38
2017-09-29T00:00:00Z,184.82
2017-10-02T00:00:00Z,185.79
2017-10-03T00:00:00Z,186.15
2017-10-04T00:00:00Z,186.54
2017-10-05T00:00:00Z,187.47
2017-10-06T00:00:00Z,187.28
2017-10-09T00:00:00Z,186.86
2017-10-10T00:00:00Z,187.43
2017-10-11T00:00:00Z,187.49
2017-10-12T00:00:00Z,186.81
2017-10-13T00:00:00Z,187.16
2017-10-16T00:00:00Z,187.37
2017-10-17T00:00:00Z,187.57
2017-10-18T00:00:00Z,188.19
2017-10-19T00:00:00Z,188.59
2017-10-20T00:00:00Z,189.59
2017-10-23T00:00:00Z,188.96
2017-10-24T00:00:00Z,189.25
2017-10-25T00:00:00Z,188.11
2017-10-26T00:00:00Z,188.5
2017-10-27T00:00:00Z,189.67
2017-10-30T00:00:00Z,188.43
2017-10-31T00:00:00Z,188.57
2017-11-01T00:00:00Z,189.27
2017-11-02T00:00:00Z,189.4
2017-11-03T00:00:00Z,189.72
2017-11-06T00:00:00Z,189.57
2017-11-07T00:00:00Z,189.86
2017-11-08T00:00:00Z,190.19
2017-11-09T00:00:00Z,189.59
2017-11-10T00:00:00Z,189.54
2017-11-13T00:00:00Z,189.83
2017-11-14T00:00:00Z,189.49
2017-11-15T00:00:00Z,188.47
2017-11-16T00:00:00Z,189.93
2017-11-17T00:00:00Z,189.29
2017-11-20T00:00:00Z,189.53
2017-11-21T00:00:00Z,190.78
2017-11-22T00:00:00Z,190.21
2017-11-23T00:00:00Z,190.21
2017-11-24T00:00:00Z,190.48
2017-11-27T00:00:00Z,190.33
2017-11-28T00:00:00Z,192.7
2017-11-29T00:00:00Z,193.13
2017-11-30T00:00:00Z,194.72
2017-12-01T00:00:00Z,194.4
2017-12-04T00:00:00Z,194.35
2017-12-05T00:00:00Z,193.39
2017-12-06T00:00:00Z,193
2017-12-07T00:00:00Z,193.13
2017-12-08T00:00:00Z,194.44
2017-12-11T00:00:00Z,195.28
2017-12-12T00:00:00Z,195.73
2017-12-13T00:00:00Z,195.58
2017-12-14T00:00:00Z,194.66
2017-12-15T00:00:00Z,196.45
2017-12-18T00:00:00Z,197.35
2017-12-19T00:00:00Z,196.85
2017-12-20T00:00:00Z,196.8
2017-12-21T00:00:00Z,197.33
2017-12-22T00:00:00Z,197.24
2017-12-26T00:00:00Z,197.18
2017-12-27T00:00:00Z,197.32
2017-12-28T00:00:00Z,197.62
2017-12-29T00:00:00Z,196.7
2018-01-02T00:00:00Z,198.17
2018-01-03T00:00:00Z,199.05
2018-01-04T00:00:00Z,200.12
2018-01-05T00:00:00Z,201.51
2018-01-08T00:00:00Z,201.48
2018-01-09T00:00:00Z,201.64
2018-01-10T00:00:00Z,201.25
2018-01-11T00:00:00Z,202.79
2018-01-12T00:00:00Z,204.3
2018-01-15T00:00:00Z,204.3
2018-01-16T00:00:00Z,203.58
2018-01-17T00:00:00Z,205.9
2018-01-18T00:00:00Z,205.74
2018-01-19T00:00:00Z,206.76
2018-01-22T00:00:00Z,208.5
2018-01-23T00:00:00Z,208.53
2018-01-24T00:00:00Z,208.44
2018-01-25T00:00:00Z,208.86
2018-01-26T00:00:00Z,212.02
2018-01-29T00:00:00Z,210.72
2018-01-30T00:00:00Z,207.88
2018-01-31T00:00:00Z,207.87
2018-02-01T00:00:00Z,207.84
2018-02-02T00:00:00Z,203.54
2018-02-05T00:00:00Z,194.99
2018-02-06T00:00:00Z,198.56
2018-02-07T00:00:00Z,198.06
2018-02-08T00:00:00Z,190.45
2018-02-09T00:00:00Z,193.64
2018-02-12T00:00:00Z,196.01
2018-02-13T00:00:00Z,196.63
2018-02-14T00:00:00Z,198.95
2018-02-15T00:00:00Z,201.5
2018-02-16T00:00:00Z,201.5
2018-02-20T00:00:00Z,200.34
2018-02-21T00:00:00Z,198.68
2018-02-22T00:00:00Z,198.87
2018-02-23T00:00:00Z,202.27
2018-02-26T00:00:00Z,205.03
2018-02-27T00:00:00Z,202.33
2018-02-28T00:00:00Z,199.88
2018-03-01T00:00:00Z,197.2
2018-03-02T00:00:00Z,198.06
2018-03-05T00:00:00Z,200.2
2018-03-06T00:00:00Z,200.67
2018-03-07T00:00:00Z,200.68
2018-03-08T00:00:00Z,201.34
2018-03-09T00:00:00Z,204.66
2018-03-12T00:00:00Z,204.25
2018-03-13T00:00:00Z,203.21
2018-03-14T00:00:00Z,201.8
2018-03-15T00:00:00Z,201.73
2018-03-16T00:00:00Z,202.08
2018-03-19T00:00:00Z,199.38
2018-03-20T00:00:00Z,200.04
2018-03-21T00:00:00Z,199.57
2018-03-22T00:00:00Z,194.07
2018-03-23T00:00:00Z,190
2018-03-26T00:00:00Z,195.6
2018-03-27T00:00:00Z,192.2
2018-03-28T00:00:00Z,192.04
2018-03-29T00:00:00Z,194.64
2018-04-02T00:00:00Z,190.18
2018-04-03T00:00:00Z,192.7
2018-04-04T00:00:00Z,195.23
2018-04-05T00:00:00Z,196.39
2018-04-06T00:00:00Z,192.19
2018-04-09T00:00:00Z,192.95
2018-04-10T00:00:00Z,196.43
2018-04-11T00:00:00Z,195.09
2018-04-12T00:00:00Z,196.96
2018-04-13T00:00:00Z,196.25
2018-04-16T00:00:00Z,197.95
2018-04-17T00:00:00Z,199.8
2018-04-18T00:00:00Z,199.58
2018-04-19T00:00:00Z,198.18
2018-04-20T00:00:00Z,196.49
2018-04-23T00:00:00Z,196.73
2018-04-24T00:00:00Z,194.36
2018-04-25T00:00:00Z,194.56
2018-04-26T00:00:00Z,196.32
2018-04-27T00:00:00Z,196.78
2018-04-30T00:00:00Z,194.68
2018-05-01T00:00:00Z,195.33
2018-05-02T00:00:00Z,193.18
2018-05-03T00:00:00Z,193.2
2018-05-04T00:00:00Z,195.2
2018-05-07T00:00:00Z,196.09
2018-05-08T00:00:00Z,195.77
2018-05-09T00:00:00Z,197.44
2018-05-10T00:00:00Z,199.43
2018-05-11T00:00:00Z,199.84
2018-05-14T00:00:00Z,200.31
2018-05-15T00:00:00Z,198.92
2018-05-16T00:00:00Z,199.75
2018-05-17T00:00:00Z,199.36
2018-05-18T00:00:00Z,198.79
2018-05-21T00:00:00Z,200.24
2018-05-22T00:00:00Z,199.73
2018-05-23T00:00:00Z,200.13
2018-05-24T00:00:00Z,199.6
2018-05-25T00:00:00Z,198.98
2018-05-28T00:00:00Z,198.98
2018-05-29T00:00:00Z,196.48
2018-05-30T00:00:00Z,199.06
2018-05-31T00:00:00Z,197.49
2018-06-01T00:00:00Z,199.74
2018-06-04T00:00:00Z,200.65
2018-06-05T00:00:00Z,200.66
2018-06-06T00:00:00Z,202.83
2018-06-07T00:00:00Z,202.58
2018-06-08T00:00:00Z,203.38
2018-06-11T00:00:00Z,203.64
2018-06-12T00:00:00Z,203.78
2018-06-13T00:00:00Z,202.81
2018-06-14T00:00:00Z,203.4
2018-06-15T00:00:00Z,203.22
2018-06-18T00:00:00Z,202.19
2018-06-19T00:00:00Z,201.21
2018-06-20T00:00:00Z,201.33
2018-06-21T00:00:00Z,199.84
2018-06-22T00:00:00Z,200.44
2018-06-25T00:00:00Z,197.64
2018-06-26T00:00:00Z,197.76
2018-06-27T00:00:00Z,196.04
2018-06-28T00:00:00Z,197.35
2018-06-29T00:00:00Z,197.56
2018-07-02T00:00:00Z,198.04
2018-07-03T00:00:00Z,197.24
2018-07-04T00:00:00Z,197.24
2018-07-05T00:00:00Z,198.92
2018-07-06T00:00:00Z,200.61
2018-07-09T00:00:00Z,202.13
2018-07-10T00:00:00Z,203.14
2018-07-11T00:00:00Z,201.41
2018-07-12T00:00:00Z,203.41
2018-07-13T00:00:00Z,203.78
2018-07-16T00:00:00Z,203.6
2018-07-17T00:00:00Z,204.08
2018-07-18T00:00:00Z,204.5
2018-07-19T00:00:00Z,203.73
2018-07-20T00:00:00Z,203.68
2018-07-23T00:00:00Z,204.01
2018-07-24T00:00:00Z,204.73
2018-07-25T00:00:00Z,206.68
2018-07-26T00:00:00Z,206.86
2018-07-27T00:00:00Z,205.29
2018-07-30T00:00:00Z,204.51
2018-07-31T00:00:00Z,205.62
2018-08-01T00:00:00Z,205.16
2018-08-02T00:00:00Z,205.79
2018-08-03T00:00:00Z,207.12
2018-08-06T00:00:00Z,207.45
2018-08-07T00:00:00Z,208.07
2018-08-08T00:00:00Z,207.88
2018-08-09T00:00:00Z,207.52
2018-08-10T00:00:00Z,205.91
2018-08-13T00:00:00Z,205.01
2018-08-14T00:00:00Z,206.4
2018-08-15T00:00:00Z,205.02
2018-08-16T00:00:00Z,206.78
2018-08-17T00:00:00Z,207.3
2018-08-20T00:00:00Z,207.73
2018-08-21T00:00:00Z,208.09
2018-08-22T00:00:00Z,207.97
2018-08-23T00:00:00Z,207.7
2018-08-24T00:00:00Z,209
2018-08-27T00:00:00Z,210.79
2018-08-28T00:00:00Z,210.88
2018-08-29T00:00:00Z,211.99
2018-08-30T00:00:00Z,210.91
2018-08-31T00:00:00Z,211
2018-09-04T00:00:00Z,210.42
2018-09-05T00:00:00Z,209.64
2018-09-06T00:00:00Z,209.26
2018-09-07T00:00:00Z,208.6
2018-09-10T00:00:00Z,209.13
2018-09-11T00:00:00Z,209.13
2018-09-12T00:00:00Z,209.72
2018-09-13T00:00:00Z,211.14
2018-09-14T00:00:00Z,211.48
2018-09-17T00:00:00Z,210.86
2018-09-18T00:00:00Z,211.76
2018-09-19T00:00:00Z,211.93
2018-09-20T00:00:00Z,213.92
2018-09-21T00:00:00Z,214.38
2018-09-24T00:00:00Z,213.58
2018-09-25T00:00:00Z,212.95
2018-09-26T00:00:00Z,212.24
2018-09-27T00:00:00Z,212.44
2018-09-28T00:00:00Z,212.74
2018-10-01T00:00:00Z,213.95
2018-10-02T00:00:00Z,214
2018-10-03T00:00:00Z,213.89
2018-10-04T00:00:00Z,212.04
2018-10-05T00:00:00Z,210.93
2018-10-08T00:00:00Z,210.36
2018-10-09T00:00:00Z,209.93
2018-10-10T00:00:00Z,203.06
2018-10-11T00:00:00Z,198.8
2018-10-12T00:00:00Z,202.02
2018-10-15T00:00:00Z,200.57
2018-10-16T00:00:00Z,205.29
2018-10-17T00:00:00Z,205.09
2018-10-18T00:00:00Z,202.2
2018-10-19T00:00:00Z,202.01
2018-10-22T00:00:00Z,201.18
2018-10-23T00:00:00Z,199.31
2018-10-24T00:00:00Z,192.44
2018-10-25T00:00:00Z,196.31
2018-10-26T00:00:00Z,193.61
2018-10-29T00:00:00Z,192.17
2018-10-30T00:00:00Z,194.97
2018-10-31T00:00:00Z,196.99
2018-11-01T00:00:00Z,198.94
2018-11-02T00:00:00Z,198.34
2018-11-05T00:00:00Z,200.28
2018-11-06T00:00:00Z,201.41
2018-11-07T00:00:00Z,205.92
2018-11-08T00:00:00Z,205.73
2018-11-09T00:00:00Z,204
2018-11-12T00:00:00Z,200.34
2018-11-13T00:00:00Z,200.08
2018-11-14T00:00:00Z,198.8
2018-11-15T00:00:00Z,201.41
2018-11-16T00:00:00Z,201.9
2018-11-19T00:00:00Z,198.56
2018-11-20T00:00:00Z,195.28
2018-11-21T00:00:00Z,195.72
2018-11-22T00:00:00Z,195.72
2018-11-23T00:00:00Z,194.55
2018-11-26T00:00:00Z,197.69
2018-11-27T00:00:00Z,198.63
2018-11-28T00:00:00Z,203.5
2018-11-29T00:00:00Z,202.64
2018-11-30T00:00:00Z,204.75
2018-12-03T00:00:00Z,206.86
2018-12-04T00:00:00Z,200.45
2018-12-05T00:00:00Z,200.45
2018-12-06T00:00:00Z,200.4
2018-12-07T00:00:00Z,195.33
2018-12-10T00:00:00Z,196.07
2018-12-11T00:00:00Z,196.15
2018-12-12T00:00:00Z,197.26
2018-12-13T00:00:00Z,197.37
2018-12-14T00:00:00Z,193.14
2018-12-17T00:00:00Z,188.96
2018-12-18T00:00:00Z,188.94
2018-12-19T00:00:00Z,186.36
2018-12-20T00:00:00Z,183.36
2018-12-21T00:00:00Z,179.93
2018-12-24T00:00:00Z,174.76
2018-12-26T00:00:00Z,183.34
2018-12-27T00:00:00Z,185.24
2018-12-28T00:00:00Z,184.87
2018-12-31T00:00:00Z,186.54
2019-01-02T00:00:00Z,186.27
2019-01-03T00:00:00Z,181.43
2019-01-04T00:00:00Z,187.68
2019-01-07T00:00:00Z,188.73
2019-01-08T00:00:00Z,190.2
2019-01-09T00:00:00Z,190.92
2019-01-10T00:00:00Z,191.88
2019-01-11T00:00:00Z,192.06
2019-01-14T00:00:00Z,191.08
2019-01-15T00:00:00Z,193.3
2019-01-16T00:00:00Z,193.86
2019-01-17T00:00:00Z,195.42
2019-01-18T00:00:00Z,198.28
2019-01-21T00:00:00Z,198.28
2019-01-22T00:00:00Z,195.78
2019-01-23T00:00:00Z,196.72
2019-01-24T00:00:00Z,196.84
2019-01-25T00:00:00Z,198.05
2019-01-28T00:00:00Z,196.06
2019-01-29T00:00:00Z,195.81
2019-01-30T00:00:00Z,198.05
2019-01-31T00:00:00Z,198.79
2019-02-01T00:00:00Z,199.25
2019-02-04T00:00:00Z,200.49
2019-02-05T00:00:00Z,201.3
2019-02-06T00:00:00Z,201.26
2019-02-07T00:00:00Z,199.34
2019-02-08T00:00:00Z,199.5
2019-02-11T00:00:00Z,199.56
2019-02-12T00:00:00Z,202.2
2019-02-13T00:00:00Z,202.86
2019-02-14T00:00:00Z,202.45
2019-02-15T00:00:00Z,205.24
2019-02-19T00:00:00Z,205.26
2019-02-20T00:00:00Z,205.53
2019-02-21T00:00:00Z,205.14
2019-02-22T00:00:00Z,206.71
2019-02-25T00:00:00Z,206.91
2019-02-26T00:00:00Z,206.98
2019-02-27T00:00:00Z,206.39
2019-02-28T00:00:00Z,205.51
2019-03-01T00:00:00Z,206.93
2019-03-04T00:00:00Z,205.63
2019-03-05T00:00:00Z,205.44
2019-03-06T00:00:00Z,204.3
2019-03-07T00:00:00Z,202.66
2019-03-08T00:00:00Z,202.37
2019-03-11T00:00:00Z,205.35
2019-03-12T00:00:00Z,206.13
2019-03-13T00:00:00Z,207.87
2019-03-14T00:00:00Z,207.91
2019-03-15T00:00:00Z,209
2019-03-18T00:00:00Z,209.53
2019-03-19T00:00:00Z,209.55
2019-03-20T00:00:00Z,208.12
2019-03-21T00:00:00Z,210.05
2019-03-22T00:00:00Z,205.74
2019-03-25T00:00:00Z,205.41
2019-03-26T00:00:00Z,207.25
2019-03-27T00:00:00Z,206.1
2019-03-28T00:00:00Z,206.99
2019-03-29T00:00:00Z,208.52
2019-04-01T00:00:00Z,210.67
2019-04-02T00:00:00Z,210.57
2019-04-03T00:00:00Z,211.31
2019-04-04T00:00:00Z,211.54
2019-04-05T00:00:00Z,212.44
2019-04-08T00:00:00Z,212.77
2019-04-09T00:00:00Z,211.51
2019-04-10T00:00:00Z,212.39
2019-04-11T00:00:00Z,212.1
2019-04-12T00:00:00Z,213.56
2019-04-15T00:00:00Z,213.7
2019-04-16T00:00:00Z,213.57
2019-04-17T00:00:00Z,212.75
2019-04-18T00:00:00Z,213.28
2019-04-22T00:00:00Z,213.3
2019-04-23T00:00:00Z,214.87
2019-04-24T00:00:00Z,214.28
2019-04-25T00:00:00Z,214.37
2019-04-26T00:00:00Z,215.29
2019-04-29T00:00:00Z,215.51
2019-04-30T00:00:00Z,216.54
2019-05-01T00:00:00Z,214.52
2019-05-02T00:00:00Z,213.52
2019-05-03T00:00:00Z,215.22
2019-05-06T00:00:00Z,214.69
2019-05-07T00:00:00Z,211.18
2019-05-08T00:00:00Z,210.85
2019-05-09T00:00:00Z,210.08
2019-05-10T00:00:00Z,211.34
2019-05-13T00:00:00Z,206.65
2019-05-14T00:00:00Z,208.43
2019-05-15T00:00:00Z,209.17
2019-05-16T00:00:00Z,211.57
2019-05-17T00:00:00Z,210.67
2019-05-20T00:00:00Z,209.65
2019-05-21T00:00:00Z,211.3
2019-05-22T00:00:00Z,211.04
2019-05-23T00:00:00Z,208.66
2019-05-24T00:00:00Z,208.96
2019-05-27T00:00:00Z,208.96
2019-05-28T00:00:00Z,207.02
2019-05-29T00:00:00Z,205.53
2019-05-30T00:00:00Z,206.02
2019-05-31T00:00:00Z,203.22
2019-06-03T00:00:00Z,202.96
2019-06-04T00:00:00Z,207.55
2019-06-05T00:00:00Z,209.57
2019-06-06T00:00:00Z,211.12
2019-06-07T00:00:00Z,213.57
2019-06-10T00:00:00Z,214.27
2019-06-11T00:00:00Z,214.03
2019-06-12T00:00:00Z,213.83
2019-06-13T00:00:00Z,214.86
2019-06-14T00:00:00Z,214.44
2019-06-17T00:00:00Z,214.33
2019-06-18T00:00:00Z,216.33
2019-06-19T00:00:00Z,217.17
2019-06-20T00:00:00Z,219.58
2019-06-21T00:00:00Z,219.25
2019-06-24T00:00:00Z,219.11
2019-06-25T00:00:00Z,216.74
2019-06-26T00:00:00Z,216.5
2019-06-27T00:00:00Z,217.14
2019-06-28T00:00:00Z,218.27
2019-07-01T00:00:00Z,219.89
2019-07-02T00:00:00Z,220.58
2019-07-03T00:00:00Z,222.4
2019-07-04T00:00:00Z,222.4
2019-07-05T00:00:00Z,221.78
2019-07-08T00:00:00Z,220.83
2019-07-09T00:00:00Z,220.63
2019-07-10T00:00:00Z,221.79
2019-07-11T00:00:00Z,223.19
2019-07-12T00:00:00Z,224.03
2019-07-15T00:00:00Z,224.07
2019-07-16T00:00:00Z,223.03
2019-07-17T00:00:00Z,221.98
2019-07-18T00:00:00Z,222.82
2019-07-19T00:00:00Z,221.64
2019-07-22T00:00:00Z,222.2
2019-07-23T00:00:00Z,223.49
2019-07-24T00:00:00Z,224.94
2019-07-25T00:00:00Z,224.33
2019-07-26T00:00:00Z,225.73
2019-07-29T00:00:00Z,225.97
2019-07-30T00:00:00Z,225.66
2019-07-31T00:00:00Z,222.35
2019-08-01T00:00:00Z,221.21
2019-08-02T00:00:00Z,219.42
2019-08-05T00:00:00Z,213.15
2019-08-06T00:00:00Z,215.97
2019-08-07T00:00:00Z,216.13
2019-08-08T00:00:00Z,220.22
2019-08-09T00:00:00Z,219.08
2019-08-12T00:00:00Z,216.43
2019-08-13T00:00:00Z,219.5
2019-08-14T00:00:00Z,212.99
2019-08-15T00:00:00Z,213.08
2019-08-16T00:00:00Z,216.34
2019-08-19T00:00:00Z,218.95
2019-08-20T00:00:00Z,217.15
2019-08-21T00:00:00Z,218.98
2019-08-22T00:00:00Z,218.41
2019-08-23T00:00:00Z,212.88
2019-08-26T00:00:00Z,215.28
2019-08-27T00:00:00Z,214.9
2019-08-28T00:00:00Z,215.97
2019-08-29T00:00:00Z,218.42
2019-08-30T00:00:00Z,218.68
2019-09-03T00:00:00Z,217.1
2019-09-04T00:00:00Z,219.65
2019-09-05T00:00:00Z,222.24
2019-09-06T00:00:00Z,222.45
2019-09-09T00:00:00Z,222.11
2019-09-10T00:00:00Z,221.77
2019-09-11T00:00:00Z,223.03
2019-09-12T00:00:00Z,224.11
2019-09-13T00:00:00Z,224.03
2019-09-16T00:00:00Z,223.12
2019-09-17T00:00:00Z,223.72
2019-09-18T00:00:00Z,223.65
2019-09-19T00:00:00Z,223.97
2019-09-20T00:00:00Z,223.14
2019-09-23T00:00:00Z,223.13
2019-09-24T00:00:00Z,221.12
2019-09-25T00:00:00Z,222.59
2019-09-26T00:00:00Z,222.24
2019-09-27T00:00:00Z,220.88
2019-09-30T00:00:00Z,221.84
2019-10-01T00:00:00Z,218.81
2019-10-02T00:00:00Z,214.66
2019-10-03T00:00:00Z,216.5
2019-10-04T00:00:00Z,219.38
2019-10-07T00:00:00Z,218.51
2019-10-08T00:00:00Z,214.89
2019-10-09T00:00:00Z,217.16
2019-10-10T00:00:00Z,218.56
2019-10-11T00:00:00Z,220.55
2019-10-14T00:00:00Z,220.28
2019-10-15T00:00:00Z,222.81
2019-10-16T00:00:00Z,221.99
2019-10-17T00:00:00Z,222.28
2019-10-18T00:00:00Z,221.63
