Date,Dow Jones Precious Metals Index
31-10-2009,314.12
01-11-2009,314.12
02-11-2009,318.04
03-11-2009,339.69
04-11-2009,341.65
05-11-2009,344.14
06-11-2009,351.45
07-11-2009,351.45
08-11-2009,351.45
09-11-2009,365.4
10-11-2009,365.96
11-11-2009,367.93
12-11-2009,358.87
13-11-2009,366.34
14-11-2009,366.34
15-11-2009,366.34
16-11-2009,376.61
17-11-2009,378.79
18-11-2009,373.23
19-11-2009,375.02
20-11-2009,372.44
21-11-2009,372.44
22-11-2009,372.44
23-11-2009,377.17
24-11-2009,374.47
25-11-2009,384.16
26-11-2009,384.16
27-11-2009,369.63
28-11-2009,369.63
29-11-2009,369.63
30-11-2009,368.9
01-12-2009,387.16
02-12-2009,395.58
03-12-2009,386.85
04-12-2009,364.26
05-12-2009,364.26
06-12-2009,364.26
07-12-2009,359.23
08-12-2009,346.14
09-12-2009,354.74
10-12-2009,353.26
11-12-2009,346.74
12-12-2009,346.74
13-12-2009,346.74
14-12-2009,351.29
15-12-2009,344.73
16-12-2009,349.51
17-12-2009,331.74
18-12-2009,337.47
19-12-2009,337.47
20-12-2009,337.47
21-12-2009,334.33
22-12-2009,334.83
23-12-2009,345.2
24-12-2009,346.77
25-12-2009,346.77
26-12-2009,346.77
27-12-2009,346.77
28-12-2009,345.73
29-12-2009,342.22
30-12-2009,340.03
31-12-2009,339.97
01-01-2010,339.97
02-01-2010,339.97
03-01-2010,339.97
04-01-2010,351.77
05-01-2010,354.88
06-01-2010,364.24
07-01-2010,360.12
08-01-2010,365.23
09-01-2010,365.23
10-01-2010,365.23
11-01-2010,366.83
12-01-2010,353.21
13-01-2010,357.46
14-01-2010,354.19
15-01-2010,347.76
16-01-2010,347.76
17-01-2010,347.76
18-01-2010,347.76
19-01-2010,350.7
20-01-2010,337.29
21-01-2010,321.34
22-01-2010,319.72
23-01-2010,319.72
24-01-2010,319.72
25-01-2010,317.04
26-01-2010,314.57
27-01-2010,311.41
28-01-2010,308.72
29-01-2010,297.2
30-01-2010,297.2
31-01-2010,297.2
01-02-2010,313.8
02-02-2010,314.83
03-02-2010,310.98
04-02-2010,294.32
05-02-2010,310.47
06-02-2010,310.47
07-02-2010,310.47
08-02-2010,300.63
09-02-2010,312.01
10-02-2010,310.2
11-02-2010,323.09
12-02-2010,320.18
13-02-2010,320.18
14-02-2010,320.18
15-02-2010,320.18
16-02-2010,328.92
17-02-2010,327.5
18-02-2010,332.99
19-02-2010,331.13
20-02-2010,331.13
21-02-2010,331.13
22-02-2010,325.66
23-02-2010,314.96
24-02-2010,312.54
25-02-2010,321.35
26-02-2010,324.1
27-02-2010,324.1
28-02-2010,324.1
01-03-2010,329.75
02-03-2010,338.02
03-03-2010,343.9
04-03-2010,340.02
05-03-2010,345.9
06-03-2010,345.9
07-03-2010,345.9
08-03-2010,342.74
09-03-2010,341.41
10-03-2010,337.26
11-03-2010,340.34
12-03-2010,338.13
13-03-2010,338.13
14-03-2010,338.13
15-03-2010,337.37
16-03-2010,346.55
17-03-2010,345.72
18-03-2010,343.63
19-03-2010,338.72
20-03-2010,338.72
21-03-2010,338.72
22-03-2010,340.37
23-03-2010,341.12
24-03-2010,329.23
25-03-2010,323.32
26-03-2010,329.82
27-03-2010,329.82
28-03-2010,329.82
29-03-2010,336.34
30-03-2010,335.06
31-03-2010,338.38
01-04-2010,353.38
02-04-2010,353.38
03-04-2010,353.38
04-04-2010,353.38
05-04-2010,356.88
06-04-2010,354.83
07-04-2010,361.58
08-04-2010,361.83
09-04-2010,364.2
10-04-2010,364.2
11-04-2010,364.2
12-04-2010,359.51
13-04-2010,357.68
14-04-2010,360.55
15-04-2010,356.89
16-04-2010,348.04
17-04-2010,348.04
18-04-2010,348.04
19-04-2010,347.8
20-04-2010,346.89
21-04-2010,347.77
22-04-2010,352.1
23-04-2010,355.31
24-04-2010,355.31
25-04-2010,355.31
26-04-2010,356.14
27-04-2010,353.31
28-04-2010,362.18
29-04-2010,366.3
30-04-2010,366.66
01-05-2010,366.66
02-05-2010,366.66
03-05-2010,360.5
04-05-2010,356.68
05-05-2010,354.87
06-05-2010,358.61
07-05-2010,352.29
08-05-2010,352.29
09-05-2010,352.29
10-05-2010,363.17
11-05-2010,376.05
12-05-2010,379.41
13-05-2010,372.99
14-05-2010,374.37
15-05-2010,374.37
16-05-2010,374.37
17-05-2010,366.66
18-05-2010,363.76
19-05-2010,351.84
20-05-2010,336.17
21-05-2010,339.26
22-05-2010,339.26
23-05-2010,339.26
24-05-2010,339.09
25-05-2010,349.6
26-05-2010,348.54
27-05-2010,358.8
28-05-2010,354.84
29-05-2010,354.84
30-05-2010,354.84
31-05-2010,354.84
01-06-2010,353.22
02-06-2010,360.94
03-06-2010,352.84
04-06-2010,344.17
05-06-2010,344.17
06-06-2010,344.17
07-06-2010,350.28
08-06-2010,354.56
09-06-2010,350.58
10-06-2010,356.38
11-06-2010,357.29
12-06-2010,357.29
13-06-2010,357.29
14-06-2010,351.85
15-06-2010,360.84
16-06-2010,364.23
17-06-2010,371.86
18-06-2010,378.88
19-06-2010,378.88
20-06-2010,378.88
21-06-2010,371.5
22-06-2010,367.95
23-06-2010,369.23
24-06-2010,366.24
25-06-2010,379.2
26-06-2010,379.2
27-06-2010,379.2
28-06-2010,374.98
29-06-2010,364.89
30-06-2010,364.38
01-07-2010,349
02-07-2010,349.26
03-07-2010,349.26
04-07-2010,349.26
05-07-2010,349.26
06-07-2010,347.36
07-07-2010,357.23
08-07-2010,353.14
09-07-2010,361.35
10-07-2010,361.35
11-07-2010,361.35
12-07-2010,358.64
13-07-2010,359.65
14-07-2010,359.29
15-07-2010,357.74
16-07-2010,345.55
17-07-2010,345.55
18-07-2010,345.55
19-07-2010,341.35
20-07-2010,348.89
21-07-2010,347.92
22-07-2010,355.08
23-07-2010,357.37
24-07-2010,357.37
25-07-2010,357.37
26-07-2010,354.51
27-07-2010,343.45
28-07-2010,344.21
29-07-2010,345.68
30-07-2010,350.37
31-07-2010,350.37
01-08-2010,350.37
02-08-2010,352.08
03-08-2010,353.68
04-08-2010,361.76
05-08-2010,361.3
06-08-2010,364.79
07-08-2010,364.79
08-08-2010,364.79
09-08-2010,364.93
10-08-2010,364.84
11-08-2010,355.8
12-08-2010,362.04
13-08-2010,358.29
14-08-2010,358.29
15-08-2010,358.29
16-08-2010,364.15
17-08-2010,368.74
18-08-2010,375
19-08-2010,371.71
20-08-2010,369.46
21-08-2010,369.46
22-08-2010,369.46
23-08-2010,365
24-08-2010,358.87
25-08-2010,366.37
26-08-2010,372.07
27-08-2010,378.43
28-08-2010,378.43
29-08-2010,378.43
30-08-2010,375.56
31-08-2010,379.9
01-09-2010,378.22
02-09-2010,382.88
03-09-2010,382.92
04-09-2010,382.92
05-09-2010,382.92
06-09-2010,382.92
07-09-2010,384.58
08-09-2010,383.91
09-09-2010,377.81
10-09-2010,381.19
11-09-2010,381.19
12-09-2010,381.19
13-09-2010,382.73
14-09-2010,393.17
15-09-2010,390.8
16-09-2010,394.23
17-09-2010,391.73
18-09-2010,391.73
19-09-2010,391.73
20-09-2010,397.15
21-09-2010,399.81
22-09-2010,404.98
23-09-2010,400.99
24-09-2010,402.26
25-09-2010,402.26
26-09-2010,402.26
27-09-2010,399.42
28-09-2010,406.83
29-09-2010,405.55
30-09-2010,401.47
01-10-2010,408.63
02-10-2010,408.63
03-10-2010,408.63
04-10-2010,401.37
05-10-2010,413.4
06-10-2010,421.69
07-10-2010,410.62
08-10-2010,418.2
09-10-2010,418.2
10-10-2010,418.2
11-10-2010,417.96
12-10-2010,416.47
13-10-2010,427.15
14-10-2010,424.21
15-10-2010,419.69
16-10-2010,419.69
17-10-2010,419.69
18-10-2010,417.05
19-10-2010,398.56
20-10-2010,405.09
21-10-2010,401.6
22-10-2010,401.96
23-10-2010,401.96
24-10-2010,401.96
25-10-2010,406.92
26-10-2010,408.74
27-10-2010,400.68
28-10-2010,411.3
29-10-2010,416.2
30-10-2010,416.2
31-10-2010,416.2
01-11-2010,417.03
02-11-2010,420.06
03-11-2010,416.5
04-11-2010,435.68
05-11-2010,436.67
06-11-2010,436.67
07-11-2010,436.67
08-11-2010,446.45
09-11-2010,436.48
10-11-2010,447.55
11-11-2010,452.08
12-11-2010,439.94
13-11-2010,439.94
14-11-2010,439.94
15-11-2010,434.02
16-11-2010,421.43
17-11-2010,421.9
18-11-2010,428.12
19-11-2010,431.14
20-11-2010,431.14
21-11-2010,431.14
22-11-2010,434.6
23-11-2010,429.92
24-11-2010,432.16
25-11-2010,432.16
26-11-2010,424.38
27-11-2010,424.38
28-11-2010,424.38
29-11-2010,427.15
30-11-2010,432.08
01-12-2010,440.47
02-12-2010,447.78
03-12-2010,456.23
04-12-2010,456.23
05-12-2010,456.23
06-12-2010,461.85
07-12-2010,455.9
08-12-2010,446.11
09-12-2010,450.03
10-12-2010,453.15
11-12-2010,453.15
12-12-2010,453.15
13-12-2010,458.79
14-12-2010,457.62
15-12-2010,449.4
16-12-2010,442.88
17-12-2010,444.04
18-12-2010,444.04
19-12-2010,444.04
20-12-2010,447.12
21-12-2010,447.14
22-12-2010,444.37
23-12-2010,448.82
24-12-2010,448.82
25-12-2010,448.82
26-12-2010,448.82
27-12-2010,447.54
28-12-2010,455.57
29-12-2010,456.85
30-12-2010,454.1
31-12-2010,458.57
01-01-2011,458.57
02-01-2011,458.57
03-01-2011,453.39
04-01-2011,444.8
05-01-2011,438.56
06-01-2011,429.33
07-01-2011,430.28
08-01-2011,430.28
09-01-2011,430.28
10-01-2011,433.33
11-01-2011,440.45
12-01-2011,440.54
13-01-2011,426.38
14-01-2011,421.83
15-01-2011,421.83
16-01-2011,421.83
17-01-2011,421.83
18-01-2011,427.22
19-01-2011,420.63
20-01-2011,413.89
21-01-2011,410.24
22-01-2011,410.24
23-01-2011,410.24
24-01-2011,406.79
25-01-2011,403.6
26-01-2011,416.81
27-01-2011,406.51
28-01-2011,406.83
29-01-2011,406.83
30-01-2011,406.83
31-01-2011,408.54
01-02-2011,420.81
02-02-2011,415.88
03-02-2011,424.96
04-02-2011,422.26
05-02-2011,422.26
06-02-2011,422.26
07-02-2011,419.74
08-02-2011,427.56
09-02-2011,420.7
10-02-2011,417.06
11-02-2011,415.8
12-02-2011,415.8
13-02-2011,415.8
14-02-2011,424.65
15-02-2011,427.14
16-02-2011,431.01
17-02-2011,434.04
18-02-2011,432.65
19-02-2011,432.65
20-02-2011,432.65
21-02-2011,432.65
22-02-2011,427.4
23-02-2011,434.67
24-02-2011,425.66
25-02-2011,432.35
26-02-2011,432.35
27-02-2011,432.35
28-02-2011,438.29
01-03-2011,441.85
02-03-2011,442.69
03-03-2011,437.63
04-03-2011,437.95
05-03-2011,437.95
06-03-2011,437.95
07-03-2011,433.23
08-03-2011,429.48
09-03-2011,423.05
10-03-2011,412.3
11-03-2011,419.63
12-03-2011,419.63
13-03-2011,419.63
14-03-2011,419.27
15-03-2011,416.33
16-03-2011,406.62
17-03-2011,411.71
18-03-2011,415.55
19-03-2011,415.55
20-03-2011,415.55
21-03-2011,422.64
22-03-2011,423.52
23-03-2011,439.03
24-03-2011,436.71
25-03-2011,435.01
26-03-2011,435.01
27-03-2011,435.01
28-03-2011,429.73
29-03-2011,430.08
30-03-2011,437.38
31-03-2011,441.95
01-04-2011,439.39
02-04-2011,439.39
03-04-2011,439.39
04-04-2011,440.47
05-04-2011,459.09
06-04-2011,458.4
07-04-2011,460.18
08-04-2011,465.79
09-04-2011,465.79
10-04-2011,465.79
11-04-2011,454.21
12-04-2011,447.34
13-04-2011,443.01
14-04-2011,447.99
15-04-2011,446.96
16-04-2011,446.96
17-04-2011,446.96
18-04-2011,443.93
19-04-2011,451
20-04-2011,457.47
21-04-2011,464.11
22-04-2011,464.11
23-04-2011,464.11
24-04-2011,464.11
25-04-2011,452.6
26-04-2011,449.28
27-04-2011,455.15
28-04-2011,451.66
29-04-2011,457
30-04-2011,457
01-05-2011,457
02-05-2011,444.62
03-05-2011,432.95
04-05-2011,428.06
05-05-2011,413.73
06-05-2011,414.33
07-05-2011,414.33
08-05-2011,414.33
09-05-2011,423.48
10-05-2011,420.63
11-05-2011,404.39
12-05-2011,402.82
13-05-2011,399.82
14-05-2011,399.82
15-05-2011,399.82
16-05-2011,400.5
17-05-2011,401.97
18-05-2011,406.45
19-05-2011,405.91
20-05-2011,407.58
21-05-2011,407.58
22-05-2011,407.58
23-05-2011,403.88
24-05-2011,413.61
25-05-2011,417.8
26-05-2011,418.57
27-05-2011,423.93
28-05-2011,423.93
29-05-2011,423.93
30-05-2011,423.93
31-05-2011,425.86
01-06-2011,416.64
02-06-2011,414.2
03-06-2011,414.15
04-06-2011,414.15
05-06-2011,414.15
06-06-2011,405.2
07-06-2011,404.46
08-06-2011,396.18
09-06-2011,401.85
10-06-2011,395.13
11-06-2011,395.13
12-06-2011,395.13
13-06-2011,390.73
14-06-2011,397.67
15-06-2011,395.42
16-06-2011,387.59
17-06-2011,388.77
18-06-2011,388.77
19-06-2011,388.77
20-06-2011,389.31
21-06-2011,401.32
22-06-2011,404.17
23-06-2011,399.71
24-06-2011,390.8
25-06-2011,390.8
26-06-2011,390.8
27-06-2011,391.4
28-06-2011,399.15
29-06-2011,407.04
30-06-2011,410.56
01-07-2011,406.91
02-07-2011,406.91
03-07-2011,406.91
04-07-2011,406.91
05-07-2011,414.37
06-07-2011,416.68
07-07-2011,422.01
08-07-2011,420.64
09-07-2011,420.64
10-07-2011,420.64
11-07-2011,413.63
12-07-2011,424.48
13-07-2011,435.86
14-07-2011,432.44
15-07-2011,437.18
16-07-2011,437.18
17-07-2011,437.18
18-07-2011,441.95
19-07-2011,439.63
20-07-2011,441.28
21-07-2011,439.64
22-07-2011,443.61
23-07-2011,443.61
24-07-2011,443.61
25-07-2011,440.04
26-07-2011,440.54
27-07-2011,428.93
28-07-2011,423.89
29-07-2011,415.86
30-07-2011,415.86
31-07-2011,415.86
01-08-2011,417.94
02-08-2011,419.91
03-08-2011,422.11
04-08-2011,398.08
05-08-2011,395.94
06-08-2011,395.94
07-08-2011,395.94
08-08-2011,389.63
09-08-2011,406.18
10-08-2011,414.64
11-08-2011,423.35
12-08-2011,417.7
13-08-2011,417.7
14-08-2011,417.7
15-08-2011,428.4
16-08-2011,424.16
17-08-2011,428.15
18-08-2011,415.49
19-08-2011,422.86
20-08-2011,422.86
21-08-2011,422.86
22-08-2011,434.63
23-08-2011,423.84
24-08-2011,416.49
25-08-2011,422.52
26-08-2011,431.47
27-08-2011,431.47
28-08-2011,431.47
29-08-2011,430.81
30-08-2011,437.44
31-08-2011,437.02
01-09-2011,439.85
02-09-2011,445.24
03-09-2011,445.24
04-09-2011,445.24
05-09-2011,445.24
06-09-2011,445.93
07-09-2011,449.05
08-09-2011,452.97
09-09-2011,446.66
10-09-2011,446.66
11-09-2011,446.66
12-09-2011,434.81
13-09-2011,438.16
14-09-2011,431.36
15-09-2011,432.48
16-09-2011,436.78
17-09-2011,436.78
18-09-2011,436.78
19-09-2011,432.71
20-09-2011,440.67
21-09-2011,428.49
22-09-2011,397.19
23-09-2011,382.11
24-09-2011,382.11
25-09-2011,382.11
26-09-2011,390.26
27-09-2011,391.12
28-09-2011,373.51
29-09-2011,374.9
30-09-2011,375.55
01-10-2011,375.55
02-10-2011,375.55
03-10-2011,372.79
04-10-2011,365.91
05-10-2011,381.75
06-10-2011,389.91
07-10-2011,381.58
08-10-2011,381.58
09-10-2011,381.58
10-10-2011,394.99
11-10-2011,393.1
12-10-2011,396.16
13-10-2011,389.18
14-10-2011,401.55
15-10-2011,401.55
16-10-2011,401.55
17-10-2011,391.98
18-10-2011,392.11
19-10-2011,372.72
20-10-2011,369.54
21-10-2011,377.08
22-10-2011,377.08
23-10-2011,377.08
24-10-2011,393.42
25-10-2011,398.69
26-10-2011,403.36
27-10-2011,414.63
28-10-2011,425.66
29-10-2011,425.66
30-10-2011,425.66
31-10-2011,411.84
01-11-2011,407.93
02-11-2011,417.27
03-11-2011,429.24
04-11-2011,428.15
05-11-2011,428.15
06-11-2011,428.15
07-11-2011,441.1
08-11-2011,438.19
09-11-2011,423.68
10-11-2011,422.6
11-11-2011,436.81
12-11-2011,436.81
13-11-2011,436.81
14-11-2011,429.61
15-11-2011,430.71
16-11-2011,422.56
17-11-2011,408.09
18-11-2011,403.93
19-11-2011,403.93
20-11-2011,403.93
21-11-2011,397.03
22-11-2011,401
23-11-2011,389.47
24-11-2011,389.47
25-11-2011,385.32
26-11-2011,385.32
27-11-2011,385.32
28-11-2011,396.36
29-11-2011,400.26
30-11-2011,427.79
01-12-2011,426.68
02-12-2011,415.45
03-12-2011,415.45
04-12-2011,415.45
05-12-2011,414.17
06-12-2011,420.73
07-12-2011,421.22
08-12-2011,407.12
09-12-2011,411.94
10-12-2011,411.94
11-12-2011,411.94
12-12-2011,398.54
13-12-2011,387.06
14-12-2011,378.23
15-12-2011,373.66
16-12-2011,378.4
17-12-2011,378.4
18-12-2011,378.4
19-12-2011,370.28
20-12-2011,383.19
21-12-2011,382.55
22-12-2011,380.42
23-12-2011,382.54
24-12-2011,382.54
25-12-2011,382.54
26-12-2011,382.54
27-12-2011,378.07
28-12-2011,365.36
29-12-2011,371.17
30-12-2011,373.54
31-12-2011,373.54
01-01-2012,373.54
02-01-2012,373.54
03-01-2012,390.29
04-01-2012,390.31
05-01-2012,389.69
06-01-2012,385.99
07-01-2012,385.99
08-01-2012,385.99
09-01-2012,387.37
10-01-2012,393.98
11-01-2012,396.76
12-01-2012,400.89
13-01-2012,396.15
14-01-2012,396.15
15-01-2012,396.15
16-01-2012,396.15
17-01-2012,395.74
18-01-2012,398.34
19-01-2012,391.39
20-01-2012,388.47
21-01-2012,388.47
22-01-2012,388.47
23-01-2012,393.36
24-01-2012,385.79
25-01-2012,407.09
26-01-2012,411.8
27-01-2012,417.23
28-01-2012,417.23
29-01-2012,417.23
30-01-2012,413.62
31-01-2012,413.85
01-02-2012,413.31
02-02-2012,417.15
03-02-2012,413.28
04-02-2012,413.28
05-02-2012,413.28
06-02-2012,413.63
07-02-2012,411.05
08-02-2012,410.81
09-02-2012,410.49
10-02-2012,402.53
11-02-2012,402.53
12-02-2012,402.53
13-02-2012,401.34
14-02-2012,395.41
15-02-2012,392.99
16-02-2012,402.22
17-02-2012,395.95
18-02-2012,395.95
19-02-2012,395.95
20-02-2012,395.95
21-02-2012,405.78
22-02-2012,411.49
23-02-2012,412.85
24-02-2012,408.93
25-02-2012,408.93
26-02-2012,408.93
27-02-2012,404.81
28-02-2012,412.12
29-02-2012,398.82
01-03-2012,402.76
02-03-2012,396.64
03-03-2012,396.64
04-03-2012,396.64
05-03-2012,388.14
06-03-2012,380.09
07-03-2012,378.92
08-03-2012,382.38
09-03-2012,380.39
10-03-2012,380.39
11-03-2012,380.39
12-03-2012,375.55
13-03-2012,374.71
14-03-2012,363.14
15-03-2012,363.88
16-03-2012,363.13
17-03-2012,363.13
18-03-2012,363.13
19-03-2012,362.55
20-03-2012,363.79
21-03-2012,363.82
22-03-2012,355.78
23-03-2012,360.4
24-03-2012,360.4
25-03-2012,360.4
26-03-2012,366.03
27-03-2012,361.55
28-03-2012,353.34
29-03-2012,354.2
30-03-2012,357.48
31-03-2012,357.48
01-04-2012,357.48
02-04-2012,364.02
03-04-2012,352.86
04-04-2012,339.69
05-04-2012,336.24
06-04-2012,336.24
07-04-2012,336.24
08-04-2012,336.24
09-04-2012,338.07
10-04-2012,339.27
11-04-2012,333.93
12-04-2012,345.98
13-04-2012,340.42
14-04-2012,340.42
15-04-2012,340.42
16-04-2012,336.49
17-04-2012,340.14
18-04-2012,338.9
19-04-2012,338.48
20-04-2012,335.12
21-04-2012,335.12
22-04-2012,335.12
23-04-2012,328.99
24-04-2012,329.42
25-04-2012,335.49
26-04-2012,334.49
27-04-2012,338.75
28-04-2012,338.75
29-04-2012,338.75
30-04-2012,336.53
01-05-2012,337.57
02-05-2012,331.74
03-05-2012,319.94
04-05-2012,320.78
05-05-2012,320.78
06-05-2012,320.78
07-05-2012,320.01
08-05-2012,310.52
09-05-2012,315.87
10-05-2012,316.66
11-05-2012,311.68
12-05-2012,311.68
13-05-2012,311.68
14-05-2012,303.81
15-05-2012,292.39
16-05-2012,293.87
17-05-2012,304.21
18-05-2012,305.04
19-05-2012,305.04
20-05-2012,305.04
21-05-2012,314.06
22-05-2012,311.05
23-05-2012,323.6
24-05-2012,323.77
25-05-2012,325.13
26-05-2012,325.13
27-05-2012,325.13
28-05-2012,325.13
29-05-2012,320.92
30-05-2012,320.26
31-05-2012,317.92
01-06-2012,335.49
02-06-2012,335.49
03-06-2012,335.49
04-06-2012,339.62
05-06-2012,340.11
06-06-2012,340.94
07-06-2012,331.91
08-06-2012,333.23
09-06-2012,333.23
10-06-2012,333.23
11-06-2012,327.87
12-06-2012,334.1
13-06-2012,334.08
14-06-2012,335.17
15-06-2012,336.6
16-06-2012,336.6
17-06-2012,336.6
18-06-2012,339.79
19-06-2012,341.77
20-06-2012,339.93
21-06-2012,322.52
22-06-2012,319.72
23-06-2012,319.72
24-06-2012,319.72
25-06-2012,322.23
26-06-2012,317.37
27-06-2012,317.04
28-06-2012,312.26
29-06-2012,323.41
30-06-2012,323.41
01-07-2012,323.41
02-07-2012,321.7
03-07-2012,332.31
04-07-2012,332.31
05-07-2012,329.64
06-07-2012,321.51
07-07-2012,321.51
08-07-2012,321.51
09-07-2012,319.59
10-07-2012,310.89
11-07-2012,302.41
12-07-2012,300.92
13-07-2012,305.67
14-07-2012,305.67
15-07-2012,305.67
16-07-2012,303.61
17-07-2012,301.86
18-07-2012,298.2
19-07-2012,302.83
20-07-2012,302.77
21-07-2012,302.77
22-07-2012,302.77
23-07-2012,296.2
24-07-2012,293.91
25-07-2012,300.49
26-07-2012,305.57
27-07-2012,308.27
28-07-2012,308.27
29-07-2012,308.27
30-07-2012,312.66
31-07-2012,308.29
01-08-2012,305.66
02-08-2012,302.61
03-08-2012,307.95
04-08-2012,307.95
05-08-2012,307.95
06-08-2012,314.15
07-08-2012,319.23
08-08-2012,318.46
09-08-2012,321.58
10-08-2012,324.13
11-08-2012,324.13
12-08-2012,324.13
13-08-2012,320.22
14-08-2012,317.33
15-08-2012,317.63
16-08-2012,327.53
17-08-2012,325.64
18-08-2012,325.64
19-08-2012,325.64
20-08-2012,326.83
21-08-2012,331.69
22-08-2012,337.86
23-08-2012,336.89
24-08-2012,335.92
25-08-2012,335.92
26-08-2012,335.92
27-08-2012,331.6
28-08-2012,331.25
29-08-2012,327.74
30-08-2012,325.38
31-08-2012,337.73
01-09-2012,337.73
02-09-2012,337.73
03-09-2012,337.73
04-09-2012,333.69
05-09-2012,334.89
06-09-2012,344.53
07-09-2012,356.21
08-09-2012,356.21
09-09-2012,356.21
10-09-2012,351.9
11-09-2012,353.45
12-09-2012,355.07
13-09-2012,371.8
14-09-2012,380.1
15-09-2012,380.1
16-09-2012,380.1
17-09-2012,377.87
18-09-2012,379.81
19-09-2012,382.15
20-09-2012,378.64
21-09-2012,380.17
22-09-2012,380.17
23-09-2012,380.17
24-09-2012,370.72
25-09-2012,365.08
26-09-2012,365.67
27-09-2012,374.82
28-09-2012,372.14
29-09-2012,372.14
30-09-2012,372.14
01-10-2012,374.11
02-10-2012,371.26
03-10-2012,366.35
04-10-2012,374.16
05-10-2012,372.68
06-10-2012,372.68
07-10-2012,372.68
08-10-2012,371.27
09-10-2012,364.82
10-10-2012,364.44
11-10-2012,365.04
12-10-2012,359.4
13-10-2012,359.4
14-10-2012,359.4
15-10-2012,358.75
16-10-2012,366.15
17-10-2012,369.16
18-10-2012,360.17
19-10-2012,359.35
20-10-2012,359.35
21-10-2012,359.35
22-10-2012,361.89
23-10-2012,352.21
24-10-2012,346.84
25-10-2012,357.11
26-10-2012,355.19
27-10-2012,355.19
28-10-2012,355.19
29-10-2012,355.19
30-10-2012,355.19
31-10-2012,363.58
01-11-2012,358.29
02-11-2012,343.26
03-11-2012,343.26
04-11-2012,343.26
05-11-2012,343.06
06-11-2012,349.84
07-11-2012,351.09
08-11-2012,350.22
09-11-2012,345.43
10-11-2012,345.43
11-11-2012,345.43
12-11-2012,343.35
13-11-2012,339.19
14-11-2012,327.15
15-11-2012,320.83
16-11-2012,321.97
17-11-2012,321.97
18-11-2012,321.97
19-11-2012,330.97
20-11-2012,329.27
21-11-2012,332.03
22-11-2012,332.03
23-11-2012,337.08
24-11-2012,337.08
25-11-2012,337.08
26-11-2012,335.9
27-11-2012,328.02
28-11-2012,330.34
29-11-2012,333.16
30-11-2012,329.83
01-12-2012,329.83
02-12-2012,329.83
03-12-2012,322.12
04-12-2012,323.06
05-12-2012,306.45
06-12-2012,304.85
07-12-2012,308.07
08-12-2012,308.07
09-12-2012,308.07
10-12-2012,311.94
11-12-2012,310.52
12-12-2012,317.87
13-12-2012,311.03
14-12-2012,312.75
15-12-2012,312.75
16-12-2012,312.75
17-12-2012,313.84
18-12-2012,311.98
19-12-2012,310.15
20-12-2012,309.32
21-12-2012,308.28
22-12-2012,308.28
23-12-2012,308.28
24-12-2012,309.43
25-12-2012,309.43
26-12-2012,311.73
27-12-2012,313.21
28-12-2012,310.13
29-12-2012,310.13
30-12-2012,310.13
31-12-2012,319.27
01-01-2013,319.27
02-01-2013,324.36
03-01-2013,314.56
04-01-2013,316.18
05-01-2013,316.18
06-01-2013,316.18
07-01-2013,311.61
08-01-2013,311.09
09-01-2013,310.38
10-01-2013,316.99
11-01-2013,315.01
12-01-2013,315.01
13-01-2013,315.01
14-01-2013,313.88
15-01-2013,315.45
16-01-2013,313.01
17-01-2013,311.79
18-01-2013,311.5
19-01-2013,311.5
20-01-2013,311.5
21-01-2013,311.5
22-01-2013,319.23
23-01-2013,313.27
24-01-2013,306.43
25-01-2013,302.09
26-01-2013,302.09
27-01-2013,302.09
28-01-2013,299.2
29-01-2013,303.16
30-01-2013,302.01
31-01-2013,299.58
01-02-2013,303.99
02-02-2013,303.99
03-02-2013,303.99
04-02-2013,304.87
05-02-2013,304.96
06-02-2013,306.89
07-02-2013,306.32
08-02-2013,305.39
09-02-2013,305.39
10-02-2013,305.39
11-02-2013,300.47
12-02-2013,303
13-02-2013,299.47
14-02-2013,300.35
15-02-2013,291.59
16-02-2013,291.59
17-02-2013,291.59
18-02-2013,291.59
19-02-2013,288.31
20-02-2013,273.94
21-02-2013,275.36
22-02-2013,276.17
23-02-2013,276.17
24-02-2013,276.17
25-02-2013,276.89
26-02-2013,280.94
27-02-2013,278.04
28-02-2013,272.86
01-03-2013,269.34
02-03-2013,269.34
03-03-2013,269.34
04-03-2013,264.5
05-03-2013,264.2
06-03-2013,274.49
07-03-2013,271.72
08-03-2013,271.28
09-03-2013,271.28
10-03-2013,271.28
11-03-2013,270.69
12-03-2013,274.84
13-03-2013,269.51
14-03-2013,271.42
15-03-2013,272.57
16-03-2013,272.57
17-03-2013,272.57
18-03-2013,273.06
19-03-2013,272.45
20-03-2013,272.92
21-03-2013,277.93
22-03-2013,276.57
23-03-2013,276.57
24-03-2013,276.57
25-03-2013,272.95
26-03-2013,272.55
27-03-2013,277.09
28-03-2013,276.7
29-03-2013,276.7
30-03-2013,276.7
31-03-2013,276.7
01-04-2013,273.18
02-04-2013,265.13
03-04-2013,255.28
04-04-2013,259.46
05-04-2013,259.6
06-04-2013,259.6
07-04-2013,259.6
08-04-2013,257.97
09-04-2013,266.81
10-04-2013,258.56
11-04-2013,255.09
12-04-2013,241.56
15-04-2013,220.15
16-04-2013,218.98
17-04-2013,209.32
18-04-2013,212.98
19-04-2013,215.35
22-04-2013,217.96
23-04-2013,213.87
24-04-2013,226.83
25-04-2013,228.43
26-04-2013,221.74
29-04-2013,225.49
30-04-2013,227.88
01-05-2013,224.52
02-05-2013,224.48
03-05-2013,226.45
06-05-2013,228
07-05-2013,224.08
08-05-2013,235
09-05-2013,232
10-05-2013,231.59
13-05-2013,226.46
14-05-2013,224.28
15-05-2013,217.12
16-05-2013,216.92
17-05-2013,212.48
20-05-2013,221.21
21-05-2013,215.94
22-05-2013,216.91
23-05-2013,216.56
24-05-2013,212.99
28-05-2013,213.04
29-05-2013,219.52
30-05-2013,229.75
31-05-2013,226.8
03-06-2013,231.55
04-06-2013,226.95
05-06-2013,226.47
06-06-2013,229.81
07-06-2013,222.65
10-06-2013,222.87
11-06-2013,216.81
12-06-2013,218.56
13-06-2013,220.29
14-06-2013,217.29
17-06-2013,217.92
18-06-2013,213.15
19-06-2013,207.38
20-06-2013,193.43
21-06-2013,196.51
24-06-2013,188.52
25-06-2013,188.16
26-06-2013,179.07
27-06-2013,182.59
28-06-2013,192.41
01-07-2013,195.04
02-07-2013,187.85
03-07-2013,189.5
05-07-2013,183.29
08-07-2013,181.46
09-07-2013,183.32
10-07-2013,182.43
11-07-2013,194.22
12-07-2013,190.21
15-07-2013,190.08
16-07-2013,197.32
17-07-2013,193.5
18-07-2013,193.12
19-07-2013,199.52
22-07-2013,208.72
23-07-2013,214.74
24-07-2013,205.11
25-07-2013,205.96
26-07-2013,208.64
29-07-2013,206.73
30-07-2013,204.82
31-07-2013,204.54
01-08-2013,202.55
02-08-2013,199.57
05-08-2013,198.14
06-08-2013,190.46
07-08-2013,189.95
08-08-2013,203.61
09-08-2013,208
12-08-2013,215.68
13-08-2013,210.71
14-08-2013,219.18
15-08-2013,228.33
16-08-2013,224.92
19-08-2013,221.57
20-08-2013,226.79
21-08-2013,218.48
22-08-2013,222.16
23-08-2013,226.94
26-08-2013,227.91
27-08-2013,219.72
28-08-2013,215.88
29-08-2013,217.39
30-08-2013,214.76
03-09-2013,217.72
04-09-2013,218.31
05-09-2013,212.64
06-09-2013,215.35
09-09-2013,215.79
10-09-2013,209.1
11-09-2013,212.26
12-09-2013,204.47
13-09-2013,205.54
16-09-2013,205.75
17-09-2013,208.24
18-09-2013,223.12
19-09-2013,217.49
20-09-2013,207.71
23-09-2013,206.02
24-09-2013,206.07
25-09-2013,208.58
26-09-2013,206.73
27-09-2013,205.89
30-09-2013,205.82
01-10-2013,201.58
02-10-2013,203.91
03-10-2013,201.06
04-10-2013,202.05
07-10-2013,203.68
08-10-2013,198.55
09-10-2013,198.91
10-10-2013,199.1
11-10-2013,196.11
14-10-2013,197.6
15-10-2013,201.06
16-10-2013,199.33
17-10-2013,207.18
18-10-2013,206.79
21-10-2013,209.86
22-10-2013,219.2
23-10-2013,215.15
24-10-2013,222.29
25-10-2013,223.33
28-10-2013,224.74
29-10-2013,221.27
30-10-2013,222.93
31-10-2013,215.68
01-11-2013,209.23
04-11-2013,214.4
05-11-2013,212.7
06-11-2013,214.65
07-11-2013,210.13
08-11-2013,212.42
11-11-2013,211.88
12-11-2013,207.8
13-11-2013,209.51
14-11-2013,212.86
15-11-2013,211.71
18-11-2013,208.53
19-11-2013,208.94
20-11-2013,203.85
21-11-2013,201.65
22-11-2013,199.83
25-11-2013,198.46
26-11-2013,194.85
27-11-2013,194.42
29-11-2013,196.16
02-12-2013,188.5
03-12-2013,186.69
04-12-2013,189.79
05-12-2013,185.99
06-12-2013,185.87
09-12-2013,188.92
10-12-2013,194.76
11-12-2013,189.73
12-12-2013,188.43
13-12-2013,189.03
16-12-2013,190.99
17-12-2013,191.14
18-12-2013,190.18
19-12-2013,187.9
20-12-2013,188.62
23-12-2013,189.02
24-12-2013,193.92
26-12-2013,195
27-12-2013,197.3
30-12-2013,194.39
31-12-2013,197.59
02-01-2014,202.66
03-01-2014,200.77
06-01-2014,200.69
07-01-2014,199.7
08-01-2014,196.71
09-01-2014,194.53
10-01-2014,199.63
13-01-2014,200.48
14-01-2014,198.25
15-01-2014,200.62
16-01-2014,202.52
17-01-2014,205.39
21-01-2014,206.69
22-01-2014,202.36
23-01-2014,205.78
24-01-2014,203.57
27-01-2014,198.62
28-01-2014,201.56
29-01-2014,205.3
30-01-2014,201.83
31-01-2014,201.58
03-02-2014,198.76
04-02-2014,198.78
05-02-2014,197.17
06-02-2014,198.14
07-02-2014,203.31
10-02-2014,206.81
11-02-2014,212.91
12-02-2014,208.37
13-02-2014,215.29
14-02-2014,219.11
18-02-2014,220.09
19-02-2014,214.44
20-02-2014,221.93
21-02-2014,220.45
24-02-2014,221.32
25-02-2014,218.64
26-02-2014,217.85
27-02-2014,217.91
28-02-2014,214.9
03-03-2014,217.56
04-03-2014,217.89
05-03-2014,220.75
06-03-2014,222.59
07-03-2014,216.37
10-03-2014,213.71
11-03-2014,213.29
12-03-2014,217.86
13-03-2014,221.08
14-03-2014,223.55
17-03-2014,220.41
18-03-2014,218.83
19-03-2014,211.93
20-03-2014,212.37
21-03-2014,214.66
24-03-2014,206.74
25-03-2014,208.47
26-03-2014,202.17
27-03-2014,204.87
28-03-2014,208.13
31-03-2014,204.85
01-04-2014,205.13
02-04-2014,209.58
03-04-2014,208.2
04-04-2014,209.1
07-04-2014,208.63
08-04-2014,213.76
09-04-2014,214.99
10-04-2014,211.09
11-04-2014,208.06
14-04-2014,211.41
15-04-2014,207.92
16-04-2014,206.3
17-04-2014,204.85
21-04-2014,204.56
22-04-2014,206.63
23-04-2014,210.19
24-04-2014,208.9
25-04-2014,212.53
28-04-2014,208.82
29-04-2014,211.76
30-04-2014,210.7
01-05-2014,208.25
02-05-2014,212.36
05-05-2014,211.79
06-05-2014,210.66
07-05-2014,208.24
08-05-2014,207.52
09-05-2014,207.18
12-05-2014,210.57
13-05-2014,210.83
14-05-2014,211.84
15-05-2014,209.01
16-05-2014,207.25
19-05-2014,207.05
20-05-2014,205.92
21-05-2014,206.25
22-05-2014,205.74
23-05-2014,205.25
27-05-2014,198.83
28-05-2014,196.34
29-05-2014,198.05
30-05-2014,199.11
02-06-2014,197.69
03-06-2014,197.74
04-06-2014,198.34
05-06-2014,200.82
06-06-2014,200.55
09-06-2014,199.53
10-06-2014,201.74
11-06-2014,202.76
12-06-2014,204.81
13-06-2014,206.29
16-06-2014,205.52
17-06-2014,206.71
18-06-2014,211.57
19-06-2014,217.9
20-06-2014,217.78
23-06-2014,222.84
24-06-2014,218.27
25-06-2014,219.47
26-06-2014,220.73
27-06-2014,221.65
30-06-2014,224.96
01-07-2014,224.34
02-07-2014,227.83
03-07-2014,228.36
07-07-2014,226.53
08-07-2014,229.19
09-07-2014,233.44
10-07-2014,230.73
11-07-2014,234.85
14-07-2014,230.94
15-07-2014,225.78
16-07-2014,230.03
17-07-2014,233.03
18-07-2014,232.38
21-07-2014,232.57
22-07-2014,231.02
23-07-2014,230.01
24-07-2014,225.96
25-07-2014,230.68
28-07-2014,232.01
29-07-2014,230.63
30-07-2014,229.14
31-07-2014,223.58
01-08-2014,223.92
04-08-2014,224.27
05-08-2014,224.58
06-08-2014,227.23
07-08-2014,226.63
08-08-2014,227.7
11-08-2014,229.55
12-08-2014,232.13
13-08-2014,231.57
14-08-2014,230.11
15-08-2014,228.46
18-08-2014,229.38
19-08-2014,227.9
20-08-2014,228.89
21-08-2014,224.88
22-08-2014,223.53
25-08-2014,221.52
26-08-2014,224.45
27-08-2014,224.23
28-08-2014,225.51
29-08-2014,227.87
02-09-2014,220.46
03-09-2014,219.5
04-09-2014,214.15
05-09-2014,214.1
08-09-2014,209.8
09-09-2014,210.78
10-09-2014,207.96
11-09-2014,209.27
12-09-2014,206.55
15-09-2014,206.84
16-09-2014,208.47
17-09-2014,204.63
18-09-2014,202.02
19-09-2014,198.64
22-09-2014,193.96
23-09-2014,195.79
24-09-2014,194.82
25-09-2014,194
26-09-2014,192.89
29-09-2014,190.68
30-09-2014,188.61
01-10-2014,187.9
02-10-2014,189.33
03-10-2014,184.11
06-10-2014,186.83
07-10-2014,181.1
08-10-2014,190.93
09-10-2014,184.17
10-10-2014,180.72
13-10-2014,182.86
14-10-2014,184.21
15-10-2014,182.32
16-10-2014,183.33
17-10-2014,179.14
20-10-2014,182.42
21-10-2014,183.65
22-10-2014,178.59
23-10-2014,178.87
24-10-2014,178.08
27-10-2014,175.2
28-10-2014,175.54
29-10-2014,170.04
30-10-2014,159.95
31-10-2014,156.71
03-11-2014,158.95
04-11-2014,155.07
05-11-2014,149.93
06-11-2014,154.98
07-11-2014,163.66
10-11-2014,156.15
11-11-2014,160.64
12-11-2014,160.65
13-11-2014,157.67
14-11-2014,165.17
17-11-2014,166.84
18-11-2014,171.88
19-11-2014,164.98
20-11-2014,168.78
21-11-2014,171.37
24-11-2014,168.61
25-11-2014,172.71
26-11-2014,171.49
28-11-2014,157.85
01-12-2014,164.55
02-12-2014,159.83
03-12-2014,164.19
04-12-2014,160.71
05-12-2014,157.12
08-12-2014,156.06
09-12-2014,161.49
10-12-2014,156.26
11-12-2014,153.46
12-12-2014,149.15
15-12-2014,140.07
16-12-2014,139.05
17-12-2014,145.99
18-12-2014,151.88
19-12-2014,151.3
22-12-2014,143.97
23-12-2014,143.76
24-12-2014,146.49
26-12-2014,150.48
29-12-2014,147.75
30-12-2014,152.24
31-12-2014,151.04
02-01-2015,154.02
05-01-2015,153.41
06-01-2015,159.8
07-01-2015,159.09
08-01-2015,158.12
09-01-2015,163.55
12-01-2015,167.48
13-01-2015,158.55
14-01-2015,153.07
15-01-2015,161.29
16-01-2015,167.05
20-01-2015,171.82
21-01-2015,173.99
22-01-2015,174.12
23-01-2015,169.81
26-01-2015,171.99
27-01-2015,174.61
28-01-2015,168.18
29-01-2015,165.31
30-01-2015,170.34
02-02-2015,172.79
03-02-2015,172.66
04-02-2015,173.2
05-02-2015,176.79
06-02-2015,167.83
09-02-2015,171.37
10-02-2015,167.76
11-02-2015,165.53
12-02-2015,168.92
13-02-2015,171.16
17-02-2015,168.04
18-02-2015,171.34
19-02-2015,167.69
20-02-2015,168.3
23-02-2015,167.54
24-02-2015,167.58
25-02-2015,170.38
26-02-2015,170.41
27-02-2015,172.64
02-03-2015,168.87
03-03-2015,166.28
04-03-2015,163.37
05-03-2015,162.58
06-03-2015,151.57
09-03-2015,147.89
10-03-2015,144.54
11-03-2015,147.78
12-03-2015,146.87
13-03-2015,145.22
16-03-2015,145.36
17-03-2015,143.07
18-03-2015,149.74
19-03-2015,146.99
20-03-2015,151.79
23-03-2015,155.52
24-03-2015,154.21
25-03-2015,152.57
26-03-2015,151.67
27-03-2015,149.8
30-03-2015,148.98
31-03-2015,146.7
01-04-2015,153.34
02-04-2015,151.88
06-04-2015,156.32
07-04-2015,153.37
08-04-2015,151.85
09-04-2015,151.32
10-04-2015,153.77
13-04-2015,152.59
14-04-2015,155.1
15-04-2015,162.08
16-04-2015,160.91
17-04-2015,160.74
20-04-2015,160.91
21-04-2015,160.65
22-04-2015,157.13
23-04-2015,159.65
24-04-2015,159.69
27-04-2015,163.53
28-04-2015,169.71
29-04-2015,171.28
30-04-2015,167.86
01-05-2015,168.86
04-05-2015,168.2
05-05-2015,167.27
06-05-2015,164.12
07-05-2015,163.77
08-05-2015,165.58
11-05-2015,165.5
12-05-2015,166.56
13-05-2015,169.62
14-05-2015,170.2
15-05-2015,169.62
18-05-2015,168.5
19-05-2015,161.99
20-05-2015,162.14
21-05-2015,161.64
22-05-2015,160.06
26-05-2015,154.15
27-05-2015,154.85
28-05-2015,157
29-05-2015,155.63
01-06-2015,154.48
02-06-2015,157.62
03-06-2015,154.73
04-06-2015,153.03
05-06-2015,150.75
08-06-2015,150.78
09-06-2015,150.43
10-06-2015,152.13
11-06-2015,149.2
12-06-2015,148.34
15-06-2015,148.73
16-06-2015,147.21
17-06-2015,150.11
18-06-2015,152.62
19-06-2015,149.16
22-06-2015,146.28
23-06-2015,147.8
24-06-2015,148.91
25-06-2015,146.54
26-06-2015,146.28
29-06-2015,144.42
30-06-2015,141.75
01-07-2015,138.73
02-07-2015,141.15
06-07-2015,142.52
07-07-2015,137
08-07-2015,135.5
09-07-2015,135.82
10-07-2015,134.73
13-07-2015,135.25
14-07-2015,134.7
15-07-2015,131.27
16-07-2015,129.41
17-07-2015,124.15
20-07-2015,111.68
21-07-2015,114.95
22-07-2015,113.4
23-07-2015,107.47
24-07-2015,108
27-07-2015,102.9
28-07-2015,105.16
29-07-2015,107.03
30-07-2015,103.05
31-07-2015,104.41
03-08-2015,100.18
04-08-2015,100.41
05-08-2015,98.99
06-08-2015,101.31
07-08-2015,99.92
10-08-2015,107.16
11-08-2015,105.54
12-08-2015,111.3
13-08-2015,106
14-08-2015,105.05
17-08-2015,108.42
18-08-2015,106.61
19-08-2015,109.46
20-08-2015,113.51
21-08-2015,111.54
24-08-2015,103.12
25-08-2015,99.05
26-08-2015,94.5
27-08-2015,102.27
28-08-2015,105.66
31-08-2015,105.1
01-09-2015,101.63
02-09-2015,100.85
03-09-2015,99.66
04-09-2015,98.25
08-09-2015,99.93
09-09-2015,97.87
10-09-2015,98.83
11-09-2015,99.88
14-09-2015,98.42
15-09-2015,98.73
16-09-2015,104.65
17-09-2015,106.52
18-09-2015,104.66
21-09-2015,102.25
22-09-2015,97.42
23-09-2015,96.64
24-09-2015,104.15
25-09-2015,103.15
28-09-2015,98.05
29-09-2015,97.96
30-09-2015,100.58
01-10-2015,98.16
02-10-2015,106.25
05-10-2015,110.37
06-10-2015,114.24
07-10-2015,114.55
08-10-2015,113.4
09-10-2015,118.43
12-10-2015,114.62
13-10-2015,115.17
14-10-2015,123.68
15-10-2015,123.82
16-10-2015,120.69
19-10-2015,116.31
20-10-2015,120.42
21-10-2015,116.6
22-10-2015,119.12
23-10-2015,121.89
26-10-2015,118.3
27-10-2015,119.06
28-10-2015,118.33
29-10-2015,114.49
30-10-2015,112.62
02-11-2015,113.31
03-11-2015,112.65
04-11-2015,110.26
05-11-2015,105.26
06-11-2015,100.77
09-11-2015,103.43
10-11-2015,101.07
11-11-2015,102.24
12-11-2015,101.55
13-11-2015,102.24
16-11-2015,103.04
17-11-2015,97.92
18-11-2015,101.91
19-11-2015,104.54
20-11-2015,101.14
23-11-2015,100.27
24-11-2015,103.56
25-11-2015,103.05
27-11-2015,100.7
30-11-2015,103.52
01-12-2015,106.4
02-12-2015,104.21
03-12-2015,105.84
04-12-2015,112.19
07-12-2015,107.05
08-12-2015,105.55
09-12-2015,106.76
10-12-2015,106.57
11-12-2015,107.29
14-12-2015,100.68
15-12-2015,100.96
16-12-2015,105.49
17-12-2015,98.03
18-12-2015,101.04
21-12-2015,102.86
22-12-2015,102.83
23-12-2015,104.75
24-12-2015,107.09
28-12-2015,103.25
29-12-2015,103.91
30-12-2015,102
31-12-2015,102.38
04-01-2016,105.17
05-01-2016,104.16
06-01-2016,106.63
07-01-2016,112.01
08-01-2016,109
11-01-2016,104.35
12-01-2016,101.4
13-01-2016,102.17
14-01-2016,98.51
15-01-2016,98.53
19-01-2016,93.35
20-01-2016,95.71
21-01-2016,96.84
22-01-2016,97.78
25-01-2016,100.78
26-01-2016,105.53
27-01-2016,107.89
28-01-2016,106.19
29-01-2016,109.06
01-02-2016,111.99
02-02-2016,109.91
03-02-2016,118.95
04-02-2016,124.62
05-02-2016,130.54
08-02-2016,135.28
09-02-2016,130.11
10-02-2016,131.84
11-02-2016,139.15
12-02-2016,142.86
16-02-2016,134.38
17-02-2016,136.95
18-02-2016,143.53
19-02-2016,141.86
22-02-2016,142.97
23-02-2016,146.35
24-02-2016,147.31
25-02-2016,148.76
26-02-2016,143.85
29-02-2016,147.96
01-03-2016,142.29
02-03-2016,146.13
03-03-2016,150.88
04-03-2016,149.95
07-03-2016,154.07
08-03-2016,149.01
09-03-2016,150.51
10-03-2016,156.85
11-03-2016,154.68
14-03-2016,150.31
15-03-2016,152.85
16-03-2016,162.67
17-03-2016,161.01
18-03-2016,161.52
21-03-2016,161.39
22-03-2016,160.42
23-03-2016,149.58
24-03-2016,152.33
28-03-2016,152.02
29-03-2016,159.75
30-03-2016,157.89
31-03-2016,155.57
01-04-2016,155.93
04-04-2016,152.31
05-04-2016,157.18
06-04-2016,157.54
07-04-2016,161.53
08-04-2016,167.04
11-04-2016,176.64
12-04-2016,178.32
13-04-2016,173.74
14-04-2016,167.97
15-04-2016,171.6
18-04-2016,172.3
19-04-2016,180.14
20-04-2016,177.05
21-04-2016,180.36
22-04-2016,176.5
25-04-2016,175.08
26-04-2016,178.75
27-04-2016,180.13
28-04-2016,188.62
29-04-2016,200.98
02-05-2016,196.86
03-05-2016,191.03
04-05-2016,181.87
05-05-2016,186.67
06-05-2016,193.31
09-05-2016,181.15
10-05-2016,187.29
11-05-2016,191.6
12-05-2016,187.39
13-05-2016,189.28
16-05-2016,193.64
17-05-2016,196.12
18-05-2016,181.08
19-05-2016,184.42
20-05-2016,184.83
23-05-2016,183.63
24-05-2016,173.55
25-05-2016,177.32
26-05-2016,177.38
27-05-2016,172.63
31-05-2016,174.91
01-06-2016,175.98
02-06-2016,176.3
03-06-2016,194.95
06-06-2016,195.07
07-06-2016,193.32
08-06-2016,198.43
09-06-2016,201.22
10-06-2016,198.42
13-06-2016,198.68
14-06-2016,194.17
15-06-2016,201.17
16-06-2016,196.47
17-06-2016,197.08
20-06-2016,196.72
21-06-2016,192.51
22-06-2016,196.47
23-06-2016,194.52
24-06-2016,204.38
27-06-2016,207.46
28-06-2016,204.99
29-06-2016,210.23
30-06-2016,214.6
01-07-2016,224.09
05-07-2016,226.4
06-07-2016,233.06
07-07-2016,226.59
08-07-2016,231.87
11-07-2016,232.57
12-07-2016,223.99
13-07-2016,230.09
14-07-2016,230.09
15-07-2016,228.39
18-07-2016,230.15
19-07-2016,228.47
20-07-2016,215.47
21-07-2016,221.7
22-07-2016,222.23
25-07-2016,214.66
26-07-2016,220.31
27-07-2016,228.68
28-07-2016,228.55
29-07-2016,233.7
01-08-2016,237.1
02-08-2016,240.68
03-08-2016,238.21
04-08-2016,239.29
05-08-2016,232.26
08-08-2016,233.66
09-08-2016,236.46
10-08-2016,240.44
11-08-2016,239.26
12-08-2016,238.16
15-08-2016,237.12
16-08-2016,235.97
17-08-2016,232.73
18-08-2016,235.05
19-08-2016,229.72
22-08-2016,225.92
23-08-2016,222.46
24-08-2016,205.31
25-08-2016,207.34
26-08-2016,206.26
29-08-2016,208.53
30-08-2016,197.63
31-08-2016,194.89
01-09-2016,201.98
02-09-2016,208.49
06-09-2016,217.91
07-09-2016,217.25
08-09-2016,213.08
09-09-2016,201.68
12-09-2016,207
13-09-2016,198.82
14-09-2016,198.77
15-09-2016,200.5
16-09-2016,197.68
19-09-2016,199.1
20-09-2016,199.06
21-09-2016,213.49
22-09-2016,212.47
23-09-2016,206.69
26-09-2016,204.32
27-09-2016,201.51
28-09-2016,205.83
29-09-2016,204.75
30-09-2016,202.36
03-10-2016,197.94
04-10-2016,178.7
05-10-2016,179.87
06-10-2016,175.41
07-10-2016,175.24
10-10-2016,175.87
11-10-2016,172.77
12-10-2016,176.63
13-10-2016,178.87
14-10-2016,175.14
17-10-2016,178.2
18-10-2016,184.26
19-10-2016,188.65
20-10-2016,188.13
21-10-2016,186.9
24-10-2016,182.87
25-10-2016,186.95
26-10-2016,183.17
27-10-2016,180.62
28-10-2016,181.76
31-10-2016,186.94
01-11-2016,192
02-11-2016,189.2
03-11-2016,192.22
04-11-2016,190.77
07-11-2016,184.45
08-11-2016,183.73
09-11-2016,187.75
10-11-2016,172.19
11-11-2016,158.74
14-11-2016,159.97
15-11-2016,167.46
16-11-2016,166.67
17-11-2016,162.92
18-11-2016,161.43
21-11-2016,163.86
22-11-2016,163.97
23-11-2016,156.18
25-11-2016,156.99
28-11-2016,163.69
29-11-2016,163
30-11-2016,159.44
01-12-2016,158.67
02-12-2016,164.13
05-12-2016,163.63
06-12-2016,162.38
07-12-2016,164.07
08-12-2016,164.21
09-12-2016,158.95
12-12-2016,159.73
13-12-2016,162.96
14-12-2016,154.32
15-12-2016,147.78
16-12-2016,149.67
19-12-2016,150.3
20-12-2016,150.25
21-12-2016,150.08
22-12-2016,149.46
23-12-2016,152.3
27-12-2016,155.4
28-12-2016,158.29
29-12-2016,168.4
30-12-2016,162.42
03-01-2017,167.67
04-01-2017,169.18
05-01-2017,178.15
06-01-2017,172.38
09-01-2017,172.2
10-01-2017,172.62
11-01-2017,172.08
12-01-2017,172.92
13-01-2017,174.3
17-01-2017,178.38
18-01-2017,176.26
19-01-2017,175.54
20-01-2017,177.62
23-01-2017,183
24-01-2017,183.63
25-01-2017,180.99
26-01-2017,176.77
27-01-2017,178.63
30-01-2017,178.58
31-01-2017,184.4
01-02-2017,183.84
02-02-2017,187.05
03-02-2017,187.37
06-02-2017,193
07-02-2017,191.76
08-02-2017,194.4
09-02-2017,189.85
10-02-2017,192.34
13-02-2017,190.49
14-02-2017,189.75
15-02-2017,189.17
16-02-2017,192.18
17-02-2017,188.63
21-02-2017,187.91
22-02-2017,184.66
23-02-2017,184.43
24-02-2017,182.66
27-02-2017,174.42
28-02-2017,174.51
01-03-2017,175.33
02-03-2017,167.95
03-03-2017,170.35
06-03-2017,166.54
07-03-2017,164.96
08-03-2017,164.33
09-03-2017,162.62
10-03-2017,166.21
13-03-2017,167.01
14-03-2017,162.94
15-03-2017,173.71
16-03-2017,172.38
17-03-2017,171.74
20-03-2017,173.86
21-03-2017,176.56
22-03-2017,177.31
23-03-2017,176.02
24-03-2017,175.15
27-03-2017,178.8
28-03-2017,173.94
29-03-2017,174.9
30-03-2017,172.4
31-03-2017,173.53
03-04-2017,176.79
04-04-2017,178.66
05-04-2017,178.78
06-04-2017,178.73
07-04-2017,178.54
10-04-2017,180.11
11-04-2017,185.1
12-04-2017,186.46
13-04-2017,186.11
17-04-2017,186.35
18-04-2017,186.01
19-04-2017,180.16
20-04-2017,181.1
21-04-2017,181.48
24-04-2017,178.43
25-04-2017,170.38
26-04-2017,171.42
27-04-2017,168.18
28-04-2017,171.9
01-05-2017,167.14
02-05-2017,168.35
03-05-2017,167.9
04-05-2017,164.42
05-05-2017,168.24
08-05-2017,168.98
09-05-2017,168.41
10-05-2017,170.93
11-05-2017,175.21
12-05-2017,177.61
15-05-2017,178.12
16-05-2017,179.6
17-05-2017,181.39
18-05-2017,176.77
19-05-2017,178.52
22-05-2017,180.21
23-05-2017,175.77
24-05-2017,178.11
25-05-2017,176.41
26-05-2017,177.96
30-05-2017,175.94
31-05-2017,176.63
01-06-2017,175.7
02-06-2017,176
05-06-2017,175.38
06-06-2017,183.79
07-06-2017,182.11
08-06-2017,179.56
09-06-2017,176.11
12-06-2017,174.67
13-06-2017,175.65
14-06-2017,170.23
15-06-2017,167.83
16-06-2017,167.68
19-06-2017,167.37
20-06-2017,166.11
21-06-2017,168.69
22-06-2017,171.32
23-06-2017,174.28
26-06-2017,172.88
27-06-2017,170.47
28-06-2017,170.91
29-06-2017,166.63
30-06-2017,167.42
03-07-2017,163.85
05-07-2017,166.08
06-07-2017,163.26
07-07-2017,160.35
10-07-2017,164.21
11-07-2017,165.43
12-07-2017,165.9
13-07-2017,163.72
14-07-2017,166.35
17-07-2017,168.13
18-07-2017,168.87
19-07-2017,169.5
20-07-2017,170.9
21-07-2017,171.61
24-07-2017,168.11
25-07-2017,170.12
26-07-2017,175.01
27-07-2017,172.26
28-07-2017,175.08
31-07-2017,174.68
01-08-2017,175.29
02-08-2017,174.11
03-08-2017,173.59
04-08-2017,170.52
07-08-2017,169.91
08-08-2017,169.58
09-08-2017,172.3
10-08-2017,175.67
11-08-2017,175.57
14-08-2017,173.61
15-08-2017,171.73
16-08-2017,175.3
17-08-2017,175.33
18-08-2017,174.26
21-08-2017,176.83
22-08-2017,175.34
23-08-2017,176.52
24-08-2017,176.81
25-08-2017,177.21
28-08-2017,183.8
29-08-2017,185.26
30-08-2017,183.69
31-08-2017,186.84
01-09-2017,187.44
05-09-2017,190.67
06-09-2017,187.72
07-09-2017,191.83
08-09-2017,190.17
11-09-2017,185.41
12-09-2017,186.31
13-09-2017,182.72
14-09-2017,183.67
15-09-2017,182.74
18-09-2017,179.25
19-09-2017,179.83
20-09-2017,176.53
21-09-2017,175.51
22-09-2017,177.44
25-09-2017,180.38
26-09-2017,177.13
27-09-2017,174.72
28-09-2017,176.01
29-09-2017,174.61
02-10-2017,174.95
03-10-2017,176.67
04-10-2017,177.97
05-10-2017,176.99
06-10-2017,178.84
09-10-2017,180.43
10-10-2017,178.82
11-10-2017,180.07
12-10-2017,180.21
13-10-2017,180.67
16-10-2017,177.31
17-10-2017,177.01
18-10-2017,175.92
19-10-2017,176.9
20-10-2017,175.78
23-10-2017,175.04
24-10-2017,173.25
25-10-2017,171.81
26-10-2017,168.41
27-10-2017,170.03
30-10-2017,171.94
31-10-2017,169.65
01-11-2017,169.3
02-11-2017,169.27
03-11-2017,168.2
06-11-2017,171.6
07-11-2017,170.72
08-11-2017,171.77
09-11-2017,171.38
10-11-2017,169.03
13-11-2017,168.59
14-11-2017,169.19
15-11-2017,169.38
16-11-2017,169.29
17-11-2017,170.84
20-11-2017,169.04
21-11-2017,170.17
22-11-2017,172.48
24-11-2017,171.37
27-11-2017,172.85
28-11-2017,171.91
29-11-2017,168.44
30-11-2017,167.73
01-12-2017,168.12
04-12-2017,165.76
05-12-2017,163.65
06-12-2017,161.43
07-12-2017,161.29
08-12-2017,161.88
11-12-2017,161.15
12-12-2017,160.12
13-12-2017,165.89
14-12-2017,165.52
15-12-2017,165.25
18-12-2017,167.77
19-12-2017,167.24
20-12-2017,169.88
21-12-2017,170.27
22-12-2017,171.81
26-12-2017,174.46
27-12-2017,173.87
28-12-2017,173.78
29-12-2017,174.01
02-01-2018,178.25
03-01-2018,176.42
04-01-2018,177.5
05-01-2018,176.84
08-01-2018,175.06
09-01-2018,173.01
10-01-2018,174.22
11-01-2018,175
12-01-2018,179.79
16-01-2018,182.38
17-01-2018,179.41
18-01-2018,176.74
19-01-2018,177.01
22-01-2018,176.94
23-01-2018,179.96
24-01-2018,184.5
25-01-2018,180.49
26-01-2018,181.55
29-01-2018,175.95
30-01-2018,174.91
31-01-2018,176.52
01-02-2018,176.41
02-02-2018,169.99
05-02-2018,167.92
06-02-2018,164.14
07-02-2018,161.52
08-02-2018,160.47
09-02-2018,157.3
12-02-2018,162.44
13-02-2018,162.15
14-02-2018,169.78
15-02-2018,169.98
16-02-2018,166.24
20-02-2018,161.59
21-02-2018,160.44
22-02-2018,159.03
23-02-2018,160.16
26-02-2018,161.56
27-02-2018,156.64
28-02-2018,155.45
01-03-2018,156.62
02-03-2018,156.47
05-03-2018,157.25
06-03-2018,160.64
07-03-2018,157.3
08-03-2018,156.92
09-03-2018,156.78
12-03-2018,158.38
13-03-2018,158.74
14-03-2018,158.83
15-03-2018,156.9
16-03-2018,157.11
19-03-2018,157.3
20-03-2018,155.93
21-03-2018,160.28
22-03-2018,157.96
23-03-2018,162.69
26-03-2018,165.04
27-03-2018,162.77
28-03-2018,159.45
29-03-2018,161.98
02-04-2018,164.09
03-04-2018,161.98
04-04-2018,161.07
05-04-2018,161.79
06-04-2018,162.73
09-04-2018,161.74
10-04-2018,163.48
11-04-2018,167.46
12-04-2018,165.78
13-04-2018,168.66
16-04-2018,168.22
17-04-2018,168.72
18-04-2018,169.87
19-04-2018,170.17
20-04-2018,168.78
23-04-2018,165.76
24-04-2018,167.55
25-04-2018,166.23
26-04-2018,166.77
27-04-2018,167.99
30-04-2018,164.5
01-05-2018,165.04
02-05-2018,165.64
03-05-2018,166.99
04-05-2018,166.99
07-05-2018,166.65
08-05-2018,167.5
09-05-2018,166.92
10-05-2018,168.91
11-05-2018,168.86
14-05-2018,168.15
15-05-2018,164.47
16-05-2018,164.45
17-05-2018,164.09
18-05-2018,164.09
21-05-2018,164.4
22-05-2018,163.61
23-05-2018,165.64
24-05-2018,167.75
25-05-2018,165.99
29-05-2018,165.24
30-05-2018,166.86
31-05-2018,165.98
01-06-2018,165.28
04-06-2018,164
05-06-2018,165.33
06-06-2018,165.99
07-06-2018,165.29
08-06-2018,165.3
11-06-2018,166.26
12-06-2018,166.71
13-06-2018,166.54
14-06-2018,168.1
15-06-2018,164.55
18-06-2018,164.59
19-06-2018,163.54
20-06-2018,162.37
21-06-2018,161.39
22-06-2018,163.85
25-06-2018,161.63
26-06-2018,161.72
27-06-2018,160.59
28-06-2018,160.81
29-06-2018,164.34
02-07-2018,163.32
03-07-2018,166.73
05-07-2018,168.67
06-07-2018,168.04
09-07-2018,166.68
10-07-2018,167.15
11-07-2018,162.76
12-07-2018,163.48
13-07-2018,162.38
16-07-2018,162.08
17-07-2018,162.09
18-07-2018,161.95
19-07-2018,160.68
20-07-2018,161.72
23-07-2018,158.52
24-07-2018,159.54
25-07-2018,160.93
26-07-2018,156.91
27-07-2018,156.25
30-07-2018,155.96
31-07-2018,156.67
01-08-2018,155.23
02-08-2018,154.28
03-08-2018,155.48
06-08-2018,153.95
07-08-2018,151.44
08-08-2018,152.17
09-08-2018,151.98
10-08-2018,151.12
13-08-2018,146.6
14-08-2018,144.59
15-08-2018,135.59
16-08-2018,132.31
17-08-2018,135.88
20-08-2018,136.31
21-08-2018,137.12
22-08-2018,138.44
23-08-2018,134.46
24-08-2018,138.62
27-08-2018,140.55
28-08-2018,137.88
29-08-2018,138.02
30-08-2018,135.89
31-08-2018,135.12
04-09-2018,130.08
05-09-2018,128.88
06-09-2018,128.83
07-09-2018,129.27
10-09-2018,126.89
11-09-2018,126.63
12-09-2018,130.85
13-09-2018,130.49
14-09-2018,129.79
17-09-2018,132.68
18-09-2018,133.43
19-09-2018,135.8
20-09-2018,136.17
21-09-2018,134.85
24-09-2018,135.62
25-09-2018,136.29
26-09-2018,133.08
27-09-2018,133.03
28-09-2018,134.07
01-10-2018,134.15
02-10-2018,138.64
03-10-2018,136.4
04-10-2018,136.18
05-10-2018,135.48
08-10-2018,136.07
09-10-2018,133.62
10-10-2018,135.5
11-10-2018,145.46
12-10-2018,144.07
15-10-2018,146.43
16-10-2018,145.7
17-10-2018,145.13
18-10-2018,145.89
19-10-2018,145.86
22-10-2018,144.03
23-10-2018,145.72
24-10-2018,143.34
25-10-2018,135.43
26-10-2018,136.81
29-10-2018,136.44
30-10-2018,137.74
31-10-2018,135.8
01-11-2018,141.71
02-11-2018,141.76
05-11-2018,141.43
06-11-2018,140.07
07-11-2018,138.81
08-11-2018,138.85
09-11-2018,136.62
12-11-2018,133.62
13-11-2018,132.09
14-11-2018,135.48
15-11-2018,137.63
16-11-2018,139.99
19-11-2018,139.68
20-11-2018,139.32
21-11-2018,143.35
23-11-2018,139.63
26-11-2018,138.69
27-11-2018,135.82
28-11-2018,139.41
29-11-2018,138.24
30-11-2018,137.3
03-12-2018,140.32
04-12-2018,141.96
06-12-2018,142.55
07-12-2018,146.38
10-12-2018,145.96
11-12-2018,145.16
12-12-2018,148.25
13-12-2018,148.82
14-12-2018,146.49
17-12-2018,149.13
18-12-2018,152.51
19-12-2018,143.67
20-12-2018,150.53
21-12-2018,148.2
24-12-2018,153.04
26-12-2018,151.17
27-12-2018,153.3
28-12-2018,150.44
31-12-2018,152.78
02-01-2019,152.18
03-01-2019,154.24
04-01-2019,152.78
07-01-2019,150.77
08-01-2019,150.35
09-01-2019,152.47
10-01-2019,150.62
11-01-2019,151.06
14-01-2019,149.37
15-01-2019,145.89
16-01-2019,146.4
17-01-2019,146.78
18-01-2019,144.76
22-01-2019,145.96
23-01-2019,146.16
24-01-2019,146.95
25-01-2019,151.97
28-01-2019,153.56
29-01-2019,157.7
30-01-2019,159.17
31-01-2019,162.61
01-02-2019,161.7
04-02-2019,161.67
05-02-2019,162.59
06-02-2019,160.77
07-02-2019,159.81
08-02-2019,162.09
11-02-2019,160.11
12-02-2019,159.23
13-02-2019,157.37
14-02-2019,158.72
15-02-2019,160.42
19-02-2019,166.55
20-02-2019,168.08
21-02-2019,166.43
22-02-2019,166.52
25-02-2019,164.73
26-02-2019,164.02
27-02-2019,161.28
28-02-2019,161.07
01-03-2019,157.71
04-03-2019,159
05-03-2019,159.84
06-03-2019,156.25
07-03-2019,157.46
08-03-2019,161.93
11-03-2019,161.28
12-03-2019,164.42
13-03-2019,165.15
14-03-2019,160.99
15-03-2019,161.71
18-03-2019,159.85
19-03-2019,160.33
20-03-2019,163.15
21-03-2019,164.66
22-03-2019,166.06
25-03-2019,169.65
26-03-2019,170.88
27-03-2019,168.68
28-03-2019,164.32
29-03-2019,163.76
01-04-2019,161.23
02-04-2019,161.98
03-04-2019,162.01
04-04-2019,165.44
05-04-2019,164.97
08-04-2019,166.42
09-04-2019,166.83
10-04-2019,164.68
11-04-2019,162.78
12-04-2019,162.46
15-04-2019,163.15
16-04-2019,159.79
17-04-2019,158.03
18-04-2019,155.73
22-04-2019,153.38
23-04-2019,152.16
24-04-2019,153.02
25-04-2019,151.93
26-04-2019,155.04
29-04-2019,151.3
30-04-2019,152.3
01-05-2019,149.31
02-05-2019,146.98
03-05-2019,147.98
06-05-2019,147.81
07-05-2019,150.64
08-05-2019,148.21
09-05-2019,147.48
10-05-2019,146.1
13-05-2019,150.45
14-05-2019,149.9
15-05-2019,149.45
16-05-2019,147.48
17-05-2019,148.39
20-05-2019,148.48
21-05-2019,148.74
22-05-2019,146.46
23-05-2019,146.91
24-05-2019,147.57
28-05-2019,146.65
29-05-2019,147.06
30-05-2019,149.4
31-05-2019,155.8
03-06-2019,161.89
04-06-2019,163.37
05-06-2019,163.94
06-06-2019,165.98
07-06-2019,165.79
10-06-2019,163.78
11-06-2019,164.58
12-06-2019,166.94
13-06-2019,168.58
14-06-2019,168.74
17-06-2019,170.27
18-06-2019,171.79
19-06-2019,173.63
20-06-2019,181.05
21-06-2019,181.96
24-06-2019,188.22
25-06-2019,185.52
26-06-2019,185.33
27-06-2019,184.21
28-06-2019,185.67
01-07-2019,179.72
02-07-2019,185.07
03-07-2019,186.04
05-07-2019,184.3
08-07-2019,184.54
09-07-2019,186.47
10-07-2019,190.21
11-07-2019,188.67
12-07-2019,190.09
15-07-2019,190.01
16-07-2019,189.1
17-07-2019,195.65
18-07-2019,201.73
19-07-2019,200.35
22-07-2019,201.22
23-07-2019,199.71
24-07-2019,201.52
25-07-2019,197.98
26-07-2019,196.69
29-07-2019,199.21
30-07-2019,199.17
31-07-2019,189.6
01-08-2019,198.39
02-08-2019,197.19
05-08-2019,203.84
06-08-2019,204.91
07-08-2019,209.62
08-08-2019,211.6
09-08-2019,210.24
12-08-2019,208.34
13-08-2019,205.04
14-08-2019,205.04
15-08-2019,207.07
16-08-2019,205.97
19-08-2019,203.89
20-08-2019,209.55
21-08-2019,209.47
22-08-2019,208.73
23-08-2019,216.42
26-08-2019,216.85
27-08-2019,223.96
28-08-2019,224.24
29-08-2019,218.29
30-08-2019,219.34
03-09-2019,221.91
04-09-2019,225.58
05-09-2019,215.03
06-09-2019,208.93
09-09-2019,203.7
10-09-2019,201.9
11-09-2019,203.05
12-09-2019,200.41
13-09-2019,197.09
16-09-2019,199.02
17-09-2019,205.54
18-09-2019,202.04
19-09-2019,206.02
20-09-2019,209.21
23-09-2019,212.98
24-09-2019,215.56
25-09-2019,209.04
26-09-2019,207.18
27-09-2019,201.95
30-09-2019,196.87
01-10-2019,197.48
02-10-2019,200.71
03-10-2019,199.95
04-10-2019,204.14
07-10-2019,202.8
08-10-2019,207.8
09-10-2019,206.26
10-10-2019,206.65
11-10-2019,197.77
14-10-2019,199.18
15-10-2019,193.96
16-10-2019,196.87
17-10-2019,200.36
18-10-2019,201.48
21-10-2019,197.34
22-10-2019,197.23
23-10-2019,199.3
24-10-2019,205.4
25-10-2019,206.84
28-10-2019,202.6
29-10-2019,203.31
30-10-2019,205.44
31-10-2019,210.53
01-11-2019,208.67
04-11-2019,204.64
05-11-2019,201.32
06-11-2019,203.77
07-11-2019,198.23
08-11-2019,197.03
11-11-2019,197.36
12-11-2019,199.4
13-11-2019,201.88
14-11-2019,203.14
15-11-2019,202.17
18-11-2019,205.5
19-11-2019,206.41
20-11-2019,207.3
21-11-2019,203.84
22-11-2019,202.5
