Date,Dow Jones Commodity Index Grains
30-10-2009,176.8
02-11-2009,182.77
03-11-2009,184.93
04-11-2009,183.48
05-11-2009,179.35
06-11-2009,176
09-11-2009,182.72
10-11-2009,184.61
11-11-2009,186.4
12-11-2009,188.19
13-11-2009,188.49
16-11-2009,194
17-11-2009,196.69
18-11-2009,195.25
19-11-2009,195.54
20-11-2009,195.33
23-11-2009,194.26
24-11-2009,191.03
25-11-2009,195.5
27-11-2009,196.01
30-11-2009,198.67
01-12-2009,197.79
02-12-2009,193.81
03-12-2009,193.76
04-12-2009,190.58
07-12-2009,190.08
08-12-2009,189.08
09-12-2009,187.34
10-12-2009,188.83
11-12-2009,191.34
14-12-2009,194.02
15-12-2009,193.37
16-12-2009,194.3
17-12-2009,187.74
18-12-2009,187.71
21-12-2009,186.4
22-12-2009,185.58
23-12-2009,187.83
24-12-2009,188
28-12-2009,193.7
29-12-2009,193.91
30-12-2009,193.48
31-12-2009,193.67
04-01-2010,196.31
05-01-2010,196.25
06-01-2010,197.61
07-01-2010,193.38
08-01-2010,194.65
11-01-2010,193.89
12-01-2010,183.86
13-01-2010,184.04
14-01-2010,182.16
15-01-2010,178.61
19-01-2010,176.68
20-01-2010,175.12
21-01-2010,176.17
22-01-2010,174.79
25-01-2010,174.24
26-01-2010,173.77
27-01-2010,170.81
28-01-2010,171.82
29-01-2010,168.6
01-02-2010,168.64
02-02-2010,171.83
03-02-2010,167.2
04-02-2010,168.35
05-02-2010,168.47
08-02-2010,172.08
09-02-2010,172.6
10-02-2010,175.94
11-02-2010,177.1
12-02-2010,176.49
16-02-2010,180.49
17-02-2010,177.47
18-02-2010,176.05
19-02-2010,176.53
22-02-2010,180.25
23-02-2010,178.11
24-02-2010,180.1
25-02-2010,177.79
26-02-2010,180.72
01-03-2010,178.76
02-03-2010,178.78
03-03-2010,180.36
04-03-2010,176.96
05-03-2010,175.3
08-03-2010,175.8
09-03-2010,174.48
10-03-2010,174.32
11-03-2010,171.67
12-03-2010,171.54
15-03-2010,171.34
16-03-2010,173.73
17-03-2010,176.68
18-03-2010,176.52
19-03-2010,176.13
22-03-2010,176.36
23-03-2010,174.43
24-03-2010,174.02
25-03-2010,170.31
26-03-2010,171.21
29-03-2010,172.66
30-03-2010,173.38
31-03-2010,167.53
01-04-2010,167.92
05-04-2010,167.53
06-04-2010,169.12
07-04-2010,172.15
08-04-2010,170.64
09-04-2010,171.25
12-04-2010,173.01
13-04-2010,175.51
14-04-2010,176.96
15-04-2010,179.55
16-04-2010,180.5
19-04-2010,175.44
20-04-2010,178.75
21-04-2010,180.39
22-04-2010,182.38
23-04-2010,179.94
26-04-2010,178.32
27-04-2010,176.26
28-04-2010,177.71
29-04-2010,179.24
30-04-2010,181.02
03-05-2010,179.28
04-05-2010,179.63
05-05-2010,179.58
06-05-2010,176.98
07-05-2010,177.76
10-05-2010,176.34
11-05-2010,177.82
12-05-2010,177.82
13-05-2010,176.01
14-05-2010,172.99
17-05-2010,170.68
18-05-2010,171.03
19-05-2010,171.01
20-05-2010,171.95
21-05-2010,172.95
24-05-2010,172.87
25-05-2010,170.47
26-05-2010,172.36
27-05-2010,174.22
28-05-2010,170.06
01-06-2010,168.32
02-06-2010,166.94
03-06-2010,168.93
04-06-2010,165.3
07-06-2010,164.32
08-06-2010,164.05
09-06-2010,164.31
10-06-2010,164.99
11-06-2010,167.56
14-06-2010,169.59
15-06-2010,169.51
16-06-2010,171.44
17-06-2010,171.85
18-06-2010,172.76
21-06-2010,172.6
22-06-2010,171.67
23-06-2010,169.77
24-06-2010,168.62
25-06-2010,167.41
28-06-2010,166.41
29-06-2010,163.82
30-06-2010,169.24
01-07-2010,172.51
02-07-2010,172.71
06-07-2010,171.87
07-07-2010,177.98
08-07-2010,181.58
09-07-2010,181.14
12-07-2010,180.26
13-07-2010,180.85
14-07-2010,183.51
15-07-2010,189.65
16-07-2010,189.12
19-07-2010,185.63
20-07-2010,184.21
21-07-2010,186.37
22-07-2010,186.58
23-07-2010,186
26-07-2010,183.1
27-07-2010,183.22
28-07-2010,187.75
29-07-2010,189.99
30-07-2010,195.86
02-08-2010,198.12
03-08-2010,197.73
04-08-2010,203.07
05-08-2010,208.12
06-08-2010,204.97
09-08-2010,205.3
10-08-2010,202.51
11-08-2010,202.98
12-08-2010,207.89
13-08-2010,209.54
16-08-2010,205.1
17-08-2010,206.27
18-08-2010,206.15
19-08-2010,205.61
20-08-2010,205.8
23-08-2010,206.33
24-08-2010,202.68
25-08-2010,200.72
26-08-2010,204.56
27-08-2010,206.68
30-08-2010,207.87
31-08-2010,205.05
01-09-2010,207.42
02-09-2010,208.2
03-09-2010,215
07-09-2010,216.38
08-09-2010,213.89
09-09-2010,216.77
10-09-2010,216.47
13-09-2010,218.18
14-09-2010,219.44
15-09-2010,219.49
16-09-2010,218.49
17-09-2010,225.4
20-09-2010,225.46
21-09-2010,223.73
22-09-2010,224.64
23-09-2010,222.68
24-09-2010,230.54
27-09-2010,228.41
28-09-2010,223.27
29-09-2010,222.98
30-09-2010,221.62
01-10-2010,211.32
04-10-2010,211.39
05-10-2010,217.08
06-10-2010,215.49
07-10-2010,217.48
08-10-2010,232.36
11-10-2010,237.74
12-10-2010,243.8
13-10-2010,241.83
14-10-2010,242.54
15-10-2010,241.9
18-10-2010,240.05
19-10-2010,236.89
20-10-2010,244.66
21-10-2010,241.37
22-10-2010,240.77
25-10-2010,243.98
26-10-2010,245.61
27-10-2010,247.76
28-10-2010,249.09
29-10-2010,249.46
01-11-2010,247.66
02-11-2010,246.82
03-11-2010,247.64
04-11-2010,254.05
05-11-2010,256.55
08-11-2010,256.73
09-11-2010,260.58
10-11-2010,258.42
11-11-2010,260.35
12-11-2010,247.05
15-11-2010,251.88
16-11-2010,238.24
17-11-2010,237.16
18-11-2010,243.93
19-11-2010,237.08
22-11-2010,238.27
23-11-2010,241.66
24-11-2010,245.04
26-11-2010,243.5
29-11-2010,243.46
30-11-2010,242.95
01-12-2010,253.29
02-12-2010,252.02
03-12-2010,258.46
06-12-2010,257.53
07-12-2010,256.02
08-12-2010,259.01
09-12-2010,258.1
10-12-2010,256.63
13-12-2010,261.93
14-12-2010,259.98
15-12-2010,259.76
16-12-2010,258.59
17-12-2010,261.31
20-12-2010,264.19
21-12-2010,265.34
22-12-2010,267.76
23-12-2010,270.37
27-12-2010,272.72
28-12-2010,275.3
29-12-2010,274.47
30-12-2010,272.26
31-12-2010,277.29
03-01-2011,274.58
04-01-2011,270.91
05-01-2011,276.07
06-01-2011,270.9
07-01-2011,267.68
10-01-2011,270.4
11-01-2011,267.71
12-01-2011,277.36
13-01-2011,280.08
14-01-2011,280.87
18-01-2011,282.96
19-01-2011,280.4
20-01-2011,282.98
21-01-2011,284.67
24-01-2011,284.39
25-01-2011,280.3
26-01-2011,284.66
27-01-2011,284.24
28-01-2011,281.66
31-01-2011,286.33
01-02-2011,289.26
02-02-2011,292.24
03-02-2011,290.2
04-02-2011,291.95
07-02-2011,291.93
08-02-2011,294.77
09-02-2011,301.65
10-02-2011,299.43
11-02-2011,300.32
14-02-2011,297.92
15-02-2011,291.65
16-02-2011,291.06
17-02-2011,298.86
18-02-2011,293.28
22-02-2011,278.27
23-02-2011,282.12
24-02-2011,279.94
25-02-2011,289.85
28-02-2011,290.73
01-03-2011,291.94
02-03-2011,291.69
03-03-2011,296.35
04-03-2011,295.91
07-03-2011,290.42
08-03-2011,285.94
09-03-2011,280.77
10-03-2011,277.45
11-03-2011,271.39
14-03-2011,272.29
15-03-2011,257.8
16-03-2011,256.21
17-03-2011,268.48
18-03-2011,277.28
21-03-2011,277.6
22-03-2011,277.98
23-03-2011,275.18
24-03-2011,280.37
25-03-2011,278.48
28-03-2011,274.35
29-03-2011,276.59
30-03-2011,275.68
31-03-2011,286.23
01-04-2011,290.68
04-04-2011,295.61
05-04-2011,295.37
06-04-2011,294.76
07-04-2011,293.14
08-04-2011,299.48
11-04-2011,298.88
12-04-2011,289.99
13-04-2011,291.17
14-04-2011,289.93
15-04-2011,288.81
18-04-2011,293.66
19-04-2011,294.21
20-04-2011,293.59
21-04-2011,297.19
25-04-2011,302.91
26-04-2011,301.67
27-04-2011,296.79
28-04-2011,287.2
29-04-2011,296.45
02-05-2011,292.85
03-05-2011,288.78
04-05-2011,286.7
05-05-2011,279.67
06-05-2011,277.86
09-05-2011,283.91
10-05-2011,284.88
11-05-2011,277.61
12-05-2011,277.31
13-05-2011,275.59
16-05-2011,277.86
17-05-2011,284.15
18-05-2011,295.62
19-05-2011,295.2
20-05-2011,296.18
23-05-2011,294.59
24-05-2011,290.12
25-05-2011,293
26-05-2011,295.51
27-05-2011,296.97
31-05-2011,292.38
01-06-2011,293.09
02-06-2011,297.06
03-06-2011,296.58
06-06-2011,288.5
07-06-2011,289.26
08-06-2011,293.97
09-06-2011,294.86
10-06-2011,294.46
13-06-2011,292.09
14-06-2011,286.93
15-06-2011,282.49
16-06-2011,276.06
17-06-2011,274.73
20-06-2011,274.2
21-06-2011,278.11
22-06-2011,270.16
23-06-2011,267.72
24-06-2011,264.88
27-06-2011,262.95
28-06-2011,268.11
29-06-2011,269.68
30-06-2011,258.48
01-07-2011,255.23
05-07-2011,259.8
06-07-2011,258.35
07-07-2011,261.5
08-07-2011,265.68
11-07-2011,264.85
12-07-2011,271.21
13-07-2011,279.66
14-07-2011,280.28
15-07-2011,281.1
18-07-2011,279.94
19-07-2011,280.31
20-07-2011,279.62
21-07-2011,277.14
22-07-2011,279.74
25-07-2011,276.34
26-07-2011,279.89
27-07-2011,280.24
28-07-2011,277.29
29-07-2011,272.03
01-08-2011,274.93
02-08-2011,284.05
03-08-2011,282.05
04-08-2011,275.46
05-08-2011,275.41
08-08-2011,269.67
09-08-2011,270.78
10-08-2011,273.1
11-08-2011,281.45
12-08-2011,281.55
15-08-2011,284.67
16-08-2011,286.35
17-08-2011,288.15
18-08-2011,284.23
19-08-2011,288.45
22-08-2011,291.61
23-08-2011,295.49
24-08-2011,294.48
25-08-2011,295.41
26-08-2011,302.32
29-08-2011,304.84
30-08-2011,306.06
31-08-2011,305.16
01-09-2011,296.67
02-09-2011,301.73
06-09-2011,297.74
07-09-2011,295.84
08-09-2011,292.59
09-09-2011,292.93
12-09-2011,291.06
13-09-2011,285.53
14-09-2011,284.9
15-09-2011,279.02
16-09-2011,276.8
19-09-2011,273.75
20-09-2011,273.74
21-09-2011,270.91
22-09-2011,259.78
23-09-2011,256.58
26-09-2011,258.73
27-09-2011,260.44
28-09-2011,252.18
29-09-2011,254.29
30-09-2011,240.56
03-10-2011,241.11
04-10-2011,237.56
05-10-2011,241.98
06-10-2011,241.3
07-10-2011,239.5
10-10-2011,242.48
11-10-2011,258.22
12-10-2011,254.81
13-10-2011,255.66
14-10-2011,257.43
17-10-2011,255.95
18-10-2011,256.02
19-10-2011,252.42
20-10-2011,254.78
21-10-2011,253.86
24-10-2011,256.36
25-10-2011,255.74
26-10-2011,251.29
27-10-2011,257.41
28-10-2011,256.15
31-10-2011,253.01
01-11-2011,252.54
02-11-2011,250.87
03-11-2011,255.26
04-11-2011,254.97
07-11-2011,253.71
08-11-2011,256.86
09-11-2011,253.46
10-11-2011,249.61
11-11-2011,250.11
14-11-2011,249.12
15-11-2011,253.52
16-11-2011,251.08
17-11-2011,243.47
18-11-2011,243
21-11-2011,238.97
22-11-2011,239.04
23-11-2011,234.04
25-11-2011,231.35
28-11-2011,234.1
29-11-2011,237.16
30-11-2011,237.83
01-12-2011,236.81
02-12-2011,237.68
05-12-2011,235.15
06-12-2011,236.32
07-12-2011,235.14
08-12-2011,236.16
09-12-2011,233.07
12-12-2011,233.52
13-12-2011,234.91
14-12-2011,229.7
15-12-2011,230.49
16-12-2011,233.1
19-12-2011,237.45
20-12-2011,239.63
21-12-2011,242.36
22-12-2011,243.65
23-12-2011,244.03
27-12-2011,251.19
28-12-2011,252.71
29-12-2011,250.65
30-12-2011,253.55
03-01-2012,257.22
04-01-2012,257.02
05-01-2012,251.29
06-01-2012,249.69
09-01-2012,255.69
10-01-2012,255.45
11-01-2012,252.73
12-01-2012,241.86
13-01-2012,238.54
17-01-2012,241.75
18-01-2012,239.26
19-01-2012,243.15
20-01-2012,243.37
23-01-2012,248.1
24-01-2012,250.76
25-01-2012,251.36
26-01-2012,253.18
27-01-2012,253.29
30-01-2012,248.54
31-01-2012,252.42
01-02-2012,254.98
02-02-2012,254.49
03-02-2012,255.97
06-02-2012,256.56
07-02-2012,256.19
08-02-2012,256.42
09-02-2012,254.52
10-02-2012,252.96
13-02-2012,257.16
14-02-2012,256.15
15-02-2012,255.41
16-02-2012,256.5
17-02-2012,258.95
21-02-2012,256.79
22-02-2012,258.7
23-02-2012,258.94
24-02-2012,259.48
27-02-2012,262.39
28-02-2012,265.73
29-02-2012,266.51
01-03-2012,265.92
02-03-2012,267.89
05-03-2012,267.71
06-03-2012,266.62
07-03-2012,262.38
08-03-2012,262.7
09-03-2012,264.51
12-03-2012,266.86
13-03-2012,268.29
14-03-2012,267.57
15-03-2012,272.39
16-03-2012,273.88
19-03-2012,270.44
20-03-2012,265.46
21-03-2012,265.19
22-03-2012,265.77
23-03-2012,268.23
26-03-2012,268.75
27-03-2012,265.35
28-03-2012,263.02
29-03-2012,258.3
30-03-2012,271.88
02-04-2012,274.74
03-04-2012,274.84
04-04-2012,273.43
05-04-2012,274.86
09-04-2012,273.52
10-04-2012,269.45
11-04-2012,269.3
12-04-2012,272.06
13-04-2012,269.26
16-04-2012,265.92
17-04-2012,265.63
18-04-2012,261.72
19-04-2012,266.16
20-04-2012,266.68
23-04-2012,268.12
24-04-2012,269.52
25-04-2012,269.04
26-04-2012,271.1
27-04-2012,276
30-04-2012,278.68
01-05-2012,276.88
02-05-2012,270.36
03-05-2012,269.9
04-05-2012,270.65
07-05-2012,269.76
08-05-2012,268.08
09-05-2012,263.8
10-05-2012,263.16
11-05-2012,257.51
14-05-2012,256.3
15-05-2012,261.55
16-05-2012,268.16
17-05-2012,271.82
18-05-2012,273.54
21-05-2012,274.59
22-05-2012,265.23
23-05-2012,262.86
24-05-2012,260.23
25-05-2012,262.11
29-05-2012,258.27
30-05-2012,256.47
31-05-2012,252.05
01-06-2012,249.29
04-06-2012,252.66
05-06-2012,252.16
06-06-2012,259.12
07-06-2012,262.56
08-06-2012,259.31
11-06-2012,255.18
12-06-2012,249.94
13-06-2012,243.64
14-06-2012,244.07
15-06-2012,241.65
18-06-2012,249.67
19-06-2012,259.77
20-06-2012,262.1
21-06-2012,256.93
22-06-2012,258.09
25-06-2012,272.68
26-06-2012,276.18
27-06-2012,277.66
28-06-2012,276.25
29-06-2012,279.52
02-07-2012,285.25
03-07-2012,293.84
05-07-2012,306.69
06-07-2012,300.21
09-07-2012,311.08
10-07-2012,307.72
11-07-2012,304.59
12-07-2012,310.71
13-07-2012,314.32
16-07-2012,325.86
17-07-2012,326.43
18-07-2012,332.69
19-07-2012,339.86
20-07-2012,346
23-07-2012,336.43
24-07-2012,325.56
25-07-2012,332.18
26-07-2012,324.5
27-07-2012,331.26
30-07-2012,339.41
31-07-2012,335.26
01-08-2012,332.63
02-08-2012,329.46
03-08-2012,334.9
06-08-2012,329.93
07-08-2012,327.31
08-08-2012,332.1
09-08-2012,339.11
10-08-2012,336.5
13-08-2012,328.73
14-08-2012,326.74
15-08-2012,332.87
16-08-2012,333.67
17-08-2012,336.42
20-08-2012,342.89
21-08-2012,350.97
22-08-2012,349.61
23-08-2012,343.81
24-08-2012,343.91
27-08-2012,341.12
28-08-2012,340.24
29-08-2012,347.92
30-08-2012,347.88
31-08-2012,344.99
04-09-2012,346.82
05-09-2012,341.27
06-09-2012,344.15
07-09-2012,344.29
10-09-2012,339.07
11-09-2012,336.31
12-09-2012,339.57
13-09-2012,341.2
14-09-2012,343.36
17-09-2012,328.5
18-09-2012,323.64
19-09-2012,330.16
20-09-2012,323.85
21-09-2012,325.74
24-09-2012,323.65
25-09-2012,323.28
26-09-2012,315.68
27-09-2012,313.16
28-09-2012,325.39
01-10-2012,320.41
02-10-2012,316.97
03-10-2012,316.93
04-10-2012,318.48
05-10-2012,316.32
08-10-2012,315.55
09-10-2012,315.81
10-10-2012,313.08
11-10-2012,321.98
12-10-2012,314.43
15-10-2012,308.71
16-10-2012,308.94
17-10-2012,312.1
18-10-2012,318.75
19-10-2012,318.22
22-10-2012,319.81
23-10-2012,318.99
24-10-2012,321.38
25-10-2012,318.21
26-10-2012,316.79
29-10-2012,313.09
30-10-2012,314.33
31-10-2012,318
01-11-2012,318.65
02-11-2012,313.63
05-11-2012,310.93
06-11-2012,313.67
07-11-2012,314.75
08-11-2012,314.1
09-11-2012,308.86
12-11-2012,299.82
13-11-2012,300.61
14-11-2012,301.99
15-11-2012,299.58
16-11-2012,298.13
19-11-2012,301.13
20-11-2012,303.69
21-11-2012,302.92
23-11-2012,304.69
26-11-2012,305.69
27-11-2012,311.71
28-11-2012,311.63
29-11-2012,310.67
30-11-2012,307.36
03-12-2012,308.8
04-12-2012,308.26
05-12-2012,311.6
06-12-2012,311.97
07-12-2012,308.01
10-12-2012,306.42
11-12-2012,303.92
12-12-2012,302.74
13-12-2012,301.87
14-12-2012,305.52
17-12-2012,303.77
18-12-2012,300.84
19-12-2012,295.23
20-12-2012,290.75
21-12-2012,293.91
24-12-2012,294.98
26-12-2012,290.37
27-12-2012,289.54
28-12-2012,290.7
31-12-2012,290.55
02-01-2013,286.25
03-01-2013,285.51
04-01-2013,281.82
07-01-2013,284.85
08-01-2013,285.11
09-01-2013,285.43
10-01-2013,285.42
11-01-2013,286.93
14-01-2013,294.32
15-01-2013,295.87
16-01-2013,298.39
17-01-2013,296.54
18-01-2013,297.51
22-01-2013,299.01
23-01-2013,296.21
24-01-2013,296.09
25-01-2013,296.69
28-01-2013,298.76
29-01-2013,299.03
30-01-2013,303.87
31-01-2013,302.46
01-02-2013,301.38
04-02-2013,302.36
05-02-2013,301.83
06-02-2013,300.38
07-02-2013,298.08
08-02-2013,294.19
11-02-2013,290.11
12-02-2013,287.59
13-02-2013,287.81
14-02-2013,286.97
15-02-2013,288.67
19-02-2013,291.43
20-02-2013,293.58
21-02-2013,290.8
22-02-2013,287.64
25-02-2013,286.01
26-02-2013,287.34
27-02-2013,288.23
28-02-2013,290.92
01-03-2013,291.16
04-03-2013,290.98
05-03-2013,292.53
06-03-2013,288.04
07-03-2013,289.94
08-03-2013,291.54
11-03-2013,293.67
12-03-2013,293.24
13-03-2013,290.95
14-03-2013,291.73
15-03-2013,290.77
18-03-2013,288.95
19-03-2013,290.51
20-03-2013,293.3
21-03-2013,295.73
22-03-2013,294.01
25-03-2013,294.53
26-03-2013,295.47
27-03-2013,297.13
28-03-2013,283.32
01-04-2013,272.81
02-04-2013,273.34
03-04-2013,273.8
04-04-2013,271.04
05-04-2013,269.65
08-04-2013,272.03
09-04-2013,273.89
10-04-2013,272.59
11-04-2013,272.06
12-04-2013,275.34
15-04-2013,269.77
16-04-2013,274.07
17-04-2013,274.56
18-04-2013,273.77
19-04-2013,273.84
22-04-2013,270.11
23-04-2013,267.7
24-04-2013,266.92
25-04-2013,271.32
26-04-2013,270.64
29-04-2013,280.89
30-04-2013,279.54
01-05-2013,275.96
02-05-2013,278.7
03-05-2013,279.4
06-05-2013,272.71
07-05-2013,274.82
08-05-2013,274.43
09-05-2013,279.7
10-05-2013,275.56
13-05-2013,280.74
14-05-2013,279.93
15-05-2013,278.32
16-05-2013,277.87
17-05-2013,281.16
20-05-2013,282.39
21-05-2013,281.9
22-05-2013,286.67
23-05-2013,288.67
24-05-2013,285.35
28-05-2013,289.57
29-05-2013,289.21
30-05-2013,286.8
31-05-2013,289.74
03-06-2013,291.1
04-06-2013,291.46
05-06-2013,291.28
06-06-2013,290.93
07-06-2013,285.53
10-06-2013,275.6
11-06-2013,273.01
12-06-2013,263.66
13-06-2013,255.51
14-06-2013,255.1
17-06-2013,254.89
18-06-2013,257.29
19-06-2013,263.74
20-06-2013,259.18
21-06-2013,257
24-06-2013,253.85
25-06-2013,253.71
26-06-2013,252.56
27-06-2013,251.99
28-06-2013,245.04
01-07-2013,241.71
02-07-2013,242.05
03-07-2013,243.14
05-07-2013,239.67
08-07-2013,243.25
09-07-2013,249.3
10-07-2013,250.56
11-07-2013,252.44
12-07-2013,246.86
15-07-2013,245.3
16-07-2013,248.83
17-07-2013,247.26
18-07-2013,245.77
19-07-2013,247.25
22-07-2013,247.78
23-07-2013,241.94
24-07-2013,239.32
25-07-2013,234.09
26-07-2013,233.92
29-07-2013,232.75
30-07-2013,232.44
31-07-2013,233.9
01-08-2013,230.48
02-08-2013,227.79
05-08-2013,225.94
06-08-2013,225.29
07-08-2013,223.95
08-08-2013,225.99
09-08-2013,223.99
12-08-2013,229.41
13-08-2013,226.45
14-08-2013,228.83
15-08-2013,234.35
16-08-2013,232.03
19-08-2013,240.15
20-08-2013,236.9
21-08-2013,239.58
22-08-2013,234.48
23-08-2013,239.47
26-08-2013,251.26
27-08-2013,247.07
28-08-2013,246.17
29-08-2013,245.53
30-08-2013,244.59
03-09-2013,245.81
04-09-2013,241.68
05-09-2013,241.29
06-09-2013,242.93
09-09-2013,240.72
10-09-2013,241.8
11-09-2013,242.73
12-09-2013,245.58
13-09-2013,242.37
16-09-2013,238.87
17-09-2013,238.04
18-09-2013,239.09
19-09-2013,239.52
20-09-2013,235.25
23-09-2013,235.36
24-09-2013,235.43
25-09-2013,238.04
26-09-2013,238.42
27-09-2013,238.57
30-09-2013,233.03
01-10-2013,231.49
02-10-2013,232.39
03-10-2013,233.95
04-10-2013,235.02
07-10-2013,236.63
08-10-2013,234.63
09-10-2013,234.51
10-10-2013,233.33
11-10-2013,231.09
14-10-2013,232.28
15-10-2013,232.58
16-10-2013,232.86
17-10-2013,234.44
18-10-2013,235.39
21-10-2013,236.39
22-10-2013,235.17
23-10-2013,236.66
24-10-2013,235.85
25-10-2013,234.58
28-10-2013,230.12
29-10-2013,230.6
30-10-2013,230.42
31-10-2013,228.72
01-11-2013,227.21
04-11-2013,227.16
05-11-2013,225.98
06-11-2013,225.5
07-11-2013,226.81
08-11-2013,230.87
11-11-2013,233.1
12-11-2013,234.23
13-11-2013,234.1
14-11-2013,233.29
15-11-2013,229.27
18-11-2013,227.99
19-11-2013,228.38
20-11-2013,227.75
21-11-2013,229.98
22-11-2013,232.52
25-11-2013,233.84
26-11-2013,232.45
27-11-2013,232.44
29-11-2013,233.78
02-12-2013,232.09
03-12-2013,233.59
04-12-2013,234.98
05-12-2013,233.72
06-12-2013,233.34
09-12-2013,235.24
10-12-2013,233.44
11-12-2013,234.4
12-12-2013,231.34
13-12-2013,229.61
16-12-2013,229.76
17-12-2013,231.07
18-12-2013,228.52
19-12-2013,229.87
20-12-2013,231.59
23-12-2013,230.51
24-12-2013,230.63
26-12-2013,227.58
27-12-2013,228.69
30-12-2013,227.01
31-12-2013,225.63
02-01-2014,222.91
03-01-2014,224.12
06-01-2014,225.39
07-01-2014,224.86
08-01-2014,221.84
09-01-2014,221.1
10-01-2014,224.36
13-01-2014,226.16
14-01-2014,227.11
15-01-2014,226.25
16-01-2014,226.77
17-01-2014,225.61
21-01-2014,222.66
22-01-2014,222.8
23-01-2014,223.64
24-01-2014,224.07
27-01-2014,224.59
28-01-2014,224.57
29-01-2014,221.46
30-01-2014,223.17
31-01-2014,224.09
03-02-2014,225.78
04-02-2014,229.96
05-02-2014,230.7
06-02-2014,231.07
07-02-2014,231.59
10-02-2014,231.34
11-02-2014,232.06
12-02-2014,230.68
13-02-2014,233
14-02-2014,233.44
18-02-2014,236.94
19-02-2014,237.7
20-02-2014,238.58
21-02-2014,238.52
24-02-2014,240.24
25-02-2014,242.05
26-02-2014,242.05
27-02-2014,239.24
28-02-2014,243.7
03-03-2014,246.42
04-03-2014,250.83
05-03-2014,250.17
06-03-2014,253.51
07-03-2014,255.33
10-03-2014,249.25
11-03-2014,250.84
12-03-2014,251.13
13-03-2014,250.62
14-03-2014,251.03
17-03-2014,249.26
18-03-2014,254
19-03-2014,256.88
20-03-2014,254.7
21-03-2014,252
24-03-2014,256.82
25-03-2014,256.03
26-03-2014,255.83
27-03-2014,257.78
28-03-2014,256.75
31-03-2014,261
01-04-2014,262.99
02-04-2014,257.95
03-04-2014,260.24
04-04-2014,259.98
07-04-2014,259.18
08-04-2014,262.3
09-04-2014,261.91
10-04-2014,260.2
11-04-2014,258.06
14-04-2014,261.56
15-04-2014,265.21
16-04-2014,264.97
17-04-2014,264.13
21-04-2014,260.1
22-04-2014,260.46
23-04-2014,261.52
24-04-2014,262.49
25-04-2014,266.34
28-04-2014,267.1
29-04-2014,270.58
30-04-2014,270.14
01-05-2014,262.73
02-05-2014,262.9
05-05-2014,264.62
06-05-2014,266.72
07-05-2014,264.86
08-05-2014,267.15
09-05-2014,266.15
12-05-2014,262.41
13-05-2014,264.25
14-05-2014,261.94
15-05-2014,257.54
16-05-2014,256.62
19-05-2014,257.23
20-05-2014,255.02
21-05-2014,257.78
22-05-2014,258.94
23-05-2014,258.44
27-05-2014,253.99
28-05-2014,255.09
29-05-2014,254.25
30-05-2014,252.72
02-06-2014,252.88
03-06-2014,249.37
04-06-2014,249.29
05-06-2014,245.66
06-06-2014,244.12
09-06-2014,238.49
10-06-2014,233.24
11-06-2014,226.82
12-06-2014,222.54
13-06-2014,223.88
16-06-2014,222.03
17-06-2014,221.13
18-06-2014,221.96
19-06-2014,225.07
20-06-2014,225.54
23-06-2014,223.77
24-06-2014,222.03
25-06-2014,222.54
26-06-2014,224.45
27-06-2014,224.24
30-06-2014,212.89
01-07-2014,211.17
02-07-2014,210.06
03-07-2014,209.18
07-07-2014,205.44
08-07-2014,204.15
09-07-2014,201.44
10-07-2014,199.4
11-07-2014,195.12
14-07-2014,197.4
15-07-2014,195.99
16-07-2014,198.12
17-07-2014,198.42
18-07-2014,195.07
21-07-2014,192.4
22-07-2014,190.18
23-07-2014,192.57
24-07-2014,192.97
25-07-2014,193.72
28-07-2014,196.46
29-07-2014,193.32
30-07-2014,192.6
31-07-2014,192.07
01-08-2014,189.49
04-08-2014,193
05-08-2014,191.84
06-08-2014,195.27
07-08-2014,194.62
08-08-2014,193.63
11-08-2014,193.89
12-08-2014,192.79
13-08-2014,191.97
14-08-2014,193.87
15-08-2014,194.81
18-08-2014,193.83
19-08-2014,193.81
20-08-2014,191.16
21-08-2014,191.75
22-08-2014,192.99
25-08-2014,190.66
26-08-2014,190.19
27-08-2014,190.18
28-08-2014,191.94
29-08-2014,190.29
02-09-2014,190.25
03-09-2014,185.95
04-09-2014,183.26
05-09-2014,186.89
08-09-2014,184.28
09-09-2014,181.82
10-09-2014,181.7
11-09-2014,179.16
12-09-2014,178.54
15-09-2014,179.55
16-09-2014,178.65
17-09-2014,178.6
18-09-2014,176.33
19-09-2014,173.03
22-09-2014,171.29
23-09-2014,170.25
24-09-2014,171.25
25-09-2014,169.08
26-09-2014,167.46
29-09-2014,169.5
30-09-2014,167.44
01-10-2014,167.9
02-10-2014,169.08
03-10-2014,168.32
06-10-2014,172.96
07-10-2014,175.29
08-10-2014,175.49
09-10-2014,175.62
10-10-2014,172.43
13-10-2014,177.13
14-10-2014,181.13
15-10-2014,178.2
16-10-2014,180.9
17-10-2014,178.77
20-10-2014,178.03
21-10-2014,181.44
22-10-2014,180.9
23-10-2014,185
24-10-2014,181.75
27-10-2014,186.4
28-10-2014,187.34
29-10-2014,192.68
30-10-2014,190.61
31-10-2014,192.56
03-11-2014,190.58
04-11-2014,186.74
05-11-2014,188.27
06-11-2014,188.95
07-11-2014,189.25
10-11-2014,189.31
11-11-2014,194.36
12-11-2014,195.22
13-11-2014,198.19
14-11-2014,195.01
17-11-2014,195.01
18-11-2014,192.71
19-11-2014,188.89
20-11-2014,192.86
21-11-2014,194.37
24-11-2014,192.79
25-11-2014,196.11
26-11-2014,196.82
28-11-2014,194.55
01-12-2014,196.46
02-12-2014,192.76
03-12-2014,192.31
04-12-2014,194.75
05-12-2014,198.3
08-12-2014,198.42
09-12-2014,199.15
10-12-2014,197.24
11-12-2014,200
12-12-2014,202.57
15-12-2014,202.82
16-12-2014,201.36
17-12-2014,203.64
18-12-2014,205.19
19-12-2014,203.37
22-12-2014,203.83
23-12-2014,204.78
24-12-2014,201.34
26-12-2014,204.21
29-12-2014,203.66
30-12-2014,201.33
31-12-2014,197.11
02-01-2015,194.96
05-01-2015,200.59
06-01-2015,201.54
07-01-2015,199.28
08-01-2015,197.48
09-01-2015,198.65
12-01-2015,195.16
13-01-2015,190.77
14-01-2015,189.86
15-01-2015,187.75
16-01-2015,189.05
20-01-2015,188.91
21-01-2015,188.59
22-01-2015,187.02
23-01-2015,186.98
26-01-2015,186.94
27-01-2015,185.45
28-01-2015,182.95
29-01-2015,182.68
30-01-2015,181.48
02-02-2015,180.75
03-02-2015,187.28
04-02-2015,185.32
05-02-2015,187.3
06-02-2015,187.13
09-02-2015,189.07
10-02-2015,187.49
11-02-2015,188.25
12-02-2015,188.39
13-02-2015,190.41
17-02-2015,192.51
18-02-2015,189.85
19-02-2015,191.68
20-02-2015,189.36
23-02-2015,188.06
24-02-2015,189.45
25-02-2015,188.03
26-02-2015,190.46
27-02-2015,192.43
02-03-2015,189.1
03-03-2015,189.86
04-03-2015,187.36
05-03-2015,185.88
06-03-2015,185.23
09-03-2015,186.91
10-03-2015,186.19
11-03-2015,187.79
12-03-2015,187.62
13-03-2015,184.41
16-03-2015,184.47
17-03-2015,181.11
18-03-2015,183.18
19-03-2015,182.7
20-03-2015,186.83
23-03-2015,188.87
24-03-2015,188.61
25-03-2015,188.39
26-03-2015,186.19
27-03-2015,186
30-03-2015,187.98
31-03-2015,184.31
01-04-2015,187.71
02-04-2015,188.66
06-04-2015,187.19
07-04-2015,186
08-04-2015,185.72
09-04-2015,183.72
10-04-2015,184.11
13-04-2015,181.52
14-04-2015,183.11
15-04-2015,183.33
16-04-2015,183.53
17-04-2015,184.27
20-04-2015,185.17
21-04-2015,184.25
22-04-2015,183.62
23-04-2015,184.1
24-04-2015,181.3
27-04-2015,179.8
28-04-2015,180.39
29-04-2015,182.36
30-04-2015,180.4
01-05-2015,178.83
04-05-2015,179.54
05-05-2015,180.18
06-05-2015,181.4
07-05-2015,179.48
08-05-2015,180.37
11-05-2015,179.73
12-05-2015,178.04
13-05-2015,178.48
14-05-2015,181.4
15-05-2015,180.46
18-05-2015,181.67
19-05-2015,179.18
20-05-2015,178.58
21-05-2015,179.73
22-05-2015,177.11
26-05-2015,174.81
27-05-2015,173.9
28-05-2015,174.49
29-05-2015,174.2
01-06-2015,174.58
02-06-2015,178.23
03-06-2015,177.56
04-06-2015,180.13
05-06-2015,178.28
08-06-2015,180.22
09-06-2015,180.86
10-06-2015,178
11-06-2015,175.82
12-06-2015,174.68
15-06-2015,172.75
16-06-2015,176
17-06-2015,178.16
18-06-2015,177.84
19-06-2015,176.85
22-06-2015,180.34
23-06-2015,183
24-06-2015,182.21
25-06-2015,186.94
26-06-2015,191.08
29-06-2015,191.34
30-06-2015,203.53
01-07-2015,201.34
02-07-2015,202.48
06-07-2015,200.96
07-07-2015,197.14
08-07-2015,197.16
09-07-2015,200.45
10-07-2015,201.87
13-07-2015,203.38
14-07-2015,200.79
15-07-2015,199.89
16-07-2015,199.2
17-07-2015,196.78
20-07-2015,192.44
21-07-2015,192.72
22-07-2015,190.79
23-07-2015,189.68
24-07-2015,185.9
27-07-2015,179.21
28-07-2015,181.1
29-07-2015,179.02
30-07-2015,180.51
31-07-2015,179.35
03-08-2015,178.13
04-08-2015,178.83
05-08-2015,180.99
06-08-2015,179.78
07-08-2015,182.85
10-08-2015,189.89
11-08-2015,184.92
12-08-2015,175.44
13-08-2015,179.34
14-08-2015,178.53
17-08-2015,177.99
18-08-2015,176.82
19-08-2015,176.01
20-08-2015,178.6
21-08-2015,175.6
24-08-2015,174.84
25-08-2015,174.16
26-08-2015,172.08
27-08-2015,173.5
28-08-2015,173.79
31-08-2015,174.14
01-09-2015,171.83
02-09-2015,171.17
03-09-2015,169.06
04-09-2015,169.2
08-09-2015,171.63
09-09-2015,170.89
10-09-2015,172.21
11-09-2015,174.62
14-09-2015,177.55
15-09-2015,177.19
16-09-2015,175.94
17-09-2015,174.29
18-09-2015,172.49
21-09-2015,174.88
22-09-2015,172.94
23-09-2015,174.29
24-09-2015,173.81
25-09-2015,177.68
28-09-2015,175.97
29-09-2015,176.94
30-09-2015,178.01
01-10-2015,177.05
02-10-2015,176.52
05-10-2015,178.29
06-10-2015,180.06
07-10-2015,179.51
08-10-2015,177.67
09-10-2015,176.74
12-10-2015,176.58
13-10-2015,180.56
14-10-2015,178.69
15-10-2015,177.3
16-10-2015,176.16
19-10-2015,174.5
20-10-2015,175.93
21-10-2015,177.59
22-10-2015,176.12
23-10-2015,175.84
26-10-2015,176.51
27-10-2015,176.43
28-10-2015,174.82
29-10-2015,175.64
30-10-2015,176.93
02-11-2015,174.56
03-11-2015,175.66
04-11-2015,176.68
05-11-2015,173.71
06-11-2015,174.03
09-11-2015,172.14
10-11-2015,169.57
11-11-2015,170.94
12-11-2015,171.51
13-11-2015,170.03
16-11-2015,170.55
17-11-2015,170.72
18-11-2015,170.01
19-11-2015,170.92
20-11-2015,170.42
23-11-2015,172.04
24-11-2015,170.95
25-11-2015,172.53
27-11-2015,171
30-11-2015,172.46
01-12-2015,173.27
02-12-2015,172.79
03-12-2015,175.02
04-12-2015,176.87
07-12-2015,173.14
08-12-2015,172.63
09-12-2015,173.22
10-12-2015,174.65
11-12-2015,173.04
14-12-2015,174.04
15-12-2015,173.04
16-12-2015,170.8
17-12-2015,172.94
18-12-2015,174.62
21-12-2015,173.64
22-12-2015,171.79
23-12-2015,171.08
24-12-2015,170.04
28-12-2015,168.28
29-12-2015,169.48
30-12-2015,169.01
31-12-2015,168.43
04-01-2016,165.77
05-01-2016,166.34
06-01-2016,167.2
07-01-2016,167.44
08-01-2016,168.73
11-01-2016,166.94
12-01-2016,169.84
13-01-2016,170.35
14-01-2016,170.01
15-01-2016,170.84
19-01-2016,172
20-01-2016,171.03
21-01-2016,171.42
22-01-2016,171.75
25-01-2016,172.39
26-01-2016,172.13
27-01-2016,172.23
28-01-2016,169.93
29-01-2016,172.78
01-02-2016,172.25
02-02-2016,172.96
03-02-2016,172.09
04-02-2016,171.01
05-02-2016,169.83
08-02-2016,168.58
09-02-2016,168.71
10-02-2016,169.02
11-02-2016,170.24
12-02-2016,169.83
16-02-2016,171.47
17-02-2016,172.64
18-02-2016,171.83
19-02-2016,171.51
22-02-2016,172.15
23-02-2016,169.71
24-02-2016,169.02
25-02-2016,167.92
26-02-2016,167.45
29-02-2016,166.91
01-03-2016,165.97
02-03-2016,166.66
03-03-2016,167.52
04-03-2016,169.29
07-03-2016,169.85
08-03-2016,170.48
09-03-2016,170.65
10-03-2016,172.02
11-03-2016,172.93
14-03-2016,173.75
15-03-2016,173.28
16-03-2016,173.09
17-03-2016,172.86
18-03-2016,172.61
21-03-2016,173.68
22-03-2016,174.58
23-03-2016,173.63
24-03-2016,174.36
28-03-2016,174.76
29-03-2016,176.17
30-03-2016,173.72
31-03-2016,172.04
01-04-2016,173.29
04-04-2016,172.83
05-04-2016,172.29
06-04-2016,172.1
07-04-2016,172.27
08-04-2016,174.12
11-04-2016,173.85
12-04-2016,176.14
13-04-2016,180.7
14-04-2016,180.06
15-04-2016,181.52
18-04-2016,182.67
19-04-2016,187.21
20-04-2016,192.26
21-04-2016,190.95
22-04-2016,183.88
25-04-2016,186.34
26-04-2016,189.43
27-04-2016,188.91
28-04-2016,189.93
29-04-2016,190.43
02-05-2016,191.65
03-05-2016,187.33
04-05-2016,187.27
05-05-2016,184.28
06-05-2016,187.02
09-05-2016,184.42
10-05-2016,191.99
11-05-2016,190.7
12-05-2016,192.52
13-05-2016,192.57
16-05-2016,193.01
17-05-2016,195.38
18-05-2016,195.21
19-05-2016,192.65
20-05-2016,193.58
23-05-2016,192.3
24-05-2016,192.01
25-05-2016,196.21
26-05-2016,197.16
27-05-2016,198.49
31-05-2016,195.43
01-06-2016,199.45
02-06-2016,204.57
03-06-2016,204.63
06-06-2016,207.28
07-06-2016,207.54
08-06-2016,211.89
09-06-2016,210.43
10-06-2016,209.6
13-06-2016,210.28
14-06-2016,210.06
15-06-2016,207.36
16-06-2016,204.68
17-06-2016,210
20-06-2016,205.49
21-06-2016,198.53
22-06-2016,198.42
23-06-2016,195.67
24-06-2016,192.86
27-06-2016,194.88
28-06-2016,196.16
29-06-2016,192.91
30-06-2016,194.86
01-07-2016,191.57
05-07-2016,184.69
06-07-2016,182.55
07-07-2016,177.86
08-07-2016,183.68
11-07-2016,182.01
12-07-2016,186.03
13-07-2016,189.3
14-07-2016,184.42
15-07-2016,182.45
18-07-2016,184.41
19-07-2016,177.66
20-07-2016,174.97
21-07-2016,175
22-07-2016,173.65
25-07-2016,172
26-07-2016,171.28
27-07-2016,172.88
28-07-2016,171.11
29-07-2016,173.68
01-08-2016,168.5
02-08-2016,167.19
03-08-2016,168.14
04-08-2016,167.01
05-08-2016,170.65
08-08-2016,172.38
09-08-2016,172.79
10-08-2016,173.35
11-08-2016,173.69
12-08-2016,173.95
15-08-2016,176.84
16-08-2016,176.77
17-08-2016,178.26
18-08-2016,178.63
19-08-2016,178.08
22-08-2016,178.2
23-08-2016,176.56
24-08-2016,175.61
25-08-2016,172.15
26-08-2016,169.06
29-08-2016,167.24
30-08-2016,164.86
31-08-2016,163.93
01-09-2016,165.93
02-09-2016,167.87
06-09-2016,168.4
07-09-2016,170.83
08-09-2016,172.14
09-09-2016,172.73
12-09-2016,171.52
13-09-2016,167.54
14-09-2016,167.89
15-09-2016,168.01
16-09-2016,170.79
19-09-2016,171.42
20-09-2016,173.61
21-09-2016,172.46
22-09-2016,171.83
23-09-2016,169.91
26-09-2016,167.15
27-09-2016,168.8
28-09-2016,167.75
29-09-2016,167.85
30-09-2016,169.62
03-10-2016,172.34
04-10-2016,171.86
05-10-2016,171.92
06-10-2016,170.13
07-10-2016,169.87
10-10-2016,171
11-10-2016,171.7
12-10-2016,168.94
13-10-2016,173.51
14-10-2016,175.14
17-10-2016,176.7
18-10-2016,176.02
19-10-2016,177.52
20-10-2016,175.71
21-10-2016,176.44
24-10-2016,175.77
25-10-2016,176.05
26-10-2016,178.97
27-10-2016,180.08
28-10-2016,178.08
31-10-2016,178.53
01-11-2016,175.82
02-11-2016,175.01
03-11-2016,175.15
04-11-2016,175.53
07-11-2016,176.08
08-11-2016,179.45
09-11-2016,175.44
10-11-2016,176.88
11-11-2016,175.82
14-11-2016,174.4
15-11-2016,175.97
16-11-2016,174.85
17-11-2016,176.14
18-11-2016,177.52
21-11-2016,180.67
22-11-2016,181.78
23-11-2016,181.97
25-11-2016,182.53
28-11-2016,183.24
29-11-2016,179.88
30-11-2016,178.42
01-12-2016,176.67
02-12-2016,177.87
05-12-2016,181.5
06-12-2016,181.94
07-12-2016,181.4
08-12-2016,179.42
09-12-2016,182.14
12-12-2016,182.04
13-12-2016,182.09
14-12-2016,181.91
15-12-2016,180.79
16-12-2016,181.43
19-12-2016,179.38
20-12-2016,177.33
21-12-2016,176.67
22-12-2016,175.36
23-12-2016,174.31
27-12-2016,179.33
28-12-2016,176.91
29-12-2016,177.11
30-12-2016,176.96
03-01-2017,176.64
04-01-2017,179.98
05-01-2017,180.56
06-01-2017,178.27
09-01-2017,179.84
10-01-2017,180.29
11-01-2017,179.38
12-01-2017,182.82
13-01-2017,183.5
17-01-2017,187.2
18-01-2017,187.51
19-01-2017,186.68
20-01-2017,187.26
23-01-2017,186.63
24-01-2017,185.32
25-01-2017,185.29
26-01-2017,184.55
27-01-2017,183.87
30-01-2017,180.18
31-01-2017,181.1
01-02-2017,184.46
02-02-2017,184.48
03-02-2017,182.89
06-02-2017,182.97
07-02-2017,185.47
08-02-2017,188.03
09-02-2017,188.5
10-02-2017,191.2
13-02-2017,191.88
14-02-2017,190.59
15-02-2017,193.04
16-02-2017,190.13
17-02-2017,187.86
21-02-2017,187.06
22-02-2017,187.43
23-02-2017,185.38
24-02-2017,184.89
27-02-2017,183.62
28-02-2017,186.12
01-03-2017,189.84
02-03-2017,187.77
03-03-2017,188.05
06-03-2017,188
07-03-2017,186.37
08-03-2017,184.82
09-03-2017,182.79
10-03-2017,181.64
13-03-2017,180.33
14-03-2017,179.9
15-03-2017,180.36
16-03-2017,181.11
17-03-2017,181.26
20-03-2017,180.13
21-03-2017,179.66
22-03-2017,178.78
23-03-2017,177.52
24-03-2017,176.25
27-03-2017,175.45
28-03-2017,176.06
29-03-2017,175.95
30-03-2017,174.89
31-03-2017,174.72
03-04-2017,174.59
04-04-2017,173.81
05-04-2017,174.89
06-04-2017,173.57
07-04-2017,174.11
10-04-2017,176.19
11-04-2017,176.83
12-04-2017,178.52
13-04-2017,179.88
17-04-2017,178.39
18-04-2017,177.04
19-04-2017,177.27
20-04-2017,175.4
21-04-2017,175.68
24-04-2017,176.85
25-04-2017,177.73
26-04-2017,176.15
27-04-2017,176.98
28-04-2017,176.59
01-05-2017,181.31
02-05-2017,180.3
03-05-2017,181.23
04-05-2017,178.72
05-05-2017,179.57
08-05-2017,177.49
09-05-2017,178.14
10-05-2017,179
11-05-2017,178.08
12-05-2017,177.96
15-05-2017,176.99
16-05-2017,178.05
17-05-2017,178.74
18-05-2017,174.89
19-05-2017,177.35
22-05-2017,177.97
23-05-2017,176.02
24-05-2017,176.48
25-05-2017,175.23
26-05-2017,175.25
30-05-2017,172.3
31-05-2017,173.31
01-06-2017,172.71
02-06-2017,173.96
05-06-2017,174.03
06-06-2017,175.27
07-06-2017,178.24
08-06-2017,180.01
09-06-2017,181.05
12-06-2017,178.29
13-06-2017,180.27
14-06-2017,179.65
15-06-2017,181.28
16-06-2017,183.36
19-06-2017,181.99
20-06-2017,180.57
21-06-2017,178.77
22-06-2017,176.25
23-06-2017,175.11
26-06-2017,175.02
27-06-2017,175.71
28-06-2017,176.19
29-06-2017,178.54
30-06-2017,185.25
03-07-2017,190.92
05-07-2017,193.16
06-07-2017,191.89
07-07-2017,193.46
10-07-2017,198.19
11-07-2017,198.7
12-07-2017,194.32
13-07-2017,185.72
14-07-2017,188.02
17-07-2017,187.12
18-07-2017,187.68
19-07-2017,189.51
20-07-2017,192.42
21-07-2017,189.81
24-07-2017,187.59
25-07-2017,183.68
26-07-2017,185.25
27-07-2017,186.36
28-07-2017,186.96
31-07-2017,185.46
01-08-2017,179.92
02-08-2017,180.83
03-08-2017,178.72
04-08-2017,178.65
07-08-2017,182.12
08-08-2017,182.43
09-08-2017,183.75
10-08-2017,177.84
11-08-2017,179.49
14-08-2017,179.03
15-08-2017,175.75
16-08-2017,175
17-08-2017,175.05
18-08-2017,175.84
21-08-2017,174.92
22-08-2017,174.07
23-08-2017,173.51
24-08-2017,174.74
25-08-2017,174.15
28-08-2017,173
29-08-2017,172.36
30-08-2017,171.51
31-08-2017,174.88
01-09-2017,175.17
05-09-2017,177.83
06-09-2017,178.64
07-09-2017,177.03
08-09-2017,176.61
11-09-2017,176.3
12-09-2017,174.89
13-09-2017,175.97
14-09-2017,177.88
15-09-2017,177.59
18-09-2017,176.68
19-09-2017,175.93
20-09-2017,177.06
21-09-2017,177.32
22-09-2017,179.01
25-09-2017,178.04
26-09-2017,177.01
27-09-2017,177.95
28-09-2017,176.73
29-09-2017,177.54
02-10-2017,175.67
03-10-2017,175.36
04-10-2017,175.09
05-10-2017,176.19
06-10-2017,177.03
09-10-2017,176.14
10-10-2017,176.18
11-10-2017,175.68
12-10-2017,178.65
13-10-2017,180.61
16-10-2017,179.23
17-10-2017,178.46
18-10-2017,177.87
19-10-2017,178.3
20-10-2017,176.41
23-10-2017,178.37
24-10-2017,178.19
25-10-2017,177.81
26-10-2017,177.1
27-10-2017,176.91
30-10-2017,176.54
31-10-2017,175.67
01-11-2017,176.64
02-11-2017,178.32
03-11-2017,176.8
06-11-2017,177.76
07-11-2017,178.33
08-11-2017,179.25
09-11-2017,177.71
10-11-2017,179.1
13-11-2017,177.89
14-11-2017,176.7
15-11-2017,177.02
16-11-2017,176.31
17-11-2017,179.37
20-11-2017,179.19
21-11-2017,179.27
22-11-2017,180.15
24-11-2017,179.03
27-11-2017,178.33
28-11-2017,177.83
29-11-2017,178.72
30-11-2017,178.34
01-12-2017,180
04-12-2017,179.35
05-12-2017,180.16
06-12-2017,178.93
07-12-2017,177.71
08-12-2017,177.73
11-12-2017,176.29
12-12-2017,175.5
13-12-2017,176.62
14-12-2017,175.55
15-12-2017,175.31
18-12-2017,174.86
19-12-2017,174.35
20-12-2017,174.67
21-12-2017,174.68
22-12-2017,174.77
26-12-2017,175.68
27-12-2017,175.95
28-12-2017,174.67
29-12-2017,174.91
02-01-2018,176.04
03-01-2018,176.61
04-01-2018,176.07
05-01-2018,176.18
08-01-2018,174.96
09-01-2018,175.28
10-01-2018,174.6
11-01-2018,174.03
12-01-2018,173.7
16-01-2018,174.4
17-01-2018,175.55
18-01-2018,175.99
19-01-2018,176.36
22-01-2018,177.14
23-01-2018,176.89
24-01-2018,179.06
25-01-2018,179
26-01-2018,179.04
29-01-2018,180.58
30-01-2018,182.55
31-01-2018,181.76
01-02-2018,180.73
02-02-2018,179.8
05-02-2018,178.13
06-02-2018,180.87
07-02-2018,182.46
08-02-2018,183.27
09-02-2018,182.29
12-02-2018,186.51
13-02-2018,187.8
14-02-2018,188.06
15-02-2018,189.34
16-02-2018,188.81
20-02-2018,188.48
21-02-2018,189.02
22-02-2018,189.26
23-02-2018,189.61
26-02-2018,190.5
27-02-2018,191.55
28-02-2018,193.85
01-03-2018,197.19
02-03-2018,196.28
05-03-2018,197.91
06-03-2018,197.61
07-03-2018,195.88
08-03-2018,196.79
09-03-2018,193.21
12-03-2018,193.53
13-03-2018,194.14
14-03-2018,192.33
15-03-2018,192.08
16-03-2018,191.46
19-03-2018,186.3
20-03-2018,186.89
21-03-2018,187.07
22-03-2018,187.44
23-03-2018,187.87
26-03-2018,186.6
27-03-2018,185.66
28-03-2018,185.2
29-03-2018,190.27
02-04-2018,189.05
03-04-2018,190.39
04-04-2018,187.04
05-04-2018,190.54
06-04-2018,191.9
09-04-2018,195.46
10-04-2018,196.31
11-04-2018,196.23
12-04-2018,197.93
13-04-2018,196.19
16-04-2018,193.69
17-04-2018,194
18-04-2018,194.55
19-04-2018,194.22
20-04-2018,191.61
23-04-2018,190.98
24-04-2018,192.21
25-04-2018,194.63
26-04-2018,193.94
27-04-2018,196.7
30-04-2018,197.08
01-05-2018,199.59
02-05-2018,198.38
03-05-2018,200.64
04-05-2018,197.93
07-05-2018,193.59
08-05-2018,194.96
09-05-2018,194.12
10-05-2018,194.24
11-05-2018,191.12
14-05-2018,191.96
15-05-2018,193.02
16-05-2018,190.86
17-05-2018,190.08
18-05-2018,192.98
21-05-2018,194.77
22-05-2018,196.61
23-05-2018,198.72
24-05-2018,197.68
25-05-2018,199.45
29-05-2018,197.03
30-05-2018,194.28
31-05-2018,194.2
01-06-2018,193.9
04-06-2018,189.12
05-06-2018,189.9
06-06-2018,189.15
07-06-2018,188.32
08-06-2018,188.45
11-06-2018,185.91
12-06-2018,189.77
13-06-2018,187.76
14-06-2018,183.91
15-06-2018,181.46
18-06-2018,179.81
19-06-2018,176.57
20-06-2018,177.26
21-06-2018,177.29
22-06-2018,178.5
25-06-2018,174.42
26-06-2018,173.28
27-06-2018,173.86
28-06-2018,171.86
29-06-2018,173.56
02-07-2018,169.25
03-07-2018,170.29
05-07-2018,170.64
06-07-2018,176.25
09-07-2018,172.63
10-07-2018,170.63
11-07-2018,165.84
12-07-2018,167.56
13-07-2018,166.12
16-07-2018,166.87
17-07-2018,169.03
18-07-2018,169.23
19-07-2018,170.79
20-07-2018,172.44
23-07-2018,172.44
24-07-2018,172.58
25-07-2018,175.88
26-07-2018,175.84
27-07-2018,176.55
30-07-2018,178.89
31-07-2018,182.96
01-08-2018,180.45
02-08-2018,180.45
03-08-2018,181.14
06-08-2018,181.56
07-08-2018,183.08
08-08-2018,184.46
09-08-2018,183.82
10-08-2018,177.45
13-08-2018,177.66
14-08-2018,180.12
15-08-2018,178.35
16-08-2018,182.43
17-08-2018,182.94
20-08-2018,181.6
21-08-2018,179.64
22-08-2018,176.74
23-08-2018,174.03
24-08-2018,174.05
27-08-2018,172.25
28-08-2018,169.95
29-08-2018,171.45
30-08-2018,170.55
31-08-2018,173.69
04-09-2018,173.35
05-09-2018,171.67
06-09-2018,171.41
07-09-2018,171.86
10-09-2018,173.06
11-09-2018,171.03
12-09-2018,169.02
13-09-2018,167.49
14-09-2018,168.29
17-09-2018,166.72
18-09-2018,165.3
19-09-2018,168.03
20-09-2018,171.18
21-09-2018,171.43
24-09-2018,171.56
25-09-2018,172.12
26-09-2018,172.28
27-09-2018,172.78
28-09-2018,170.3
01-10-2018,172.96
02-10-2018,174.69
03-10-2018,173.58
04-10-2018,173.93
05-10-2018,175.5
08-10-2018,175.18
09-10-2018,174.59
10-10-2018,173.25
11-10-2018,174.99
12-10-2018,177.18
15-10-2018,180.81
16-10-2018,179.58
17-10-2018,179.12
18-10-2018,176.01
19-10-2018,174.82
22-10-2018,174.95
23-10-2018,174.94
24-10-2018,173.27
25-10-2018,170.58
26-10-2018,172.91
29-10-2018,172.3
30-10-2018,171.02
31-10-2018,171.33
01-11-2018,175.48
02-11-2018,176.8
05-11-2018,176.9
06-11-2018,176.91
07-11-2018,176.6
08-11-2018,177.05
09-11-2018,177.37
12-11-2018,178.43
13-11-2018,177.2
14-11-2018,177.45
15-11-2018,178.16
16-11-2018,178.24
19-11-2018,175.42
20-11-2018,176.12
21-11-2018,176.26
23-11-2018,175.67
26-11-2018,173.71
27-11-2018,174.74
28-11-2018,177.34
29-11-2018,176.82
30-11-2018,178.73
03-12-2018,180.83
04-12-2018,181.9
05-12-2018,181.7
06-12-2018,180.92
07-12-2018,183.3
10-12-2018,182.33
11-12-2018,183
12-12-2018,184.23
13-12-2018,183.59
14-12-2018,182.64
17-12-2018,183.28
18-12-2018,183.6
19-12-2018,181.65
20-12-2018,180.09
21-12-2018,179.1
24-12-2018,179.03
26-12-2018,176.52
27-12-2018,176.66
28-12-2018,178.24
31-12-2018,177.63
02-01-2019,179.22
03-01-2019,180.86
04-01-2019,182.43
07-01-2019,182.57
08-01-2019,181.72
09-01-2019,182.7
10-01-2019,179.7
11-01-2019,180.72
14-01-2019,179.72
15-01-2019,177.43
16-01-2019,178.02
17-01-2019,180.62
18-01-2019,181.82
22-01-2019,180.91
23-01-2019,181.79
24-01-2019,181.37
25-01-2019,182.66
28-01-2019,182.28
29-01-2019,181.11
30-01-2019,182.08
31-01-2019,180.76
01-02-2019,181.81
04-02-2019,182.13
05-02-2019,182.61
06-02-2019,182.56
07-02-2019,180.91
08-02-2019,181.46
11-02-2019,180.86
12-02-2019,183.5
13-02-2019,184.29
14-02-2019,181.44
15-02-2019,181.56
19-02-2019,179.17
20-02-2019,178.96
21-02-2019,180.89
22-02-2019,180.96
25-02-2019,179.25
26-02-2019,177.54
27-02-2019,177.15
28-02-2019,175.68
01-03-2019,176.01
04-03-2019,176.6
05-03-2019,177.01
06-03-2019,174.5
07-03-2019,172.77
08-03-2019,172.05
11-03-2019,170.42
12-03-2019,173.27
13-03-2019,173.39
14-03-2019,173.93
15-03-2019,176.04
18-03-2019,175.05
19-03-2019,174.81
20-03-2019,175.61
21-03-2019,176.87
22-03-2019,176.39
25-03-2019,177.13
26-03-2019,176.08
27-03-2019,174.26
28-03-2019,174.16
29-03-2019,170.7
01-04-2019,172.91
02-04-2019,173.38
03-04-2019,173.84
04-04-2019,175.02
05-04-2019,174.12
08-04-2019,174.2
09-04-2019,174.43
10-04-2019,175.48
11-04-2019,175.42
12-04-2019,175.75
15-04-2019,175.99
16-04-2019,173.4
17-04-2019,172.53
18-04-2019,172.62
22-04-2019,171.27
23-04-2019,169.5
24-04-2019,167.71
25-04-2019,168.45
26-04-2019,168.41
29-04-2019,167.28
30-04-2019,166.3
01-05-2019,167.41
02-05-2019,167.34
03-05-2019,166.9
06-05-2019,164.77
07-05-2019,165.27
08-05-2019,164.57
09-05-2019,160.97
10-05-2019,159.96
13-05-2019,160.78
14-05-2019,166.22
15-05-2019,166.62
16-05-2019,169.61
17-05-2019,168.35
20-05-2019,171.11
21-05-2019,170.92
22-05-2019,171.22
23-05-2019,169.6
24-05-2019,173.77
28-05-2019,179.79
29-05-2019,180.3
30-05-2019,186.18
31-05-2019,183.04
03-06-2019,183.92
04-06-2019,183.35
05-06-2019,179.39
06-06-2019,181.28
07-06-2019,179.84
10-06-2019,181.16
11-06-2019,184.43
12-06-2019,188.06
13-06-2019,191.77
14-06-2019,194.35
17-06-2019,196.44
18-06-2019,195.1
19-06-2019,192.03
20-06-2019,194.76
21-06-2019,192.23
24-06-2019,194.21
25-06-2019,193.63
26-06-2019,192.73
27-06-2019,191.6
28-06-2019,188.36
01-07-2019,184.48
02-07-2019,183.33
03-07-2019,187.58
05-07-2019,186.51
08-07-2019,186.65
09-07-2019,185.93
10-07-2019,187.34
11-07-2019,190.28
12-07-2019,193.27
15-07-2019,189.25
16-07-2019,186.95
17-07-2019,186.26
18-07-2019,183.89
19-07-2019,187.46
22-07-2019,183.95
23-07-2019,184.18
24-07-2019,185.18
25-07-2019,183.62
26-07-2019,182.98
29-07-2019,184.12
30-07-2019,182.21
31-07-2019,178.47
01-08-2019,175.05
02-08-2019,177.13
05-08-2019,178.16
06-08-2019,176.97
07-08-2019,177.88
08-08-2019,180.98
09-08-2019,182.15
12-08-2019,175.99
13-08-2019,175.34
14-08-2019,173.5
15-08-2019,172.68
16-08-2019,175.12
19-08-2019,172.59
20-08-2019,171.67
21-08-2019,172.42
22-08-2019,172.32
23-08-2019,170.91
26-08-2019,171.95
27-08-2019,170.97
28-08-2019,172.17
29-08-2019,172.32
30-08-2019,171.58
03-09-2019,169.7
04-09-2019,170.57
05-09-2019,169.53
06-09-2019,168.59
09-09-2019,169.08
10-09-2019,172.03
11-09-2019,170.9
12-09-2019,175.37
13-09-2019,175.82
16-09-2019,177.06
17-09-2019,175.27
18-09-2019,175.55
19-09-2019,176.11
20-09-2019,174.52
23-09-2019,175.8
24-09-2019,176.09
25-09-2019,175.23
26-09-2019,175.37
27-09-2019,174.79
30-09-2019,179.91
01-10-2019,182.03
02-10-2019,180.2
03-10-2019,180.09
04-10-2019,180.15
07-10-2019,180.52
08-10-2019,183.25
09-10-2019,183.75
10-10-2019,181.56
11-10-2019,186.66
14-10-2019,187.4
15-10-2019,185.82
16-10-2019,185.38
17-10-2019,186.86
18-10-2019,186.99
21-10-2019,185.78
22-10-2019,185.66
23-10-2019,185.81
24-10-2019,185.22
25-10-2019,184.1
28-10-2019,183.39
29-10-2019,183.52
30-10-2019,183.69
31-10-2019,183.78
01-11-2019,184.64
