Date,Dow Jones Commodity Index Industrial Metals
30-10-2009,122.04
02-11-2009,122.91
03-11-2009,121.64
04-11-2009,123.46
05-11-2009,122.93
06-11-2009,121.69
09-11-2009,123.07
10-11-2009,122.9
11-11-2009,123.38
12-11-2009,122.15
13-11-2009,122.39
16-11-2009,128.15
17-11-2009,128.2
18-11-2009,129.14
19-11-2009,127.22
20-11-2009,128.34
23-11-2009,129.01
24-11-2009,127.63
25-11-2009,129.77
27-11-2009,126.88
30-11-2009,129.24
01-12-2009,131.83
02-12-2009,133.81
03-12-2009,132.48
04-12-2009,132.11
07-12-2009,131.43
08-12-2009,131.64
09-12-2009,132.62
10-12-2009,130.92
11-12-2009,133.15
14-12-2009,133.83
15-12-2009,133.24
16-12-2009,136.32
17-12-2009,133.04
18-12-2009,133.31
21-12-2009,135.34
22-12-2009,134.16
23-12-2009,136.53
24-12-2009,136.97
28-12-2009,136.97
29-12-2009,139.79
30-12-2009,139.39
31-12-2009,139.37
04-01-2010,141.62
05-01-2010,142.1
06-01-2010,146.61
07-01-2010,142.87
08-01-2010,140.8
11-01-2010,143.02
12-01-2010,140.24
13-01-2010,141.38
14-01-2010,142.48
15-01-2010,141.23
19-01-2010,142.5
20-01-2010,139.64
21-01-2010,137.97
22-01-2010,138.08
25-01-2010,138.58
26-01-2010,137.4
27-01-2010,134.65
28-01-2010,129.82
29-01-2010,127.65
01-02-2010,128.06
02-02-2010,129.36
03-02-2010,126.09
04-02-2010,122.67
05-02-2010,119.54
08-02-2010,122.39
09-02-2010,125.31
10-02-2010,124.68
11-02-2010,129.68
12-02-2010,128.61
16-02-2010,135.28
17-02-2010,134.6
18-02-2010,135.89
19-02-2010,138.39
22-02-2010,137.12
23-02-2010,134.12
24-02-2010,134.55
25-02-2010,131.46
26-02-2010,135.14
01-03-2010,137.37
02-03-2010,139.41
03-03-2010,141.86
04-03-2010,139.64
05-03-2010,141.91
08-03-2010,141.43
09-03-2010,142.38
10-03-2010,140.94
11-03-2010,140.85
12-03-2010,141.47
15-03-2010,138.9
16-03-2010,140.82
17-03-2010,143.2
18-03-2010,142.6
19-03-2010,141.27
22-03-2010,141.01
23-03-2010,140.81
24-03-2010,139.01
25-03-2010,140.15
26-03-2010,141.34
29-03-2010,145.66
30-03-2010,147.03
31-03-2010,147.51
01-04-2010,149.22
05-04-2010,149.22
06-04-2010,150.62
07-04-2010,149.58
08-04-2010,149.16
09-04-2010,151
12-04-2010,151.52
13-04-2010,151.57
14-04-2010,153.52
15-04-2010,154.37
16-04-2010,150.98
19-04-2010,148.74
20-04-2010,150.79
21-04-2010,149.41
22-04-2010,148.13
23-04-2010,148.8
26-04-2010,149.3
27-04-2010,141.8
28-04-2010,141.39
29-04-2010,140.66
30-04-2010,143.01
03-05-2010,143.01
04-05-2010,135.44
05-05-2010,132.24
06-05-2010,131.87
07-05-2010,131.5
10-05-2010,135.27
11-05-2010,133.09
12-05-2010,133.46
13-05-2010,136.3
14-05-2010,131.29
17-05-2010,123.29
18-05-2010,127.55
19-05-2010,123.75
20-05-2010,124.48
21-05-2010,128.17
24-05-2010,129.97
25-05-2010,125.85
26-05-2010,126.38
27-05-2010,130.03
28-05-2010,128.95
01-06-2010,124.98
02-06-2010,123.26
03-06-2010,120.46
04-06-2010,115.67
07-06-2010,113.81
08-06-2010,116.48
09-06-2010,118.89
10-06-2010,119.62
11-06-2010,120.62
14-06-2010,123.99
15-06-2010,124.86
16-06-2010,124.29
17-06-2010,121.18
18-06-2010,120.26
21-06-2010,122.62
22-06-2010,122.64
23-06-2010,121.45
24-06-2010,123.9
25-06-2010,125.42
28-06-2010,127.52
29-06-2010,120.55
30-06-2010,122.11
01-07-2010,118.66
02-07-2010,119.77
06-07-2010,123.19
07-07-2010,123.58
08-07-2010,123.66
09-07-2010,125.65
12-07-2010,123.25
13-07-2010,124.57
14-07-2010,125.03
15-07-2010,124.42
16-07-2010,121.61
19-07-2010,121.65
20-07-2010,123.52
21-07-2010,126.7
22-07-2010,129.49
23-07-2010,129.18
26-07-2010,131.34
27-07-2010,130.02
28-07-2010,131.53
29-07-2010,133
30-07-2010,135.82
02-08-2010,139.84
03-08-2010,138.44
04-08-2010,140.04
05-08-2010,138.2
06-08-2010,138.14
09-08-2010,139.03
10-08-2010,136.84
11-08-2010,134.74
12-08-2010,135.79
13-08-2010,133.62
16-08-2010,134.95
17-08-2010,137.17
18-08-2010,136.57
19-08-2010,134.64
20-08-2010,133.3
23-08-2010,132.96
24-08-2010,130.94
25-08-2010,129.53
26-08-2010,132.64
27-08-2010,135.44
30-08-2010,135.44
31-08-2010,134.77
01-09-2010,137.92
02-09-2010,139.57
03-09-2010,139.53
07-09-2010,140.31
08-09-2010,141.35
09-09-2010,138.67
10-09-2010,137.54
13-09-2010,139.96
14-09-2010,141.29
15-09-2010,140.55
16-09-2010,141.49
17-09-2010,141.97
20-09-2010,142.3
21-09-2010,140.86
22-09-2010,144.07
23-09-2010,146.22
24-09-2010,147.37
27-09-2010,146.25
28-09-2010,147.08
29-09-2010,148.86
30-09-2010,148.41
01-10-2010,149.77
04-10-2010,149.57
05-10-2010,151.79
06-10-2010,152.36
07-10-2010,149.05
08-10-2010,153.47
11-10-2010,153.24
12-10-2010,154.83
13-10-2010,155.16
14-10-2010,155.3
15-10-2010,154.47
18-10-2010,155.43
19-10-2010,152.23
20-10-2010,153.74
21-10-2010,153.31
22-10-2010,154.09
25-10-2010,156.42
26-10-2010,156.96
27-10-2010,152.72
28-10-2010,153.5
29-10-2010,151.58
01-11-2010,153.24
02-11-2010,155.84
03-11-2010,154.2
04-11-2010,158.8
05-11-2010,159.27
08-11-2010,158.42
09-11-2010,162.15
10-11-2010,160.32
11-11-2010,161.21
12-11-2010,156.42
15-11-2010,155.91
16-11-2010,145.79
17-11-2010,147.11
18-11-2010,150.47
19-11-2010,149.02
22-11-2010,148.3
23-11-2010,145.82
24-11-2010,147.61
26-11-2010,147.8
29-11-2010,147.17
30-11-2010,149.1
01-12-2010,153.05
02-12-2010,155.41
03-12-2010,154.33
06-12-2010,154.44
07-12-2010,156.26
08-12-2010,158.9
09-12-2010,157.4
10-12-2010,157.07
13-12-2010,160.26
14-12-2010,160.04
15-12-2010,158.52
16-12-2010,157.28
17-12-2010,159
20-12-2010,160.92
21-12-2010,163.84
22-12-2010,164.09
23-12-2010,162.59
27-12-2010,162.87
28-12-2010,162.87
29-12-2010,164.88
30-12-2010,165.93
31-12-2010,167.77
03-01-2011,167.77
04-01-2011,168.25
05-01-2011,167.43
06-01-2011,167.73
07-01-2011,166.99
10-01-2011,164.74
11-01-2011,167.19
12-01-2011,170.12
13-01-2011,168.76
14-01-2011,169.07
18-01-2011,168.89
19-01-2011,166.62
20-01-2011,163.73
21-01-2011,164.82
24-01-2011,165.22
25-01-2011,160.91
26-01-2011,162.94
27-01-2011,164.66
28-01-2011,167.16
31-01-2011,171.07
01-02-2011,174.1
02-02-2011,173.58
03-02-2011,173.41
04-02-2011,175.24
07-02-2011,175.34
08-02-2011,175.82
09-02-2011,173.81
10-02-2011,173.44
11-02-2011,173.25
14-02-2011,176.2
15-02-2011,174.43
16-02-2011,172.73
17-02-2011,172.7
18-02-2011,175.13
22-02-2011,170.97
23-02-2011,169.71
24-02-2011,169.66
25-02-2011,172.9
28-02-2011,175.4
01-03-2011,175.14
02-03-2011,174.89
03-03-2011,175.76
04-03-2011,174.96
07-03-2011,169.29
08-03-2011,170.16
09-03-2011,166.23
10-03-2011,165.69
11-03-2011,164.77
14-03-2011,165.52
15-03-2011,162.61
16-03-2011,163.45
17-03-2011,168.38
18-03-2011,169.2
21-03-2011,167.97
22-03-2011,169.54
23-03-2011,173.17
24-03-2011,173.17
25-03-2011,172.66
28-03-2011,169.98
29-03-2011,171.68
30-03-2011,168.91
31-03-2011,170.01
01-04-2011,169.01
04-04-2011,168.95
05-04-2011,169.66
06-04-2011,172.91
07-04-2011,173.69
08-04-2011,177.45
11-04-2011,176.97
12-04-2011,173.11
13-04-2011,171.14
14-04-2011,169.72
15-04-2011,170.98
18-04-2011,167.87
19-04-2011,169.62
20-04-2011,172.88
21-04-2011,174.55
25-04-2011,174.55
26-04-2011,172.24
27-04-2011,169.97
28-04-2011,170.6
29-04-2011,170.6
02-05-2011,170.6
03-05-2011,171.58
04-05-2011,167.4
05-05-2011,160.94
06-05-2011,160.68
09-05-2011,161.37
10-05-2011,162.84
11-05-2011,159.98
12-05-2011,160.25
13-05-2011,159.76
16-05-2011,159.74
17-05-2011,157.9
18-05-2011,162.57
19-05-2011,159.48
20-05-2011,160.73
23-05-2011,156.92
24-05-2011,158.91
25-05-2011,162.13
26-05-2011,161.93
27-05-2011,164.98
31-05-2011,166.32
01-06-2011,164.88
02-06-2011,161.42
03-06-2011,163.85
06-06-2011,164.8
07-06-2011,165.41
08-06-2011,164.41
09-06-2011,164.75
10-06-2011,162.44
13-06-2011,161.23
14-06-2011,164.52
15-06-2011,163.14
16-06-2011,161.08
17-06-2011,160.92
20-06-2011,159.73
21-06-2011,161.01
22-06-2011,161.29
23-06-2011,160.05
24-06-2011,160.62
27-06-2011,160.15
28-06-2011,161.7
29-06-2011,164.71
30-06-2011,166.21
01-07-2011,165.5
05-07-2011,168.23
06-07-2011,167.47
07-07-2011,170.6
08-07-2011,168.42
11-07-2011,165.73
12-07-2011,167.39
13-07-2011,168.07
14-07-2011,167.83
15-07-2011,168.16
18-07-2011,168.63
19-07-2011,171.64
20-07-2011,170.16
21-07-2011,169.54
22-07-2011,170.84
25-07-2011,170.92
26-07-2011,173.67
27-07-2011,173.24
28-07-2011,173.35
29-07-2011,173.16
01-08-2011,170.24
02-08-2011,170.4
03-08-2011,166.84
04-08-2011,163.8
05-08-2011,157.86
08-08-2011,153.48
09-08-2011,153.68
10-08-2011,152.27
11-08-2011,156.24
12-08-2011,155.64
15-08-2011,155.52
16-08-2011,155.02
17-08-2011,156.96
18-08-2011,153.39
19-08-2011,154.23
22-08-2011,152.35
23-08-2011,154.42
24-08-2011,154.51
25-08-2011,156.35
26-08-2011,157.64
29-08-2011,157.64
30-08-2011,159.92
31-08-2011,162.04
01-09-2011,159.94
02-09-2011,158.3
06-09-2011,155.25
07-09-2011,158.19
08-09-2011,159.18
09-09-2011,154.58
12-09-2011,154.58
13-09-2011,154.32
14-09-2011,152.7
15-09-2011,154.21
16-09-2011,153.75
19-09-2011,149.27
20-09-2011,148.53
21-09-2011,147.57
22-09-2011,138.93
23-09-2011,134.5
26-09-2011,133.11
27-09-2011,138.2
28-09-2011,134.59
29-09-2011,134.64
30-09-2011,129.84
03-10-2011,131.53
04-10-2011,128.78
05-10-2011,128.54
06-10-2011,133.62
07-10-2011,135.27
10-10-2011,137.63
11-10-2011,134.79
12-10-2011,137.82
13-10-2011,134.7
14-10-2011,137.48
17-10-2011,136.65
18-10-2011,135.88
19-10-2011,132.69
20-10-2011,125.34
21-10-2011,130.97
24-10-2011,138.45
25-10-2011,137.09
26-10-2011,137.91
27-10-2011,144.16
28-10-2011,144.44
31-10-2011,142.32
01-11-2011,136.5
02-11-2011,138.42
03-11-2011,139.29
04-11-2011,138.94
07-11-2011,137.97
08-11-2011,138.27
09-11-2011,135.66
10-11-2011,134.27
11-11-2011,136.38
14-11-2011,137.6
15-11-2011,135.59
16-11-2011,137.53
17-11-2011,134.4
18-11-2011,134.65
21-11-2011,131.52
22-11-2011,131.9
23-11-2011,129.77
25-11-2011,129.07
28-11-2011,132.55
29-11-2011,131.86
30-11-2011,138.82
01-12-2011,137.91
02-12-2011,139.13
05-12-2011,139.98
06-12-2011,138.67
07-12-2011,137.58
08-12-2011,136.17
09-12-2011,137.63
12-12-2011,134.12
13-12-2011,133.56
14-12-2011,128.15
15-12-2011,128.66
16-12-2011,130.83
19-12-2011,128.84
20-12-2011,131.41
21-12-2011,131.52
22-12-2011,132.72
23-12-2011,133.54
27-12-2011,133.54
28-12-2011,130.76
29-12-2011,130.65
30-12-2011,133.19
03-01-2012,136.41
04-01-2012,133.75
05-01-2012,132.75
06-01-2012,133.79
09-01-2012,134.26
10-01-2012,138.14
11-01-2012,138.52
12-01-2012,140.97
13-01-2012,140.47
17-01-2012,144.19
18-01-2012,144.17
19-01-2012,146.55
20-01-2012,145.04
23-01-2012,147.1
24-01-2012,147.7
25-01-2012,148.82
26-01-2012,151.82
27-01-2012,150.6
30-01-2012,149.45
31-01-2012,147.12
01-02-2012,148.93
02-02-2012,146.25
03-02-2012,149.93
06-02-2012,148.78
07-02-2012,149.3
08-02-2012,149.97
09-02-2012,152.72
10-02-2012,148.2
13-02-2012,146.91
14-02-2012,146.26
15-02-2012,145.33
16-02-2012,143.52
17-02-2012,142.2
21-02-2012,147.37
22-02-2012,148.03
23-02-2012,147.38
24-02-2012,150.14
27-02-2012,150.42
28-02-2012,150.78
29-02-2012,149.23
01-03-2012,150.89
02-03-2012,150.13
05-03-2012,148.09
06-03-2012,144.31
07-03-2012,144.1
08-03-2012,144.69
09-03-2012,147.32
12-03-2012,146.84
13-03-2012,148.7
14-03-2012,147.03
15-03-2012,148.36
16-03-2012,147.63
19-03-2012,148.53
20-03-2012,146.18
21-03-2012,145.57
22-03-2012,142.74
23-03-2012,143.64
26-03-2012,145.31
27-03-2012,145.27
28-03-2012,142.75
29-03-2012,141.94
30-03-2012,143.12
02-04-2012,145.23
03-04-2012,145.16
04-04-2012,141.35
05-04-2012,142.42
09-04-2012,142.42
10-04-2012,138.5
11-04-2012,139.4
12-04-2012,141.9
13-04-2012,138.62
16-04-2012,138.06
17-04-2012,139.04
18-04-2012,138.46
19-04-2012,138.86
20-04-2012,140.69
23-04-2012,138.43
24-04-2012,139.78
25-04-2012,140.24
26-04-2012,142.25
27-04-2012,143.53
30-04-2012,143.56
01-05-2012,143.74
02-05-2012,141.43
03-05-2012,140.32
04-05-2012,139.78
07-05-2012,139.78
08-05-2012,138.63
09-05-2012,137.81
10-05-2012,138.42
11-05-2012,137.46
14-05-2012,135.02
15-05-2012,134.48
16-05-2012,133.42
17-05-2012,133.81
18-05-2012,133.92
21-05-2012,134.4
22-05-2012,134.05
23-05-2012,131.46
24-05-2012,132.61
25-05-2012,132.93
29-05-2012,132.85
30-05-2012,130.61
31-05-2012,129.71
01-06-2012,128.76
04-06-2012,128.76
05-06-2012,128.76
06-06-2012,129.07
07-06-2012,130.65
08-06-2012,128.74
11-06-2012,130.02
12-06-2012,129.57
13-06-2012,129.4
14-06-2012,129.37
15-06-2012,129.95
18-06-2012,129.46
19-06-2012,130.7
20-06-2012,129.52
21-06-2012,126.25
22-06-2012,125.77
25-06-2012,125.88
26-06-2012,125.39
27-06-2012,126.07
28-06-2012,125.62
29-06-2012,130.6
02-07-2012,130.05
03-07-2012,133.84
05-07-2012,131.11
06-07-2012,128.3
09-07-2012,129.39
10-07-2012,128.21
11-07-2012,128.66
12-07-2012,128.17
13-07-2012,130.49
16-07-2012,130.76
17-07-2012,129.49
18-07-2012,130.03
19-07-2012,131.8
20-07-2012,128.74
23-07-2012,126.61
24-07-2012,126.46
25-07-2012,126.81
26-07-2012,127.28
27-07-2012,128.79
30-07-2012,128.96
31-07-2012,128.39
01-08-2012,126.29
02-08-2012,124.62
03-08-2012,126.55
06-08-2012,127.49
07-08-2012,129
08-08-2012,128.86
09-08-2012,128.24
10-08-2012,127.2
13-08-2012,125.72
14-08-2012,125.93
15-08-2012,124.97
16-08-2012,125.72
17-08-2012,127.08
20-08-2012,125.92
21-08-2012,128.11
22-08-2012,128.61
23-08-2012,130.4
24-08-2012,130.44
27-08-2012,130.44
28-08-2012,129.88
29-08-2012,129.06
30-08-2012,128.2
31-08-2012,129.19
04-09-2012,130.52
05-09-2012,132.16
06-09-2012,132.06
07-09-2012,136.05
10-09-2012,138.18
11-09-2012,138.86
12-09-2012,138.96
13-09-2012,139.47
14-09-2012,145.55
17-09-2012,144.29
18-09-2012,144.21
19-09-2012,144.13
20-09-2012,142.98
21-09-2012,143.51
24-09-2012,141.61
25-09-2012,143.53
26-09-2012,140.71
27-09-2012,142.18
28-09-2012,142.72
01-10-2012,143.98
02-10-2012,143.58
03-10-2012,143.15
04-10-2012,143.39
05-10-2012,143.19
08-10-2012,141.14
09-10-2012,140.01
10-10-2012,138.86
11-10-2012,139.74
12-10-2012,137.56
15-10-2012,136.43
16-10-2012,136.37
17-10-2012,138.24
18-10-2012,138.89
19-10-2012,135.64
22-10-2012,134.29
23-10-2012,132.72
24-10-2012,132.42
25-10-2012,132.04
26-10-2012,131.7
29-10-2012,130.02
30-10-2012,130.79
31-10-2012,131.27
01-11-2012,132.94
02-11-2012,130.83
05-11-2012,130.27
06-11-2012,131.37
07-11-2012,130.62
08-11-2012,131.31
09-11-2012,130.21
12-11-2012,132.06
13-11-2012,132.69
14-11-2012,132.3
15-11-2012,132.08
16-11-2012,131.19
19-11-2012,133.98
20-11-2012,133.54
21-11-2012,132
23-11-2012,134.11
26-11-2012,134.4
27-11-2012,135.26
28-11-2012,134.64
29-11-2012,137.45
30-11-2012,139.46
03-12-2012,139.86
04-12-2012,139.36
05-12-2012,139.99
06-12-2012,138.75
07-12-2012,139.2
10-12-2012,141.71
11-12-2012,141.15
12-12-2012,142.03
13-12-2012,141.17
14-12-2012,141.2
17-12-2012,140.64
18-12-2012,140.36
19-12-2012,139.21
20-12-2012,137.15
21-12-2012,138.02
24-12-2012,137.59
26-12-2012,137.59
27-12-2012,138.81
28-12-2012,137.83
31-12-2012,138.46
02-01-2013,143.56
03-01-2013,141.71
04-01-2013,139.35
07-01-2013,138.94
08-01-2013,139.26
09-01-2013,139.61
10-01-2013,140.83
11-01-2013,139.84
14-01-2013,138.24
15-01-2013,138.32
16-01-2013,137.53
17-01-2013,138.95
18-01-2013,139.1
22-01-2013,140.35
23-01-2013,140.53
24-01-2013,140.49
25-01-2013,139.13
28-01-2013,139.51
29-01-2013,140.45
30-01-2013,143.17
31-01-2013,142.27
01-02-2013,144.42
04-02-2013,144.38
05-02-2013,143.97
06-02-2013,143.07
07-02-2013,142.57
08-02-2013,144.23
11-02-2013,142.85
12-02-2013,143.81
13-02-2013,144.08
14-02-2013,144.33
15-02-2013,144.29
19-02-2013,140.88
20-02-2013,139.56
21-02-2013,137.62
22-02-2013,136.59
25-02-2013,136.5
26-02-2013,136.42
27-02-2013,136.4
28-02-2013,135.37
01-03-2013,133.41
04-03-2013,133.24
05-03-2013,133.92
06-03-2013,132.36
07-03-2013,133.78
08-03-2013,133.37
11-03-2013,133.29
12-03-2013,134.89
13-03-2013,134.25
14-03-2013,134.74
15-03-2013,133.61
18-03-2013,130.97
19-03-2013,130.53
20-03-2013,131.72
21-03-2013,131.26
22-03-2013,132.62
25-03-2013,131.74
26-03-2013,130.88
27-03-2013,130.88
28-03-2013,129.87
01-04-2013,129.87
02-04-2013,128.09
03-04-2013,127.02
04-04-2013,128.03
05-04-2013,127.5
08-04-2013,128.17
09-04-2013,130.77
10-04-2013,130.07
11-04-2013,130.39
12-04-2013,127.13
15-04-2013,125.35
16-04-2013,127.41
17-04-2013,124.7
18-04-2013,125.24
19-04-2013,123.65
22-04-2013,123.27
23-04-2013,122.61
24-04-2013,124.68
25-04-2013,126.81
26-04-2013,123.72
29-04-2013,125.36
30-04-2013,123.59
01-05-2013,119.74
02-05-2013,119.63
03-05-2013,125.77
06-05-2013,125.77
07-05-2013,125.63
08-05-2013,127.91
09-05-2013,126.7
10-05-2013,126.47
13-05-2013,126.74
14-05-2013,124.73
15-05-2013,123.67
16-05-2013,124.74
17-05-2013,124.96
20-05-2013,126.3
21-05-2013,126
22-05-2013,127.65
23-05-2013,125.11
24-05-2013,124.88
28-05-2013,125.52
29-05-2013,125.23
30-05-2013,126.82
31-05-2013,126.91
03-06-2013,127.91
04-06-2013,129.47
05-06-2013,129.88
06-06-2013,128.2
07-06-2013,126.64
10-06-2013,125.54
11-06-2013,123.52
12-06-2013,123.59
13-06-2013,122.53
14-06-2013,123.12
17-06-2013,122.86
18-06-2013,121.96
19-06-2013,121.34
20-06-2013,118.4
21-06-2013,119.08
24-06-2013,116.88
25-06-2013,118.72
26-06-2013,117.59
27-06-2013,117.93
28-06-2013,118.01
01-07-2013,121.6
02-07-2013,121.16
03-07-2013,121.07
05-07-2013,117.81
08-07-2013,119.25
09-07-2013,117.98
10-07-2013,119.88
11-07-2013,121.83
12-07-2013,121.76
15-07-2013,120.31
16-07-2013,121.45
17-07-2013,120.07
18-07-2013,120.27
19-07-2013,120.92
22-07-2013,122.38
23-07-2013,122.49
24-07-2013,122.92
25-07-2013,121.84
26-07-2013,119.52
29-07-2013,119.47
30-07-2013,117.54
31-07-2013,119.74
01-08-2013,121.13
02-08-2013,121.27
05-08-2013,120.71
06-08-2013,120.56
07-08-2013,120.87
08-08-2013,123.93
09-08-2013,126.03
12-08-2013,126.16
13-08-2013,126.33
14-08-2013,127.16
15-08-2013,127.24
16-08-2013,129.3
19-08-2013,127.6
20-08-2013,127.65
21-08-2013,126.15
22-08-2013,126.66
23-08-2013,127.34
26-08-2013,127.34
27-08-2013,126.68
28-08-2013,125.69
29-08-2013,123.66
30-08-2013,122.31
03-09-2013,123.64
04-09-2013,121.67
05-09-2013,121.6
06-09-2013,122.92
09-09-2013,122.87
10-09-2013,122.33
11-09-2013,122.58
12-09-2013,121.85
13-09-2013,121.27
16-09-2013,121.43
17-09-2013,121.15
18-09-2013,122.46
19-09-2013,125.32
20-09-2013,123.7
23-09-2013,123.7
24-09-2013,122.1
25-09-2013,122.86
26-09-2013,123.75
27-09-2013,124.71
30-09-2013,124.87
01-10-2013,123.01
02-10-2013,124.03
03-10-2013,122.61
04-10-2013,123.97
07-10-2013,124.03
08-10-2013,124.36
09-10-2013,122.84
10-10-2013,123.87
11-10-2013,124.8
14-10-2013,125.24
15-10-2013,124.75
16-10-2013,125.21
17-10-2013,124.77
18-10-2013,125.02
21-10-2013,125.22
22-10-2013,127.09
23-10-2013,124.51
24-10-2013,124.91
25-10-2013,125.56
28-10-2013,125.92
29-10-2013,125.81
30-10-2013,126.89
31-10-2013,125.62
01-11-2013,125.17
04-11-2013,123.51
05-11-2013,123.52
06-11-2013,122.93
07-11-2013,123.08
08-11-2013,123.17
11-11-2013,122.9
12-11-2013,122.12
13-11-2013,120.87
14-11-2013,120.87
15-11-2013,121.23
18-11-2013,120.46
19-11-2013,120.75
20-11-2013,120.67
21-11-2013,120.85
22-11-2013,121.75
25-11-2013,121.48
26-11-2013,120.96
27-11-2013,119.96
29-11-2013,120.52
02-12-2013,119.42
03-12-2013,119.13
04-12-2013,121.27
05-12-2013,120.84
06-12-2013,121.87
09-12-2013,122.59
10-12-2013,123.29
11-12-2013,124.36
12-12-2013,123.95
13-12-2013,124.55
16-12-2013,124.82
17-12-2013,124.87
18-12-2013,124.76
19-12-2013,123.7
20-12-2013,124.9
23-12-2013,124.53
24-12-2013,124.93
26-12-2013,124.93
27-12-2013,126.95
30-12-2013,126.92
31-12-2013,125.88
02-01-2014,126.42
03-01-2014,124.63
06-01-2014,124.7
07-01-2014,124.89
08-01-2014,124.61
09-01-2014,122.68
10-01-2014,124.41
13-01-2014,125.56
14-01-2014,124.96
15-01-2014,126.36
16-01-2014,126.26
17-01-2014,127.06
21-01-2014,126.72
22-01-2014,125.96
23-01-2014,124.32
24-01-2014,123.81
27-01-2014,123.03
28-01-2014,122.9
29-01-2014,122.32
30-01-2014,121.57
31-01-2014,120.97
03-02-2014,119.92
04-02-2014,120.12
05-02-2014,120.36
06-02-2014,121.87
07-02-2014,122.35
10-02-2014,121.53
11-02-2014,121.4
12-02-2014,123
13-02-2014,122.54
14-02-2014,123.21
18-02-2014,124.38
19-02-2014,124.3
20-02-2014,123.83
21-02-2014,123.84
24-02-2014,122.9
25-02-2014,122.89
26-02-2014,122.71
27-02-2014,122.77
28-02-2014,122.72
03-03-2014,121.56
04-03-2014,123.8
05-03-2014,123.76
06-03-2014,124.35
07-03-2014,120.92
10-03-2014,119.84
11-03-2014,117.68
12-03-2014,118.11
13-03-2014,117.07
14-03-2014,117.54
17-03-2014,117.45
18-03-2014,118.02
19-03-2014,118.85
20-03-2014,116.7
21-03-2014,117.59
24-03-2014,117.52
25-03-2014,119.47
26-03-2014,117.78
27-03-2014,118.28
28-03-2014,119.64
31-03-2014,119.99
01-04-2014,120.26
02-04-2014,121.13
03-04-2014,121.08
04-04-2014,120.86
07-04-2014,121.33
08-04-2014,121.61
09-04-2014,122.01
10-04-2014,123.31
11-04-2014,123.37
14-04-2014,123.76
15-04-2014,121.88
16-04-2014,123.39
17-04-2014,123.57
21-04-2014,123.57
22-04-2014,124.61
23-04-2014,124.25
24-04-2014,125.19
25-04-2014,124.81
28-04-2014,124.03
29-04-2014,123.27
30-04-2014,122.35
01-05-2014,121.93
02-05-2014,122.78
05-05-2014,122.78
06-05-2014,123.03
07-05-2014,122
08-05-2014,123.31
09-05-2014,123.69
12-05-2014,126.4
13-05-2014,125.92
14-05-2014,126.87
15-05-2014,124.83
16-05-2014,124.72
19-05-2014,126.28
20-05-2014,125.55
21-05-2014,124.68
22-05-2014,125.83
23-05-2014,126.67
27-05-2014,126.91
28-05-2014,127.01
29-05-2014,126.19
30-05-2014,125.77
02-06-2014,127.03
03-06-2014,126.37
04-06-2014,125.16
05-06-2014,125.28
06-06-2014,124.87
09-06-2014,125.49
10-06-2014,125.21
11-06-2014,124.4
12-06-2014,122.77
13-06-2014,123.24
16-06-2014,124.21
17-06-2014,124.77
18-06-2014,125.05
19-06-2014,125.48
20-06-2014,126.46
23-06-2014,127.33
24-06-2014,127.28
25-06-2014,127.86
26-06-2014,128.41
27-06-2014,128.11
30-06-2014,129.17
01-07-2014,128.97
02-07-2014,131.45
03-07-2014,132.15
07-07-2014,131.12
08-07-2014,131.99
09-07-2014,131.81
10-07-2014,131.7
11-07-2014,132.29
14-07-2014,131.94
15-07-2014,132.22
16-07-2014,131.9
17-07-2014,132.03
18-07-2014,130.74
21-07-2014,132.15
22-07-2014,132.99
23-07-2014,132.51
24-07-2014,134.2
25-07-2014,133.39
28-07-2014,133.62
29-07-2014,132.26
30-07-2014,133.65
31-07-2014,132.54
01-08-2014,131.61
04-08-2014,133.44
05-08-2014,132.29
06-08-2014,131.7
07-08-2014,132.06
08-08-2014,131.55
11-08-2014,131.79
12-08-2014,132.04
13-08-2014,130.35
14-08-2014,129.24
15-08-2014,129.77
18-08-2014,130.39
19-08-2014,130.51
20-08-2014,133.19
21-08-2014,132.87
22-08-2014,133.46
25-08-2014,133.46
26-08-2014,133.68
27-08-2014,133.5
28-08-2014,132.29
29-08-2014,133.18
02-09-2014,133.11
03-09-2014,132.17
04-09-2014,133.27
05-09-2014,133.45
08-09-2014,133.78
09-09-2014,130.63
10-09-2014,130.69
11-09-2014,129.68
12-09-2014,129.65
15-09-2014,128.41
16-09-2014,130.04
17-09-2014,129.75
18-09-2014,128.45
19-09-2014,128.31
22-09-2014,126.53
23-09-2014,126.48
24-09-2014,127.17
25-09-2014,126.16
26-09-2014,126.12
29-09-2014,126.63
30-09-2014,125.69
01-10-2014,124.87
02-10-2014,123.41
03-10-2014,124.58
06-10-2014,125.88
07-10-2014,126.1
08-10-2014,125.3
09-10-2014,126.54
10-10-2014,125.12
13-10-2014,126.18
14-10-2014,127.09
15-10-2014,124.2
16-10-2014,122.63
17-10-2014,124.94
20-10-2014,123.77
21-10-2014,125.21
22-10-2014,125.58
23-10-2014,125.72
24-10-2014,125.15
27-10-2014,125.74
28-10-2014,127.22
29-10-2014,128.39
30-10-2014,127.69
31-10-2014,127.49
03-11-2014,127.97
04-11-2014,126.43
05-11-2014,126.17
06-11-2014,126.89
07-11-2014,127.13
10-11-2014,126.08
11-11-2014,126.8
12-11-2014,127.1
13-11-2014,126.1
14-11-2014,126.46
17-11-2014,126.71
18-11-2014,125.51
19-11-2014,126.57
20-11-2014,126.73
21-11-2014,128.16
24-11-2014,127.5
25-11-2014,126.68
26-11-2014,126.46
28-11-2014,122.93
01-12-2014,124.49
02-12-2014,123.03
03-12-2014,122.75
04-12-2014,124.51
05-12-2014,123.85
08-12-2014,122.84
09-12-2014,123.57
10-12-2014,122.35
11-12-2014,122.56
12-12-2014,122.89
15-12-2014,121.43
16-12-2014,120.24
17-12-2014,120.22
18-12-2014,119.45
19-12-2014,120.58
22-12-2014,119.62
23-12-2014,119.01
24-12-2014,118.48
26-12-2014,118.48
29-12-2014,118.09
30-12-2014,118.77
31-12-2014,118.31
02-01-2015,117.49
05-01-2015,116.19
06-01-2015,115.69
07-01-2015,115.41
08-01-2015,116.14
09-01-2015,115.55
12-01-2015,114.65
13-01-2015,112.08
14-01-2015,108.08
15-01-2015,109.39
16-01-2015,111.72
20-01-2015,111.67
21-01-2015,113.32
22-01-2015,111.92
23-01-2015,109.16
26-01-2015,111.14
27-01-2015,108.99
28-01-2015,109.85
29-01-2015,108.16
30-01-2015,110.3
02-02-2015,110.46
03-02-2015,112.77
04-02-2015,112.56
05-02-2015,112.8
06-02-2015,112.01
09-02-2015,112.2
10-02-2015,110.28
11-02-2015,110
12-02-2015,111.93
13-02-2015,111.86
17-02-2015,109.98
18-02-2015,110.92
19-02-2015,110.69
20-02-2015,109.48
23-02-2015,109.33
24-02-2015,111.09
25-02-2015,110.65
26-02-2015,112.05
27-02-2015,111.94
02-03-2015,111.62
03-03-2015,110.4
04-03-2015,110.96
05-03-2015,111.17
06-03-2015,110.1
09-03-2015,111.57
10-03-2015,109.73
11-03-2015,108.8
12-03-2015,110.14
13-03-2015,110.71
16-03-2015,110.31
17-03-2015,109.79
18-03-2015,107.97
19-03-2015,110.5
20-03-2015,113.45
23-03-2015,114.56
24-03-2015,114.49
25-03-2015,113.79
26-03-2015,114.55
27-03-2015,112.83
30-03-2015,113.2
31-03-2015,112.1
01-04-2015,112.47
02-04-2015,112.34
06-04-2015,112.34
07-04-2015,113.02
08-04-2015,112.35
09-04-2015,112.27
10-04-2015,113.11
13-04-2015,112.43
14-04-2015,112.39
15-04-2015,113.01
16-04-2015,114.64
17-04-2015,114.19
20-04-2015,113.3
21-04-2015,113.1
22-04-2015,112.77
23-04-2015,112.54
24-04-2015,114.73
27-04-2015,116.03
28-04-2015,116.96
29-04-2015,117.39
30-04-2015,120.75
01-05-2015,120.89
04-05-2015,120.89
05-05-2015,123.48
06-05-2015,121.02
07-05-2015,120.7
08-05-2015,120.57
11-05-2015,119.84
12-05-2015,121.32
13-05-2015,120.34
14-05-2015,119.54
15-05-2015,119.52
18-05-2015,118.38
19-05-2015,115.39
20-05-2015,115.17
21-05-2015,115.28
22-05-2015,113.91
26-05-2015,113.02
27-05-2015,112.76
28-05-2015,113.79
29-05-2015,111.93
01-06-2015,112.42
02-06-2015,112.31
03-06-2015,112.31
04-06-2015,110.95
05-06-2015,111.37
08-06-2015,111.79
09-06-2015,112.26
10-06-2015,113.04
11-06-2015,110.93
12-06-2015,110.94
15-06-2015,109.23
16-06-2015,108.13
17-06-2015,108.06
18-06-2015,108.03
19-06-2015,106.75
22-06-2015,106.52
23-06-2015,108.57
24-06-2015,107.88
25-06-2015,108.18
26-06-2015,107.48
29-06-2015,107.19
30-06-2015,106.73
01-07-2015,107.73
02-07-2015,107.88
06-07-2015,104.85
07-07-2015,100.54
08-07-2015,103.2
09-07-2015,105.38
10-07-2015,104.73
13-07-2015,105.79
14-07-2015,105.36
15-07-2015,105.24
16-07-2015,105.5
17-07-2015,104.31
20-07-2015,104.17
21-07-2015,103.32
22-07-2015,101.97
23-07-2015,100.5
24-07-2015,100.22
27-07-2015,99.01
28-07-2015,100.93
29-07-2015,101.2
30-07-2015,99.93
31-07-2015,99.07
03-08-2015,98.55
04-08-2015,99.04
05-08-2015,98.01
06-08-2015,97.83
07-08-2015,97.72
10-08-2015,100.01
11-08-2015,96.94
12-08-2015,97.73
13-08-2015,97.43
14-08-2015,97.48
17-08-2015,96.67
18-08-2015,95.15
19-08-2015,94.97
20-08-2015,96.72
21-08-2015,95.23
24-08-2015,92.81
25-08-2015,94.88
26-08-2015,92.82
27-08-2015,96.15
28-08-2015,97.11
31-08-2015,97.11
01-09-2015,96.12
02-09-2015,96.64
03-09-2015,98.39
04-09-2015,96.46
08-09-2015,99.29
09-09-2015,99.59
10-09-2015,100.31
11-09-2015,99.84
14-09-2015,98.16
15-09-2015,98.53
16-09-2015,99.28
17-09-2015,99.24
18-09-2015,97.26
21-09-2015,97.28
22-09-2015,94.61
23-09-2015,94.43
24-09-2015,94.65
25-09-2015,93.93
28-09-2015,92.99
29-09-2015,93.37
30-09-2015,96.13
01-10-2015,94.87
02-10-2015,94.74
05-10-2015,95.34
06-10-2015,95.21
07-10-2015,96.08
08-10-2015,95.21
09-10-2015,99.15
12-10-2015,99.33
13-10-2015,98.59
14-10-2015,98.86
15-10-2015,98.79
16-10-2015,98.48
19-10-2015,97.04
20-10-2015,96.74
21-10-2015,95.63
22-10-2015,96.18
23-10-2015,95.81
26-10-2015,95.59
27-10-2015,95.91
28-10-2015,95.87
29-10-2015,94.5
30-10-2015,94.14
02-11-2015,94.36
03-11-2015,94.32
04-11-2015,94.31
05-11-2015,93.01
06-11-2015,92.87
09-11-2015,92.4
10-11-2015,91.68
11-11-2015,92.22
12-11-2015,90.44
13-11-2015,90.48
16-11-2015,88.44
17-11-2015,88.09
18-11-2015,87.07
19-11-2015,87.25
20-11-2015,86.51
23-11-2015,84.94
24-11-2015,86.93
25-11-2015,86.68
27-11-2015,86.62
30-11-2015,86.83
01-12-2015,87.72
02-12-2015,87.13
03-12-2015,86.59
04-12-2015,88.04
07-12-2015,86.76
08-12-2015,86.92
09-12-2015,87.06
10-12-2015,87.05
11-12-2015,88.37
14-12-2015,88.25
15-12-2015,86.37
16-12-2015,87.19
17-12-2015,86.07
18-12-2015,88.29
21-12-2015,89.21
22-12-2015,88.02
23-12-2015,89.32
24-12-2015,89
28-12-2015,89
29-12-2015,89.87
30-12-2015,89.99
31-12-2015,89.42
04-01-2016,87.32
05-01-2016,87.43
06-01-2016,87.18
07-01-2016,85.86
08-01-2016,85.67
11-01-2016,83.76
12-01-2016,83.2
13-01-2016,84.15
14-01-2016,84.95
15-01-2016,83.5
19-01-2016,84.84
20-01-2016,83.96
21-01-2016,85.29
22-01-2016,85.4
25-01-2016,84.87
26-01-2016,86.98
27-01-2016,88.08
28-01-2016,87.02
29-01-2016,87.82
01-02-2016,87.85
02-02-2016,87.62
03-02-2016,89.12
04-02-2016,89.93
05-02-2016,88.14
08-02-2016,88.46
09-02-2016,86.82
10-02-2016,86.11
11-02-2016,85.97
12-02-2016,86.97
16-02-2016,87.93
17-02-2016,88.04
18-02-2016,88.15
19-02-2016,89.61
22-02-2016,91.09
23-02-2016,89.77
24-02-2016,89.96
25-02-2016,89.1
26-02-2016,90.63
29-02-2016,90.76
01-03-2016,91.3
02-03-2016,92.56
03-03-2016,93.55
04-03-2016,95.88
07-03-2016,95.5
08-03-2016,92.55
09-03-2016,93.97
10-03-2016,92.84
11-03-2016,94.05
14-03-2016,93.17
15-03-2016,92.46
16-03-2016,92.24
17-03-2016,94.79
18-03-2016,94.16
21-03-2016,94.58
22-03-2016,94.41
23-03-2016,92.6
24-03-2016,92.17
28-03-2016,92.17
29-03-2016,91.43
30-03-2016,91.43
31-03-2016,91.61
01-04-2016,91.94
04-04-2016,91.03
05-04-2016,90.78
06-04-2016,90.94
07-04-2016,88.89
08-04-2016,89.31
11-04-2016,89.32
12-04-2016,91.5
13-04-2016,93
14-04-2016,92.81
15-04-2016,92.49
18-04-2016,93.29
19-04-2016,95.08
20-04-2016,96.09
21-04-2016,96.11
22-04-2016,96.68
25-04-2016,96.15
26-04-2016,95.88
27-04-2016,95.15
28-04-2016,96.15
29-04-2016,97.79
02-05-2016,97.79
03-05-2016,95.54
04-05-2016,94.88
05-05-2016,93.1
06-05-2016,93.42
09-05-2016,90.85
10-05-2016,90.92
11-05-2016,91.88
12-05-2016,90.08
13-05-2016,90.18
16-05-2016,90.72
17-05-2016,90.88
18-05-2016,90.27
19-05-2016,89.58
20-05-2016,89.53
23-05-2016,89.09
24-05-2016,89.51
25-05-2016,89.79
26-05-2016,90.4
27-05-2016,90.95
31-05-2016,90.83
01-06-2016,90.8
02-06-2016,90.38
03-06-2016,91.33
06-06-2016,91.79
07-06-2016,90.48
08-06-2016,91.92
09-06-2016,90.85
10-06-2016,90.84
13-06-2016,91.64
14-06-2016,90.94
15-06-2016,92.72
16-06-2016,90.99
17-06-2016,91.43
20-06-2016,93.04
21-06-2016,93.28
22-06-2016,93.77
23-06-2016,94.67
24-06-2016,93.13
27-06-2016,92.74
28-06-2016,95.09
29-06-2016,95.74
30-06-2016,96.15
01-07-2016,97.95
05-07-2016,96.23
06-07-2016,95.81
07-07-2016,94.64
08-07-2016,95.63
11-07-2016,96
12-07-2016,98.38
13-07-2016,98.9
14-07-2016,99.21
15-07-2016,98.7
18-07-2016,99.05
19-07-2016,99.51
20-07-2016,99.07
21-07-2016,99.08
22-07-2016,98.19
25-07-2016,97.95
26-07-2016,97.86
27-07-2016,96.66
28-07-2016,97.85
29-07-2016,98.82
01-08-2016,98.41
02-08-2016,98.41
03-08-2016,98.38
04-08-2016,97.41
05-08-2016,97.42
08-08-2016,97.75
09-08-2016,97.47
10-08-2016,98.17
11-08-2016,98.41
12-08-2016,96.93
15-08-2016,97.69
16-08-2016,98.12
17-08-2016,97.8
18-08-2016,98.28
19-08-2016,97.89
22-08-2016,97.17
23-08-2016,96.9
24-08-2016,95.38
25-08-2016,95.28
26-08-2016,95.2
29-08-2016,95.2
30-08-2016,94.93
31-08-2016,94.81
01-09-2016,95.28
02-09-2016,95.27
06-09-2016,94.95
07-09-2016,95.35
08-09-2016,95.58
09-09-2016,94.97
12-09-2016,94.54
13-09-2016,94.25
14-09-2016,96.16
15-09-2016,95.72
16-09-2016,95.75
19-09-2016,96.32
20-09-2016,96.87
21-09-2016,96.44
22-09-2016,98.54
23-09-2016,98.41
26-09-2016,98.57
27-09-2016,98.2
28-09-2016,98.91
29-09-2016,99.26
30-09-2016,99.91
03-10-2016,99.3
04-10-2016,98.58
05-10-2016,98.35
06-10-2016,98.02
07-10-2016,98.25
10-10-2016,99.58
11-10-2016,98.49
12-10-2016,98.77
13-10-2016,97.51
14-10-2016,97.02
17-10-2016,96.66
18-10-2016,96.6
19-10-2016,96.45
20-10-2016,95.75
21-10-2016,95.42
24-10-2016,95.95
25-10-2016,97.94
26-10-2016,98.04
27-10-2016,99.06
28-10-2016,100.16
31-10-2016,100.78
01-11-2016,101.47
02-11-2016,101.06
03-11-2016,102.07
04-11-2016,102.07
07-11-2016,103.96
08-11-2016,105.77
09-11-2016,108.37
10-11-2016,110.78
11-11-2016,109.25
14-11-2016,110.05
15-11-2016,109.79
16-11-2016,107.82
17-11-2016,108.34
18-11-2016,107.25
21-11-2016,109.84
22-11-2016,111.03
23-11-2016,113.21
25-11-2016,115.42
28-11-2016,116.02
29-11-2016,111.96
30-11-2016,113.6
01-12-2016,113.04
02-12-2016,112.47
05-12-2016,115.48
06-12-2016,114.58
07-12-2016,113.04
08-12-2016,112.66
09-12-2016,114.02
12-12-2016,113.15
13-12-2016,112.37
14-12-2016,113.26
15-12-2016,113.22
16-12-2016,111.19
19-12-2016,108.62
20-12-2016,109.03
21-12-2016,109.04
22-12-2016,108.84
23-12-2016,107.62
27-12-2016,107.62
28-12-2016,107.83
29-12-2016,106.45
30-12-2016,107.42
03-01-2017,106.57
04-01-2017,108.98
05-01-2017,108.49
06-01-2017,108.71
09-01-2017,109.4
10-01-2017,112.16
11-01-2017,111.17
12-01-2017,113.3
13-01-2017,115.05
17-01-2017,112.65
18-01-2017,113.65
19-01-2017,112.88
20-01-2017,113.08
23-01-2017,113.81
24-01-2017,115.89
25-01-2017,115.13
26-01-2017,113.41
27-01-2017,113.67
30-01-2017,113.2
31-01-2017,115.94
01-02-2017,115.76
02-02-2017,115.33
03-02-2017,113.79
06-02-2017,114.81
07-02-2017,114.14
08-02-2017,115.95
09-02-2017,114.84
10-02-2017,118.92
13-02-2017,119.11
14-02-2017,118.28
15-02-2017,119.05
16-02-2017,118.1
17-02-2017,117.18
21-02-2017,118.4
22-02-2017,118.11
23-02-2017,115.36
24-02-2017,116.87
27-02-2017,117.24
28-02-2017,117.99
01-03-2017,119.12
02-03-2017,116.89
03-03-2017,116.67
06-03-2017,115.75
07-03-2017,114.18
08-03-2017,113.76
09-03-2017,112.7
10-03-2017,113.17
13-03-2017,114.34
14-03-2017,114.22
15-03-2017,115.37
16-03-2017,116.1
17-03-2017,116.99
20-03-2017,116.28
21-03-2017,115.15
22-03-2017,115.66
23-03-2017,115.79
24-03-2017,115.53
27-03-2017,114.36
28-03-2017,116.32
29-03-2017,117.17
30-03-2017,117.98
31-03-2017,116.02
03-04-2017,114.36
04-04-2017,114.72
05-04-2017,116.73
06-04-2017,115.68
07-04-2017,115.37
10-04-2017,113.72
11-04-2017,113.25
12-04-2017,111.63
13-04-2017,112.58
17-04-2017,112.58
18-04-2017,109.72
19-04-2017,110.01
20-04-2017,111.84
21-04-2017,111.23
24-04-2017,111.73
25-04-2017,112.58
26-04-2017,112.74
27-04-2017,112.02
28-04-2017,112.65
01-05-2017,112.65
02-05-2017,113.73
03-05-2017,110.76
04-05-2017,109.74
05-05-2017,110.26
08-05-2017,108.98
09-05-2017,109.33
10-05-2017,109.05
11-05-2017,109.8
12-05-2017,109.87
15-05-2017,110.55
16-05-2017,110.38
17-05-2017,110.68
18-05-2017,110.09
19-05-2017,112.1
22-05-2017,112.34
23-05-2017,112.57
24-05-2017,111.79
25-05-2017,112.35
26-05-2017,111.72
30-05-2017,111.25
31-05-2017,111.27
01-06-2017,111.09
02-06-2017,110.68
05-06-2017,109.64
06-06-2017,109.23
07-06-2017,109.21
08-06-2017,110.47
09-06-2017,111.85
12-06-2017,110.77
13-06-2017,110.14
14-06-2017,110.2
15-06-2017,109.65
16-06-2017,109.87
19-06-2017,110.99
20-06-2017,110.08
21-06-2017,111.49
22-06-2017,111.92
23-06-2017,112.61
26-06-2017,112.55
27-06-2017,113.99
28-06-2017,114.37
29-06-2017,115.39
30-06-2017,115.47
03-07-2017,115.79
05-07-2017,114.34
06-07-2017,114.57
07-07-2017,114.03
10-07-2017,113.62
11-07-2017,114.52
12-07-2017,114.93
13-07-2017,114.94
14-07-2017,116
17-07-2017,116.63
18-07-2017,116.98
19-07-2017,115.89
20-07-2017,115.46
21-07-2017,116.12
24-07-2017,116.85
25-07-2017,119.76
26-07-2017,120.83
27-07-2017,120.83
28-07-2017,120.34
31-07-2017,121.02
01-08-2017,120.67
02-08-2017,121.2
03-08-2017,121.11
04-08-2017,121.14
07-08-2017,122.7
08-08-2017,124.97
09-08-2017,124.85
10-08-2017,125.05
11-08-2017,124.34
14-08-2017,123.74
15-08-2017,124.06
16-08-2017,127.83
17-08-2017,126.6
18-08-2017,126.87
21-08-2017,128.5
22-08-2017,128.63
23-08-2017,128.9
24-08-2017,130.4
25-08-2017,129.01
28-08-2017,129.01
29-08-2017,131.22
30-08-2017,130.6
31-08-2017,131.77
01-09-2017,132.97
05-09-2017,132.72
06-09-2017,132.76
07-09-2017,132.87
08-09-2017,129.35
11-09-2017,130.71
12-09-2017,130.4
13-09-2017,127.89
14-09-2017,127
15-09-2017,127.01
18-09-2017,127.8
19-09-2017,128.38
20-09-2017,129.51
21-09-2017,128.5
22-09-2017,126.91
25-09-2017,127.14
26-09-2017,126.37
27-09-2017,126.3
28-09-2017,127.62
29-09-2017,127.02
02-10-2017,127.38
03-10-2017,128.66
04-10-2017,129.24
05-10-2017,131.04
06-10-2017,130.14
09-10-2017,130.95
10-10-2017,132.19
11-10-2017,132.07
12-10-2017,133.71
13-10-2017,133.69
16-10-2017,136.24
17-10-2017,134.43
18-10-2017,133.96
19-10-2017,134.17
20-10-2017,133.68
23-10-2017,134.59
24-10-2017,135.5
25-10-2017,135.66
26-10-2017,135.44
27-10-2017,132.95
30-10-2017,133.49
31-10-2017,134.26
01-11-2017,136.33
02-11-2017,135.68
03-11-2017,135.5
06-11-2017,136.43
07-11-2017,133.81
08-11-2017,134.05
09-11-2017,132.8
10-11-2017,132.68
13-11-2017,134.34
14-11-2017,131.26
15-11-2017,131.53
16-11-2017,130.55
17-11-2017,131.5
20-11-2017,131.86
21-11-2017,133.05
22-11-2017,133.94
24-11-2017,135.13
27-11-2017,133.65
28-11-2017,131.3
29-11-2017,130.61
30-11-2017,129.89
01-12-2017,131.8
04-12-2017,131.32
05-12-2017,127.28
06-12-2017,126.7
07-12-2017,126.87
08-12-2017,126.88
11-12-2017,128.73
12-12-2017,128.62
13-12-2017,129.27
14-12-2017,130.59
15-12-2017,132.48
18-12-2017,133.12
19-12-2017,133.73
20-12-2017,135.4
21-12-2017,136.27
22-12-2017,137.49
26-12-2017,137.49
27-12-2017,139.62
28-12-2017,140.96
29-12-2017,140.79
02-01-2018,140.45
03-01-2018,138.96
04-01-2018,140.16
05-01-2018,138.53
08-01-2018,138.49
09-01-2018,137.78
10-01-2018,139.04
11-01-2018,138.71
12-01-2018,139.07
16-01-2018,138.3
17-01-2018,137.56
18-01-2018,138.95
19-01-2018,138.81
22-01-2018,139.59
23-01-2018,138.02
24-01-2018,141.6
25-01-2018,141.52
26-01-2018,141.22
29-01-2018,141.33
30-01-2018,139.84
31-01-2018,141.3
01-02-2018,142.07
02-02-2018,140.2
05-02-2018,141.9
06-02-2018,139.39
07-02-2018,136.42
08-02-2018,136.56
09-02-2018,134.69
12-02-2018,135.56
13-02-2018,138.26
14-02-2018,141.85
15-02-2018,142.03
16-02-2018,142.85
20-02-2018,140.64
21-02-2018,141.27
22-02-2018,141.35
23-02-2018,139.8
26-02-2018,140.38
27-02-2018,139.29
28-02-2018,137.76
01-03-2018,137.06
02-03-2018,136.57
05-03-2018,136.19
06-03-2018,137.43
07-03-2018,135.69
08-03-2018,134.08
09-03-2018,136.65
12-03-2018,135.25
13-03-2018,136.46
14-03-2018,136.29
15-03-2018,135.36
16-03-2018,135.13
19-03-2018,134.61
20-03-2018,133.13
21-03-2018,133.98
22-03-2018,132.26
23-03-2018,131.29
26-03-2018,131.09
27-03-2018,131.61
28-03-2018,131.8
29-03-2018,132.03
02-04-2018,132.03
03-04-2018,132.65
04-04-2018,131.52
05-04-2018,132.77
06-04-2018,132.78
09-04-2018,135.03
10-04-2018,137.54
11-04-2018,138.56
12-04-2018,137.49
13-04-2018,137.12
16-04-2018,140.32
17-04-2018,139.94
18-04-2018,145.14
19-04-2018,143.54
20-04-2018,143.25
23-04-2018,139.27
24-04-2018,138.44
25-04-2018,138.45
26-04-2018,138.73
27-04-2018,135.9
30-04-2018,136.22
01-05-2018,135.18
02-05-2018,137.14
03-05-2018,135.9
04-05-2018,138.06
07-05-2018,138.06
08-05-2018,137.23
09-05-2018,137.95
10-05-2018,138.47
11-05-2018,138.33
14-05-2018,138.77
15-05-2018,138.08
16-05-2018,138.46
17-05-2018,138.88
18-05-2018,138.22
21-05-2018,138.78
22-05-2018,139.59
23-05-2018,138.24
24-05-2018,138.96
25-05-2018,138.45
29-05-2018,138.74
30-05-2018,138.93
31-05-2018,139.38
01-06-2018,140.28
04-06-2018,141.61
05-06-2018,143.42
06-06-2018,144.91
07-06-2018,145.21
08-06-2018,144.68
11-06-2018,143.96
12-06-2018,143.44
13-06-2018,143.89
14-06-2018,142.21
15-06-2018,139.12
18-06-2018,138.55
19-06-2018,135.91
20-06-2018,135.54
21-06-2018,135.45
22-06-2018,135.84
25-06-2018,134.3
26-06-2018,133.89
27-06-2018,134.35
28-06-2018,133.29
29-06-2018,132.9
02-07-2018,130.7
03-07-2018,129.77
05-07-2018,127.47
06-07-2018,126.64
09-07-2018,128.4
10-07-2018,126.86
11-07-2018,123.64
12-07-2018,124.69
13-07-2018,124.4
16-07-2018,123.27
17-07-2018,122.59
18-07-2018,123.24
19-07-2018,121.29
20-07-2018,123.01
23-07-2018,123.04
24-07-2018,125.51
25-07-2018,125.03
26-07-2018,125.23
27-07-2018,125.47
30-07-2018,125.05
31-07-2018,125.96
01-08-2018,123.32
02-08-2018,122.5
03-08-2018,123.7
06-08-2018,122.97
07-08-2018,123.81
08-08-2018,125
09-08-2018,124.92
10-08-2018,124.44
13-08-2018,123.21
14-08-2018,121.44
15-08-2018,116.48
16-08-2018,119.49
17-08-2018,119.13
20-08-2018,120.12
21-08-2018,121.02
22-08-2018,121.04
23-08-2018,120.88
24-08-2018,122.95
27-08-2018,122.95
28-08-2018,124.14
29-08-2018,123.71
30-08-2018,122.47
31-08-2018,120.89
04-09-2018,117.81
05-09-2018,118.33
06-09-2018,118.45
07-09-2018,118.82
10-09-2018,118.65
11-09-2018,116.74
12-09-2018,119.3
13-09-2018,119.68
14-09-2018,118.74
17-09-2018,117.88
18-09-2018,119.66
19-09-2018,120.36
20-09-2018,120.53
21-09-2018,125.09
24-09-2018,124.58
25-09-2018,123.98
26-09-2018,123.6
27-09-2018,121.81
28-09-2018,123.83
01-10-2018,124.17
02-10-2018,125.05
03-10-2018,126.19
04-10-2018,125.66
05-10-2018,123.98
08-10-2018,123.05
09-10-2018,124.75
10-10-2018,123.33
11-10-2018,123.2
12-10-2018,124.44
15-10-2018,124.03
16-10-2018,123.24
17-10-2018,123.33
18-10-2018,122.56
19-10-2018,122.76
22-10-2018,123.32
23-10-2018,122.57
24-10-2018,122.12
25-10-2018,122.3
26-10-2018,121.55
29-10-2018,120.83
30-10-2018,118.85
31-10-2018,117.62
01-11-2018,119.39
02-11-2018,121.75
05-11-2018,120.16
06-11-2018,119.42
07-11-2018,119.6
08-11-2018,120.33
09-11-2018,118.42
12-11-2018,117.7
13-11-2018,117.74
14-11-2018,118.04
15-11-2018,119.08
16-11-2018,119.97
19-11-2018,120.2
20-11-2018,119.06
21-11-2018,119.97
23-11-2018,119.11
26-11-2018,118.61
27-11-2018,117.15
28-11-2018,118.18
29-11-2018,118.82
30-11-2018,119.7
03-12-2018,121.1
04-12-2018,120.2
05-12-2018,120.02
06-12-2018,118.03
07-12-2018,118.96
10-12-2018,117.75
11-12-2018,118.69
12-12-2018,118.34
13-12-2018,118.36
14-12-2018,118.13
17-12-2018,118.04
18-12-2018,116.18
19-12-2018,116.91
20-12-2018,116.58
21-12-2018,116.21
24-12-2018,115.57
26-12-2018,115.57
27-12-2018,115.49
28-12-2018,115.25
31-12-2018,114.9
02-01-2019,112.67
03-01-2019,111.94
04-01-2019,114.82
07-01-2019,115.45
08-01-2019,115.06
09-01-2019,115.57
10-01-2019,115.24
11-01-2019,115.63
14-01-2019,114.86
15-01-2019,115.41
16-01-2019,116.37
17-01-2019,116.82
18-01-2019,118.28
22-01-2019,116.95
23-01-2019,117.77
24-01-2019,117.59
25-01-2019,119.96
28-01-2019,118.39
29-01-2019,119.47
30-01-2019,121.06
31-01-2019,121.84
01-02-2019,121.75
04-02-2019,123.33
05-02-2019,123.3
06-02-2019,123.19
07-02-2019,122.88
08-02-2019,121.71
11-02-2019,120.57
12-02-2019,119.51
13-02-2019,119.56
14-02-2019,119.34
15-02-2019,120.68
19-02-2019,122.33
20-02-2019,123.98
21-02-2019,124.04
22-02-2019,125.61
25-02-2019,125.52
26-02-2019,125.77
27-02-2019,126.35
28-02-2019,126.42
01-03-2019,126.37
04-03-2019,124.86
05-03-2019,126.11
06-03-2019,125.74
07-03-2019,124.62
08-03-2019,124.08
11-03-2019,123.82
12-03-2019,125.68
13-03-2019,126.41
14-03-2019,125.09
15-03-2019,124.99
18-03-2019,125.25
19-03-2019,126.27
20-03-2019,126.56
21-03-2019,125.31
22-03-2019,124
25-03-2019,124.03
26-03-2019,124.41
27-03-2019,124.86
28-03-2019,124.72
29-03-2019,126.58
01-04-2019,126.38
02-04-2019,125.31
03-04-2019,126.85
04-04-2019,125.87
05-04-2019,125.32
08-04-2019,125.89
09-04-2019,125.83
10-04-2019,125.49
11-04-2019,124.47
12-04-2019,125.79
15-04-2019,125.59
16-04-2019,124.96
17-04-2019,125.65
18-04-2019,124.51
22-04-2019,124.42
23-04-2019,123.33
24-04-2019,123.88
25-04-2019,122.72
26-04-2019,123.19
29-04-2019,123.16
30-04-2019,122.84
01-05-2019,120.5
02-05-2019,119.66
03-05-2019,120.47
06-05-2019,120.52
07-05-2019,119.39
08-05-2019,118.54
09-05-2019,117.64
10-05-2019,118.19
13-05-2019,116.43
14-05-2019,117.38
15-05-2019,118.56
16-05-2019,118.97
17-05-2019,117.86
20-05-2019,116.8
21-05-2019,116.59
22-05-2019,115.35
23-05-2019,115.44
24-05-2019,116.61
28-05-2019,116.52
29-05-2019,115.38
30-05-2019,115.06
31-05-2019,114.67
03-06-2019,114.1
04-06-2019,114.66
05-06-2019,113.51
06-06-2019,113.96
07-06-2019,113.21
10-06-2019,114.32
11-06-2019,114.9
12-06-2019,114.68
13-06-2019,114.49
14-06-2019,113.6
17-06-2019,113.83
18-06-2019,115.76
19-06-2019,115.42
20-06-2019,116.16
21-06-2019,115.51
24-06-2019,116.19
25-06-2019,117.85
26-06-2019,117.33
27-06-2019,116.99
28-06-2019,117.17
01-07-2019,115.97
02-07-2019,114.9
03-07-2019,115.4
05-07-2019,115.21
08-07-2019,115.31
09-07-2019,114.83
10-07-2019,117.11
11-07-2019,117.22
12-07-2019,117.47
15-07-2019,118.47
16-07-2019,119.41
17-07-2019,119.65
18-07-2019,120.17
19-07-2019,120.54
22-07-2019,118.94
23-07-2019,118.52
24-07-2019,119.62
25-07-2019,119.12
26-07-2019,118.26
29-07-2019,119.38
30-07-2019,118.31
31-07-2019,118.09
01-08-2019,117.41
02-08-2019,114.88
05-08-2019,114.49
06-08-2019,114.64
07-08-2019,114.26
08-08-2019,117.13
09-08-2019,115.86
12-08-2019,116.16
13-08-2019,117.78
14-08-2019,116.55
15-08-2019,116.94
16-08-2019,116.85
19-08-2019,116.93
20-08-2019,115.9
21-08-2019,116.57
22-08-2019,115.37
23-08-2019,114.99
26-08-2019,115.05
27-08-2019,115.6
28-08-2019,115.71
29-08-2019,116.57
30-08-2019,116.99
03-09-2019,116.27
04-09-2019,118.81
05-09-2019,119.64
06-09-2019,119.75
09-09-2019,119.99
10-09-2019,120.57
11-09-2019,120.07
12-09-2019,120.43
13-09-2019,122.01
16-09-2019,120.13
17-09-2019,119.12
18-09-2019,118.95
19-09-2019,119.14
20-09-2019,119.41
23-09-2019,119.19
24-09-2019,118.22
25-09-2019,118.49
26-09-2019,117.55
27-09-2019,117.96
30-09-2019,117.91
01-10-2019,117.3
02-10-2019,117.16
03-10-2019,117.23
04-10-2019,117.4
07-10-2019,118.38
08-10-2019,117.84
09-10-2019,117.63
10-10-2019,119.72
11-10-2019,119.72
14-10-2019,119.08
15-10-2019,119.18
16-10-2019,118.44
17-10-2019,118.56
18-10-2019,119.55
21-10-2019,119.7
22-10-2019,119.68
23-10-2019,120.68
24-10-2019,120.93
25-10-2019,121.5
28-10-2019,121.65
29-10-2019,122.33
30-10-2019,121.89
31-10-2019,120.09
01-11-2019,121.51
04-11-2019,122.09
05-11-2019,122.3
06-11-2019,121.56
07-11-2019,122.48
08-11-2019,121.6
11-11-2019,120.21
12-11-2019,119.82
13-11-2019,118.7
14-11-2019,117.7
15-11-2019,118.02
18-11-2019,117.06
19-11-2019,117.52
20-11-2019,117.21
21-11-2019,116.5
22-11-2019,117.12
