Date,GSLI
2019-10-09T00:00:00Z,153.68
2019-10-08T00:00:00Z,153.68
2019-10-07T00:00:00Z,155.6
2019-10-04T00:00:00Z,155.3
2019-10-03T00:00:00Z,153.66
2019-10-02T00:00:00Z,153.17
2019-10-01T00:00:00Z,156.5
2019-09-30T00:00:00Z,158.46
2019-09-27T00:00:00Z,158.54
2019-09-26T00:00:00Z,158.73
2019-09-25T00:00:00Z,158.78
2019-09-24T00:00:00Z,158.58
2019-09-23T00:00:00Z,159.61
2019-09-20T00:00:00Z,159.71
2019-09-19T00:00:00Z,160.06
2019-09-18T00:00:00Z,159.69
2019-09-17T00:00:00Z,159.43
2019-09-16T00:00:00Z,159
2019-09-13T00:00:00Z,160.06
2019-09-12T00:00:00Z,160.01
2019-09-11T00:00:00Z,159.2
2019-09-10T00:00:00Z,157.9
2019-09-09T00:00:00Z,158.12
2019-09-06T00:00:00Z,157.61
2019-09-05T00:00:00Z,157.1
2019-09-04T00:00:00Z,155.16
2019-09-03T00:00:00Z,153.07
2019-08-30T00:00:00Z,153.79
2019-08-29T00:00:00Z,153.05
2019-08-28T00:00:00Z,151.74
2019-08-27T00:00:00Z,151.25
2019-08-26T00:00:00Z,151.19
2019-08-23T00:00:00Z,150.92
2019-08-22T00:00:00Z,153.19
2019-08-21T00:00:00Z,153.63
2019-08-20T00:00:00Z,153.04
2019-08-19T00:00:00Z,153.82
2019-08-16T00:00:00Z,152.46
2019-08-15T00:00:00Z,150.09
2019-08-14T00:00:00Z,152.19
2019-08-13T00:00:00Z,155.38
2019-08-12T00:00:00Z,154.37
2019-08-09T00:00:00Z,155.57
2019-08-08T00:00:00Z,156.44
2019-08-07T00:00:00Z,154.27
2019-08-06T00:00:00Z,154.1
2019-08-05T00:00:00Z,154.01
2019-08-02T00:00:00Z,157.64
2019-08-01T00:00:00Z,159.63
2019-07-31T00:00:00Z,160.38
2019-07-30T00:00:00Z,161.97
2019-07-29T00:00:00Z,162.93
2019-07-26T00:00:00Z,163.09
2019-07-25T00:00:00Z,161.84
2019-07-24T00:00:00Z,162.42
2019-07-23T00:00:00Z,161.6
2019-07-22T00:00:00Z,160.99
2019-07-19T00:00:00Z,160.65
2019-07-18T00:00:00Z,160.37
2019-07-17T00:00:00Z,160.02
2019-07-16T00:00:00Z,160.91
2019-07-15T00:00:00Z,161.35
2019-07-12T00:00:00Z,161.1
2019-07-11T00:00:00Z,160.26
2019-07-10T00:00:00Z,160
2019-07-09T00:00:00Z,159.09
2019-07-08T00:00:00Z,159.32
2019-07-05T00:00:00Z,160.44
2019-07-03T00:00:00Z,161.08
2019-07-02T00:00:00Z,160.02
2019-07-01T00:00:00Z,159.43
2019-06-28T00:00:00Z,158.34
2019-06-27T00:00:00Z,157.73
2019-06-26T00:00:00Z,157.32
2019-06-25T00:00:00Z,157.44
2019-06-24T00:00:00Z,158.28
2019-06-21T00:00:00Z,158.65
2019-06-20T00:00:00Z,158.94
2019-06-19T00:00:00Z,157.22
2019-06-18T00:00:00Z,156.39
2019-06-17T00:00:00Z,154.69
2019-06-14T00:00:00Z,155.22
2019-06-13T00:00:00Z,156.1
2019-06-12T00:00:00Z,156.28
2019-06-11T00:00:00Z,156.78
2019-06-10T00:00:00Z,155.6
2019-06-07T00:00:00Z,154.96
2019-06-06T00:00:00Z,153.53
2019-06-05T00:00:00Z,152.58
2019-06-04T00:00:00Z,151.52
2019-06-03T00:00:00Z,148.94
2019-05-31T00:00:00Z,148.14
2019-05-30T00:00:00Z,149.49
2019-05-29T00:00:00Z,149.05
2019-05-28T00:00:00Z,150.27
2019-05-24T00:00:00Z,151.05
2019-05-23T00:00:00Z,150.65
2019-05-22T00:00:00Z,152.52
2019-05-21T00:00:00Z,153.31
2019-05-20T00:00:00Z,152.08
2019-05-17T00:00:00Z,152.63
2019-05-16T00:00:00Z,153.33
2019-05-15T00:00:00Z,152.19
2019-05-14T00:00:00Z,151.6
2019-05-13T00:00:00Z,150.71
2019-05-10T00:00:00Z,153.97
2019-05-09T00:00:00Z,153.47
2019-05-08T00:00:00Z,155.37
2019-05-07T00:00:00Z,155.67
2019-05-06T00:00:00Z,157.54
2019-05-03T00:00:00Z,158.52
2019-05-02T00:00:00Z,157.45
2019-05-01T00:00:00Z,158.61
2019-04-30T00:00:00Z,158.93
2019-04-29T00:00:00Z,158.55
2019-04-26T00:00:00Z,158.34
2019-04-25T00:00:00Z,158.51
2019-04-24T00:00:00Z,158.87
2019-04-23T00:00:00Z,159.58
2019-04-22T00:00:00Z,159.5
2019-04-18T00:00:00Z,159.4
2019-04-17T00:00:00Z,159.51
2019-04-16T00:00:00Z,159.04
2019-04-15T00:00:00Z,158.2
2019-04-12T00:00:00Z,157.92
2019-04-11T00:00:00Z,157.15
2019-04-10T00:00:00Z,157.09
2019-04-09T00:00:00Z,156.57
2019-04-08T00:00:00Z,157.46
2019-04-05T00:00:00Z,157.32
2019-04-04T00:00:00Z,157.18
2019-04-03T00:00:00Z,157.25
2019-04-02T00:00:00Z,156.03
2019-04-01T00:00:00Z,155.98
2019-03-29T00:00:00Z,154.25
2019-03-28T00:00:00Z,153.3
2019-03-27T00:00:00Z,153.02
2019-03-26T00:00:00Z,154.01
2019-03-25T00:00:00Z,152.53
2019-03-22T00:00:00Z,153.68
2019-03-21T00:00:00Z,156.34
2019-03-20T00:00:00Z,155.45
2019-03-19T00:00:00Z,156.1
2019-03-18T00:00:00Z,155.66
2019-03-15T00:00:00Z,154.64
2019-03-14T00:00:00Z,153.37
2019-03-13T00:00:00Z,153.27
2019-03-12T00:00:00Z,152.38
2019-03-11T00:00:00Z,151.88
2019-03-08T00:00:00Z,150.75
2019-03-07T00:00:00Z,151.65
2019-03-06T00:00:00Z,152.69
2019-03-05T00:00:00Z,153.77
2019-03-04T00:00:00Z,154.22
2019-03-01T00:00:00Z,154.35
2019-02-28T00:00:00Z,153.7
2019-02-27T00:00:00Z,154.59
2019-02-26T00:00:00Z,154.56
2019-02-25T00:00:00Z,154.43
2019-02-22T00:00:00Z,153.63
2019-02-21T00:00:00Z,152.58
2019-02-20T00:00:00Z,152.6
2019-02-19T00:00:00Z,152.06
2019-02-15T00:00:00Z,151.47
2019-02-14T00:00:00Z,150.01
2019-02-13T00:00:00Z,150.05
2019-02-12T00:00:00Z,149.07
2019-02-11T00:00:00Z,147.67
2019-02-08T00:00:00Z,147.51
2019-02-07T00:00:00Z,148.74
2019-02-06T00:00:00Z,150.46
2019-02-05T00:00:00Z,150.9
2019-02-04T00:00:00Z,149.33
2019-02-01T00:00:00Z,149.16
2019-01-31T00:00:00Z,148.56
2019-01-30T00:00:00Z,147.15
2019-01-29T00:00:00Z,145.63
2019-01-28T00:00:00Z,145.58
2019-01-25T00:00:00Z,146.42
2019-01-24T00:00:00Z,145.01
2019-01-23T00:00:00Z,144.35
2019-01-22T00:00:00Z,144.11
2019-01-18T00:00:00Z,145.63
2019-01-17T00:00:00Z,143.97
2019-01-16T00:00:00Z,143.4
2019-01-15T00:00:00Z,143.3
2019-01-14T00:00:00Z,141.91
2019-01-11T00:00:00Z,142.21
2019-01-10T00:00:00Z,142.25
2019-01-09T00:00:00Z,141.48
2019-01-08T00:00:00Z,139.85
2019-01-07T00:00:00Z,139.3
2019-01-04T00:00:00Z,137.75
2019-01-03T00:00:00Z,134.19
2019-01-02T00:00:00Z,137.18
2018-12-31T00:00:00Z,137.2
2018-12-28T00:00:00Z,136.29
2018-12-27T00:00:00Z,135
2018-12-26T00:00:00Z,134.4
2018-12-24T00:00:00Z,132.25
2018-12-21T00:00:00Z,134.31
2018-12-20T00:00:00Z,135.6
2018-12-19T00:00:00Z,137.55
2018-12-18T00:00:00Z,138.41
2018-12-17T00:00:00Z,138.68
2018-12-14T00:00:00Z,140.09
2018-12-13T00:00:00Z,142.54
2018-12-12T00:00:00Z,141.95
2018-12-11T00:00:00Z,140.36
2018-12-10T00:00:00Z,140.42
2018-12-07T00:00:00Z,142.1
2018-12-06T00:00:00Z,143.2
2018-12-05T00:00:00Z,144.77
2018-12-04T00:00:00Z,145.65
2018-12-03T00:00:00Z,148.72
2018-11-30T00:00:00Z,146.9
2018-11-29T00:00:00Z,147.08
2018-11-28T00:00:00Z,146.56
2018-11-27T00:00:00Z,144.85
2018-11-26T00:00:00Z,144.89
2018-11-23T00:00:00Z,143.5
2018-11-21T00:00:00Z,144.37
2018-11-20T00:00:00Z,143.79
2018-11-19T00:00:00Z,145.87
2018-11-16T00:00:00Z,146.6
2018-11-15T00:00:00Z,145.92
2018-11-14T00:00:00Z,144.85
2018-11-13T00:00:00Z,145.89
2018-11-12T00:00:00Z,146.04
2018-11-09T00:00:00Z,148.33
2018-11-08T00:00:00Z,150.19
2018-11-07T00:00:00Z,150.02
2018-11-06T00:00:00Z,147.7
2018-11-05T00:00:00Z,147.21
2018-11-02T00:00:00Z,146.62
2018-11-01T00:00:00Z,145.35
2018-10-31T00:00:00Z,144.52
2018-10-30T00:00:00Z,143.33
2018-10-29T00:00:00Z,142.29
2018-10-26T00:00:00Z,142.36
2018-10-25T00:00:00Z,143.38
2018-10-24T00:00:00Z,143.23
2018-10-23T00:00:00Z,145.79
2018-10-22T00:00:00Z,147.77
2018-10-19T00:00:00Z,148.99
2018-10-18T00:00:00Z,149.58
2018-10-17T00:00:00Z,151.26
2018-10-16T00:00:00Z,150.74
2018-10-15T00:00:00Z,148.93
2018-10-12T00:00:00Z,149.57
2018-10-11T00:00:00Z,148.17
2018-10-10T00:00:00Z,152.28
2018-10-09T00:00:00Z,155.24
2018-10-08T00:00:00Z,155.68
2018-10-05T00:00:00Z,155.8
2018-10-04T00:00:00Z,156.23
2018-10-03T00:00:00Z,157.56
2018-10-02T00:00:00Z,157.4643
2018-10-01T00:00:00Z,157.43
2018-09-28T00:00:00Z,157.26
2018-09-27T00:00:00Z,158
2018-09-26T00:00:00Z,158.24
2018-09-25T00:00:00Z,158.3
2018-09-24T00:00:00Z,158.86
2018-09-21T00:00:00Z,159.73
2018-09-20T00:00:00Z,159.5
2018-09-19T00:00:00Z,158.48
2018-09-18T00:00:00Z,157.6
2018-09-17T00:00:00Z,156.62
2018-09-14T00:00:00Z,156.73
2018-09-13T00:00:00Z,156.1
2018-09-12T00:00:00Z,155.69
2018-09-11T00:00:00Z,154.8
2018-09-10T00:00:00Z,155.42
2018-09-07T00:00:00Z,155.29
2018-09-06T00:00:00Z,155.92
2018-09-05T00:00:00Z,156.46
2018-09-04T00:00:00Z,157.16
2018-08-31T00:00:00Z,158.73
2018-08-30T00:00:00Z,158.85
2018-08-29T00:00:00Z,160.1
2018-08-28T00:00:00Z,159.56
2018-08-27T00:00:00Z,159.18
2018-08-24T00:00:00Z,157.33
2018-08-23T00:00:00Z,156.67
2018-08-22T00:00:00Z,157.33
2018-08-21T00:00:00Z,157.34
2018-08-20T00:00:00Z,156.27
2018-08-17T00:00:00Z,155.73
2018-08-16T00:00:00Z,155.21
2018-08-15T00:00:00Z,153.81
2018-08-14T00:00:00Z,155.13
2018-08-13T00:00:00Z,154.29
2018-08-10T00:00:00Z,155.36
2018-08-09T00:00:00Z,158.09
2018-08-08T00:00:00Z,158.51
2018-08-07T00:00:00Z,158.53
2018-08-06T00:00:00Z,157.99
2018-08-03T00:00:00Z,158.27
2018-08-02T00:00:00Z,157.48
2018-08-01T00:00:00Z,158.15
2018-07-31T00:00:00Z,158.68
2018-07-30T00:00:00Z,158.16
2018-07-27T00:00:00Z,157.67
2018-07-26T00:00:00Z,158.49
2018-07-25T00:00:00Z,157.99
2018-07-24T00:00:00Z,157.77
2018-07-23T00:00:00Z,156.29
2018-07-20T00:00:00Z,156.78
2018-07-19T00:00:00Z,157.1
2018-07-18T00:00:00Z,157.39
2018-07-17T00:00:00Z,157.19
2018-07-16T00:00:00Z,157.05
2018-07-13T00:00:00Z,156.72
2018-07-12T00:00:00Z,156.67
2018-07-11T00:00:00Z,155.78
2018-07-10T00:00:00Z,157.56
2018-07-09T00:00:00Z,157.34
2018-07-06T00:00:00Z,155.76
2018-07-05T00:00:00Z,154.41
2018-07-03T00:00:00Z,153.58
2018-07-02T00:00:00Z,153.19
2018-06-29T00:00:00Z,154.38
2018-06-28T00:00:00Z,153.21
2018-06-27T00:00:00Z,153.63
2018-06-26T00:00:00Z,154.62
2018-06-25T00:00:00Z,154.08
2018-06-22T00:00:00Z,156.36
2018-06-21T00:00:00Z,154.96
2018-06-20T00:00:00Z,155.99
2018-06-19T00:00:00Z,156.19
2018-06-18T00:00:00Z,157.39
2018-06-15T00:00:00Z,158.79
2018-06-14T00:00:00Z,159.58
2018-06-13T00:00:00Z,160.01
2018-06-12T00:00:00Z,160.1
2018-06-11T00:00:00Z,160.36
2018-06-08T00:00:00Z,159.95
2018-06-07T00:00:00Z,160.54
2018-06-06T00:00:00Z,160.59
2018-06-05T00:00:00Z,159.24
2018-06-04T00:00:00Z,159.65
2018-06-01T00:00:00Z,159.37
2018-05-31T00:00:00Z,158.08
2018-05-30T00:00:00Z,158.86
2018-05-29T00:00:00Z,158.28
2018-05-25T00:00:00Z,161.03
2018-05-24T00:00:00Z,161.52
2018-05-23T00:00:00Z,161.52
2018-05-22T00:00:00Z,162.74
2018-05-21T00:00:00Z,162.38
2018-05-18T00:00:00Z,161.61
2018-05-17T00:00:00Z,162.73
2018-05-16T00:00:00Z,162.94
2018-05-15T00:00:00Z,162.7
2018-05-14T00:00:00Z,164.24
2018-05-11T00:00:00Z,163.8
2018-05-10T00:00:00Z,163.29
2018-05-09T00:00:00Z,162.12
2018-05-08T00:00:00Z,161.48
2018-05-07T00:00:00Z,161.18
2018-05-04T00:00:00Z,160.61
2018-05-03T00:00:00Z,159.7
2018-05-02T00:00:00Z,160.23
2018-05-01T00:00:00Z,161.19
2018-04-30T00:00:00Z,161.1
2018-04-27T00:00:00Z,161.83
2018-04-26T00:00:00Z,161.62
2018-04-25T00:00:00Z,160.36
2018-04-24T00:00:00Z,161.37
2018-04-23T00:00:00Z,161.59
2018-04-20T00:00:00Z,162.22
2018-04-19T00:00:00Z,163.56
2018-04-18T00:00:00Z,163.47
2018-04-17T00:00:00Z,163.07
2018-04-16T00:00:00Z,162
2018-04-13T00:00:00Z,162.6
2018-04-12T00:00:00Z,163.03
2018-04-11T00:00:00Z,162.13
2018-04-10T00:00:00Z,162.62
2018-04-09T00:00:00Z,160.59
2018-04-06T00:00:00Z,159.89
2018-04-05T00:00:00Z,161.83
2018-04-04T00:00:00Z,160.11
2018-04-03T00:00:00Z,160.17
2018-04-02T00:00:00Z,159.41
2018-03-29T00:00:00Z,161.31
2018-03-28T00:00:00Z,160.09
2018-03-27T00:00:00Z,160.93
2018-03-26T00:00:00Z,161.43
2018-03-23T00:00:00Z,159.08
2018-03-22T00:00:00Z,162.61
2018-03-21T00:00:00Z,165.21
2018-03-20T00:00:00Z,165.08
2018-03-19T00:00:00Z,164.92
2018-03-16T00:00:00Z,166.31
2018-03-15T00:00:00Z,166.32
2018-03-14T00:00:00Z,166.62
2018-03-13T00:00:00Z,167.42
2018-03-12T00:00:00Z,167.91
2018-03-09T00:00:00Z,167.21
2018-03-08T00:00:00Z,165.09
2018-03-07T00:00:00Z,164.6
2018-03-06T00:00:00Z,165.02
2018-03-05T00:00:00Z,163.72
2018-03-02T00:00:00Z,163.05
2018-03-01T00:00:00Z,163.01
2018-02-28T00:00:00Z,165.32
2018-02-27T00:00:00Z,167.29
2018-02-26T00:00:00Z,168.13
2018-02-23T00:00:00Z,166.21
2018-02-22T00:00:00Z,164.48
2018-02-21T00:00:00Z,165.03
2018-02-20T00:00:00Z,165.54
2018-02-16T00:00:00Z,166.57
2018-02-15T00:00:00Z,165.92
2018-02-14T00:00:00Z,163.24
2018-02-13T00:00:00Z,160.96
2018-02-12T00:00:00Z,160.41
2018-02-09T00:00:00Z,158.57
2018-02-08T00:00:00Z,158.07
2018-02-07T00:00:00Z,161.57
2018-02-06T00:00:00Z,160.9
2018-02-05T00:00:00Z,162
2018-02-02T00:00:00Z,166.82
2018-02-01T00:00:00Z,169.59
2018-01-31T00:00:00Z,169.64
2018-01-30T00:00:00Z,170.34
2018-01-29T00:00:00Z,172.2
2018-01-26T00:00:00Z,172.89
2018-01-25T00:00:00Z,172.26
2018-01-24T00:00:00Z,172.07
2018-01-23T00:00:00Z,171.81
2018-01-22T00:00:00Z,170.59
2018-01-19T00:00:00Z,169.85
2018-01-18T00:00:00Z,169.29
2018-01-17T00:00:00Z,169.36
2018-01-16T00:00:00Z,168.74
2018-01-12T00:00:00Z,168.85
2018-01-11T00:00:00Z,167.81
2018-01-10T00:00:00Z,167.41
2018-01-09T00:00:00Z,167.56
2018-01-08T00:00:00Z,167.51
2018-01-05T00:00:00Z,167.79
2018-01-04T00:00:00Z,166.78
2018-01-03T00:00:00Z,165.53
2018-01-02T00:00:00Z,165.14
2017-12-29T00:00:00Z,164.32
2017-12-28T00:00:00Z,164.61
2017-12-27T00:00:00Z,164.19
2017-12-26T00:00:00Z,163.37
2017-12-22T00:00:00Z,163.6
2017-12-21T00:00:00Z,163.83
2017-12-20T00:00:00Z,163.92
2017-12-19T00:00:00Z,163.85
2017-12-18T00:00:00Z,164.25
2017-12-15T00:00:00Z,162.17
2017-12-14T00:00:00Z,161.87
2017-12-13T00:00:00Z,162.49
2017-12-12T00:00:00Z,162.38
2017-12-11T00:00:00Z,162.34
2017-12-08T00:00:00Z,161.7794
2017-12-07T00:00:00Z,161.3749
2017-12-06T00:00:00Z,161.4387
2017-12-05T00:00:00Z,162.2083
2017-12-04T00:00:00Z,162.818
2017-12-01T00:00:00Z,161.7259
2017-11-30T00:00:00Z,162.2502
2017-11-29T00:00:00Z,162.2895
2017-11-28T00:00:00Z,162.0992
2017-11-27T00:00:00Z,160.8633
2017-11-24T00:00:00Z,161.4884
2017-11-22T00:00:00Z,160.848
2017-11-21T00:00:00Z,160.5867
2017-11-20T00:00:00Z,159.6181
2017-11-17T00:00:00Z,159.5719
2017-11-16T00:00:00Z,159.8843
2017-11-15T00:00:00Z,158.3103
2017-11-14T00:00:00Z,158.9299
2017-11-13T00:00:00Z,159.3983
2017-11-10T00:00:00Z,160.4681
2017-11-09T00:00:00Z,160.7722
2017-11-08T00:00:00Z,161.6644
2017-11-07T00:00:00Z,161.1433
2017-11-06T00:00:00Z,161.0958
2017-11-03T00:00:00Z,161.2073
2017-11-02T00:00:00Z,161.4245
2017-11-01T00:00:00Z,161.3198
2017-10-31T00:00:00Z,160.1265
2017-10-30T00:00:00Z,159.7404
2017-10-27T00:00:00Z,159.4031
2017-10-26T00:00:00Z,159.2678
2017-10-25T00:00:00Z,159.3427
2017-10-24T00:00:00Z,159.8393
2017-10-23T00:00:00Z,159.9466
2017-10-20T00:00:00Z,160.6376
2017-10-19T00:00:00Z,160.4959
2017-10-18T00:00:00Z,159.9906
2017-10-17T00:00:00Z,159.4086
2017-10-16T00:00:00Z,159.9644
2017-10-13T00:00:00Z,160.1549
2017-10-12T00:00:00Z,159.738
2017-10-11T00:00:00Z,160.0056
2017-10-10T00:00:00Z,159.7276
2017-10-09T00:00:00Z,158.6959
2017-10-06T00:00:00Z,158.8826
2017-10-05T00:00:00Z,158.8484
2017-10-04T00:00:00Z,158.5014
2017-10-03T00:00:00Z,158.4639
2017-10-02T00:00:00Z,158.0286
2017-09-29T00:00:00Z,157.3319
2017-09-28T00:00:00Z,156.6472
2017-09-27T00:00:00Z,156.3953
2017-09-26T00:00:00Z,156.6454
2017-09-25T00:00:00Z,157.5155
2017-09-22T00:00:00Z,157.7058
2017-09-21T00:00:00Z,157.2317
2017-09-20T00:00:00Z,157.9888
2017-09-19T00:00:00Z,157.6364
2017-09-18T00:00:00Z,157.2079
2017-09-15T00:00:00Z,156.7783
2017-09-14T00:00:00Z,156.1648
2017-09-13T00:00:00Z,156.065
2017-09-12T00:00:00Z,156.3832
2017-09-11T00:00:00Z,155.7511
2017-09-08T00:00:00Z,154.3229
2017-09-07T00:00:00Z,154.6713
2017-09-06T00:00:00Z,153.6849
2017-09-05T00:00:00Z,153.6479
2017-09-01T00:00:00Z,154.322
2017-08-31T00:00:00Z,153.9109
2017-08-30T00:00:00Z,153.0701
2017-08-29T00:00:00Z,152.8884
2017-08-28T00:00:00Z,153.0372
2017-08-25T00:00:00Z,152.9226
2017-08-24T00:00:00Z,152.5305
2017-08-23T00:00:00Z,152.4154
2017-08-22T00:00:00Z,152.6353
2017-08-21T00:00:00Z,151.5606
2017-08-18T00:00:00Z,150.9916
2017-08-17T00:00:00Z,151.8926
2017-08-16T00:00:00Z,152.7889
2017-08-15T00:00:00Z,152.5134
2017-08-14T00:00:00Z,152.676
2017-08-11T00:00:00Z,151.4231
2017-08-10T00:00:00Z,151.7327
2017-08-09T00:00:00Z,152.9499
2017-08-08T00:00:00Z,153.2264
2017-08-07T00:00:00Z,153.5649
2017-08-04T00:00:00Z,153.1941
2017-08-03T00:00:00Z,153.4506
2017-08-02T00:00:00Z,153.5016
2017-08-01T00:00:00Z,153.1933
2017-07-31T00:00:00Z,152.461
2017-07-28T00:00:00Z,151.8661
2017-07-27T00:00:00Z,153.0078
2017-07-26T00:00:00Z,152.369
2017-07-25T00:00:00Z,152.7538
2017-07-24T00:00:00Z,152.6439
2017-07-21T00:00:00Z,153.0517
2017-07-20T00:00:00Z,153.4653
2017-07-19T00:00:00Z,152.8801
2017-07-18T00:00:00Z,152.0744
2017-07-17T00:00:00Z,152.2036
2017-07-14T00:00:00Z,152.1317
2017-07-13T00:00:00Z,151.0315
2017-07-12T00:00:00Z,150.6026
2017-07-11T00:00:00Z,149.4283
2017-07-10T00:00:00Z,149.5056
2017-07-07T00:00:00Z,149.1163
2017-07-06T00:00:00Z,148.9608
2017-07-05T00:00:00Z,150.0323
2017-07-03T00:00:00Z,150.0777
2017-06-30T00:00:00Z,149.8032
2017-06-29T00:00:00Z,150.3895
2017-06-28T00:00:00Z,151.3577
2017-06-27T00:00:00Z,150.8507
2017-06-26T00:00:00Z,151.7625
2017-06-23T00:00:00Z,151.2403
2017-06-22T00:00:00Z,151.0246
2017-06-21T00:00:00Z,150.7127
2017-06-20T00:00:00Z,151.1936
2017-06-19T00:00:00Z,152.266
2017-06-16T00:00:00Z,150.994
2017-06-15T00:00:00Z,150.6406
2017-06-14T00:00:00Z,152.0577
2017-06-13T00:00:00Z,151.6543
2017-06-12T00:00:00Z,150.7057
2017-06-09T00:00:00Z,151.0332
2017-06-08T00:00:00Z,150.7669
2017-06-07T00:00:00Z,151.14940000000001
2017-06-06T00:00:00Z,151.1198
2017-06-05T00:00:00Z,151.7895
2017-06-02T00:00:00Z,152.5275
2017-06-01T00:00:00Z,151.0815
2017-05-31T00:00:00Z,150.5625
2017-05-30T00:00:00Z,150.1862
2017-05-26T00:00:00Z,150.1426
2017-05-25T00:00:00Z,150.2616
2017-05-24T00:00:00Z,149.5483
2017-05-23T00:00:00Z,149.6842
2017-05-22T00:00:00Z,149.4256
2017-05-19T00:00:00Z,148.3045
2017-05-18T00:00:00Z,147.1865
2017-05-17T00:00:00Z,148.7702
2017-05-16T00:00:00Z,150.2143
2017-05-15T00:00:00Z,149.7952
2017-05-12T00:00:00Z,148.8609
2017-05-11T00:00:00Z,148.8858
2017-05-10T00:00:00Z,149.1789
2017-05-09T00:00:00Z,149.3297
2017-05-08T00:00:00Z,149.8692
2017-05-05T00:00:00Z,149.6291
2017-05-04T00:00:00Z,149.1897
2017-05-03T00:00:00Z,149.0088
2017-05-02T00:00:00Z,149.23
2017-05-01T00:00:00Z,148.6009
2017-04-28T00:00:00Z,148.1175
2017-04-27T00:00:00Z,148.8292
2017-04-26T00:00:00Z,148.1314
2017-04-25T00:00:00Z,147.8229
2017-04-24T00:00:00Z,147.1284
2017-04-21T00:00:00Z,144.5258
2017-04-20T00:00:00Z,144.4875
2017-04-19T00:00:00Z,143.6037
2017-04-18T00:00:00Z,143.5758
2017-04-17T00:00:00Z,144.0535
2017-04-13T00:00:00Z,143.3046
2017-04-12T00:00:00Z,143.6575
2017-04-11T00:00:00Z,143.7593
2017-04-10T00:00:00Z,143.605
2017-04-07T00:00:00Z,143.6788
2017-04-06T00:00:00Z,143.643
2017-04-05T00:00:00Z,143.893
2017-04-04T00:00:00Z,144.5363
2017-04-03T00:00:00Z,144.7008
2017-03-31T00:00:00Z,144.9891
2017-03-30T00:00:00Z,145.4757
2017-03-29T00:00:00Z,145.3445
2017-03-28T00:00:00Z,145.5171
2017-03-27T00:00:00Z,144.6272
2017-03-24T00:00:00Z,144.3701
2017-03-23T00:00:00Z,144.0053
2017-03-22T00:00:00Z,143.9052
2017-03-21T00:00:00Z,144.0695
2017-03-20T00:00:00Z,144.7659
2017-03-17T00:00:00Z,144.5001
2017-03-16T00:00:00Z,144.6825
2017-03-15T00:00:00Z,143.2716
2017-03-14T00:00:00Z,142.7287
2017-03-13T00:00:00Z,143.2868
2017-03-10T00:00:00Z,143.1754
2017-03-09T00:00:00Z,142.3471
2017-03-08T00:00:00Z,142.2079
2017-03-07T00:00:00Z,142.7956
2017-03-06T00:00:00Z,142.952
2017-03-03T00:00:00Z,143.0389
2017-03-02T00:00:00Z,143.2438
2017-03-01T00:00:00Z,143.4217
2017-02-28T00:00:00Z,142.5852
2017-02-27T00:00:00Z,142.5268
2017-02-24T00:00:00Z,142.8662
2017-02-23T00:00:00Z,143.556
2017-02-22T00:00:00Z,143.0906
2017-02-21T00:00:00Z,143.0142
2017-02-17T00:00:00Z,142.7704
2017-02-16T00:00:00Z,142.6856
2017-02-15T00:00:00Z,141.8593
2017-02-14T00:00:00Z,140.7454
2017-02-13T00:00:00Z,140.4838
2017-02-10T00:00:00Z,139.5675
2017-02-09T00:00:00Z,138.9714
2017-02-08T00:00:00Z,138.9295
2017-02-07T00:00:00Z,138.6665
2017-02-06T00:00:00Z,138.6212
2017-02-03T00:00:00Z,139.2233
2017-02-02T00:00:00Z,138.4561
2017-02-01T00:00:00Z,137.8552
2017-01-31T00:00:00Z,138.0025
2017-01-30T00:00:00Z,138.3982
2017-01-27T00:00:00Z,139.1928
2017-01-26T00:00:00Z,139.3006
2017-01-25T00:00:00Z,139.8535
2017-01-24T00:00:00Z,139.2859
2017-01-23T00:00:00Z,138.3352
2017-01-20T00:00:00Z,138.1188
2017-01-19T00:00:00Z,138.7096
2017-01-18T00:00:00Z,139.6338
2017-01-17T00:00:00Z,139.5295
2017-01-13T00:00:00Z,139.9695
2017-01-12T00:00:00Z,139.709
2017-01-11T00:00:00Z,139.0931
2017-01-10T00:00:00Z,139.4869
2017-01-09T00:00:00Z,139.3522
2017-01-06T00:00:00Z,139.5449
2017-01-05T00:00:00Z,139.559
2017-01-04T00:00:00Z,138.3363
2017-01-03T00:00:00Z,137.2395
2016-12-30T00:00:00Z,136.786
2016-12-29T00:00:00Z,137.0388
2016-12-28T00:00:00Z,136.5407
2016-12-27T00:00:00Z,137.2745
2016-12-23T00:00:00Z,137.0754
2016-12-22T00:00:00Z,136.8507
2016-12-21T00:00:00Z,136.9356
2016-12-20T00:00:00Z,137.0509
2016-12-19T00:00:00Z,136.964
2016-12-16T00:00:00Z,136.4204
2016-12-15T00:00:00Z,136.5189
2016-12-14T00:00:00Z,137.947
2016-12-13T00:00:00Z,138.1533
2016-12-12T00:00:00Z,137.0959
2016-12-09T00:00:00Z,136.926
2016-12-08T00:00:00Z,136.4261
2016-12-07T00:00:00Z,136.3236
2016-12-06T00:00:00Z,134.5384
2016-12-05T00:00:00Z,133.6241
2016-12-02T00:00:00Z,133.0267
2016-12-01T00:00:00Z,133.3191
2016-11-30T00:00:00Z,133.3901
2016-11-29T00:00:00Z,133.2643
2016-11-28T00:00:00Z,133.3213
2016-11-25T00:00:00Z,133.686
2016-11-23T00:00:00Z,132.9031
2016-11-22T00:00:00Z,133.2303
2016-11-21T00:00:00Z,132.2865
2016-11-18T00:00:00Z,131.8366
2016-11-17T00:00:00Z,132.5458
2016-11-16T00:00:00Z,132.3668
2016-11-15T00:00:00Z,132.8224
2016-11-14T00:00:00Z,132.0527
2016-11-11T00:00:00Z,132.3703
2016-11-10T00:00:00Z,132.7834
2016-11-09T00:00:00Z,132.601
2016-11-08T00:00:00Z,132.8996
2016-11-07T00:00:00Z,132.2976
2016-11-04T00:00:00Z,129.9472
2016-11-03T00:00:00Z,130.6053
2016-11-02T00:00:00Z,130.9234
2016-11-01T00:00:00Z,131.5342
2016-10-31T00:00:00Z,131.7366
2016-10-28T00:00:00Z,131.6817
2016-10-27T00:00:00Z,132.6084
2016-10-26T00:00:00Z,132.8898
2016-10-25T00:00:00Z,132.8038
2016-10-24T00:00:00Z,133.1927
2016-10-21T00:00:00Z,132.9949
2016-10-20T00:00:00Z,133.2366
2016-10-19T00:00:00Z,133.4528
2016-10-18T00:00:00Z,133.6179
2016-10-17T00:00:00Z,132.474
2016-10-14T00:00:00Z,132.7259
2016-10-13T00:00:00Z,132.0291
2016-10-12T00:00:00Z,132.9638
2016-10-11T00:00:00Z,133.7763
2016-10-10T00:00:00Z,135.2063
2016-10-07T00:00:00Z,135.7031
2016-10-06T00:00:00Z,135.851
2016-10-05T00:00:00Z,135.9647
2016-10-04T00:00:00Z,135.5421
2016-10-03T00:00:00Z,135.5564
2016-09-30T00:00:00Z,135.5324
2016-09-29T00:00:00Z,135.3964
2016-09-28T00:00:00Z,135.7751
2016-09-27T00:00:00Z,135.4232
2016-09-26T00:00:00Z,135.0035
2016-09-23T00:00:00Z,136.4748
2016-09-22T00:00:00Z,137.1658
2016-09-21T00:00:00Z,135.3524
2016-09-20T00:00:00Z,134.0774
2016-09-19T00:00:00Z,133.8594
2016-09-16T00:00:00Z,133.0635
2016-09-15T00:00:00Z,133.6205
2016-09-14T00:00:00Z,132.6709
2016-09-13T00:00:00Z,132.8535
2016-09-12T00:00:00Z,134.2462
2016-09-09T00:00:00Z,134.4928
2016-09-08T00:00:00Z,137.2653
2016-09-07T00:00:00Z,137.4685
2016-09-06T00:00:00Z,137.2689
2016-09-02T00:00:00Z,135.7667
2016-09-01T00:00:00Z,134.7658
2016-08-31T00:00:00Z,134.5871
2016-08-30T00:00:00Z,134.9831
2016-08-29T00:00:00Z,134.8183
2016-08-26T00:00:00Z,135.235
2016-08-25T00:00:00Z,135.0337
2016-08-24T00:00:00Z,135.216
2016-08-23T00:00:00Z,135.7
2016-08-22T00:00:00Z,135.0654
2016-08-19T00:00:00Z,135.0583
2016-08-18T00:00:00Z,135.6067
2016-08-17T00:00:00Z,135.4318
2016-08-16T00:00:00Z,135.737
2016-08-15T00:00:00Z,136.4333
2016-08-12T00:00:00Z,135.9755
2016-08-11T00:00:00Z,136.1481
2016-08-10T00:00:00Z,135.4556
2016-08-09T00:00:00Z,135.3368
2016-08-08T00:00:00Z,134.3012
2016-08-05T00:00:00Z,133.5626
2016-08-04T00:00:00Z,132.8606
2016-08-03T00:00:00Z,132.1403
2016-08-02T00:00:00Z,133.0268
2016-08-01T00:00:00Z,133.9367
2016-07-29T00:00:00Z,134.0603
2016-07-28T00:00:00Z,132.855
2016-07-27T00:00:00Z,132.5224
2016-07-26T00:00:00Z,131.745
2016-07-25T00:00:00Z,131.5613
2016-07-22T00:00:00Z,131.5049
2016-07-21T00:00:00Z,131.3967
2016-07-20T00:00:00Z,131.8021
2016-07-19T00:00:00Z,131.139
2016-07-18T00:00:00Z,131.5494
2016-07-15T00:00:00Z,131.315
2016-07-14T00:00:00Z,131.4705
2016-07-13T00:00:00Z,130.4452
2016-07-12T00:00:00Z,129.9849
2016-07-11T00:00:00Z,128.6062
2016-07-08T00:00:00Z,127.0597
2016-07-07T00:00:00Z,125.8012
2016-07-06T00:00:00Z,125.3547
2016-07-05T00:00:00Z,126.4762
2016-07-01T00:00:00Z,127.7276
2016-06-30T00:00:00Z,127.1114
2016-06-29T00:00:00Z,125.2015
2016-06-28T00:00:00Z,122.4957
2016-06-27T00:00:00Z,120.7372
2016-06-24T00:00:00Z,123.6815
2016-06-23T00:00:00Z,130.3888
2016-06-22T00:00:00Z,128.2058
2016-06-21T00:00:00Z,127.9956
2016-06-20T00:00:00Z,127.7629
2016-06-17T00:00:00Z,124.9502
2016-06-16T00:00:00Z,124.0713
2016-06-15T00:00:00Z,124.8766
2016-06-14T00:00:00Z,124.8083
2016-06-13T00:00:00Z,126.2786
2016-06-10T00:00:00Z,127.6028
2016-06-09T00:00:00Z,129.4953
2016-06-08T00:00:00Z,130.5068
2016-06-07T00:00:00Z,130.1989
2016-06-06T00:00:00Z,129.1952
2016-06-03T00:00:00Z,128.2564
2016-06-02T00:00:00Z,127.5875
2016-06-01T00:00:00Z,127.5547
2016-05-31T00:00:00Z,127.7957
2016-05-27T00:00:00Z,127.8945
2016-05-26T00:00:00Z,127.7123
2016-05-25T00:00:00Z,127.4805
2016-05-24T00:00:00Z,126.0282
2016-05-23T00:00:00Z,124.8667
2016-05-20T00:00:00Z,125.1143
2016-05-19T00:00:00Z,124.2122
2016-05-18T00:00:00Z,125.4101
2016-05-17T00:00:00Z,125.9654
2016-05-16T00:00:00Z,126.3565
2016-05-13T00:00:00Z,125.4406
2016-05-12T00:00:00Z,126.7581
2016-05-11T00:00:00Z,127.2979
2016-05-10T00:00:00Z,127.5368
2016-05-09T00:00:00Z,126.1049
2016-05-06T00:00:00Z,126.305
2016-05-05T00:00:00Z,126.2692
2016-05-04T00:00:00Z,126.742
2016-05-03T00:00:00Z,128.4143
2016-05-02T00:00:00Z,129.8373
2016-04-29T00:00:00Z,130.139
2016-04-28T00:00:00Z,130.7065
2016-04-27T00:00:00Z,130.5958
2016-04-26T00:00:00Z,130.6991
2016-04-25T00:00:00Z,130.4761
2016-04-22T00:00:00Z,130.7683
2016-04-21T00:00:00Z,131.4971
2016-04-20T00:00:00Z,131.7492
2016-04-19T00:00:00Z,131.3033
2016-04-18T00:00:00Z,129.1884
2016-04-15T00:00:00Z,128.977
2016-04-14T00:00:00Z,129.0651
2016-04-13T00:00:00Z,128.364
2016-04-12T00:00:00Z,126.5599
2016-04-11T00:00:00Z,125.541
2016-04-08T00:00:00Z,125.2952
2016-04-07T00:00:00Z,124.206
2016-04-06T00:00:00Z,124.9037
2016-04-05T00:00:00Z,124.1454
2016-04-04T00:00:00Z,125.9791
2016-04-01T00:00:00Z,126.3421
2016-03-31T00:00:00Z,127.471
2016-03-30T00:00:00Z,127.8498
2016-03-29T00:00:00Z,125.9252
2016-03-28T00:00:00Z,126.0084
2016-03-24T00:00:00Z,125.465
2016-03-23T00:00:00Z,126.6989
2016-03-22T00:00:00Z,127.9147
2016-03-21T00:00:00Z,127.7572
2016-03-18T00:00:00Z,128.0775
2016-03-17T00:00:00Z,127.5379
2016-03-16T00:00:00Z,125.1543
2016-03-15T00:00:00Z,125.2163
2016-03-14T00:00:00Z,126.0599
2016-03-11T00:00:00Z,125.9411
2016-03-10T00:00:00Z,123.9281
2016-03-09T00:00:00Z,124.1769
2016-03-08T00:00:00Z,123.5075
2016-03-07T00:00:00Z,124.4415
2016-03-04T00:00:00Z,123.9204
2016-03-03T00:00:00Z,122.6953
2016-03-02T00:00:00Z,121.6422
2016-03-01T00:00:00Z,120.5605
2016-02-29T00:00:00Z,118.6161
2016-02-26T00:00:00Z,119.0946
2016-02-25T00:00:00Z,119.346
2016-02-24T00:00:00Z,117.958
2016-02-23T00:00:00Z,119.0177
2016-02-22T00:00:00Z,120.2657
2016-02-19T00:00:00Z,118.5681
2016-02-18T00:00:00Z,119.3663
2016-02-17T00:00:00Z,118.5899
2016-02-16T00:00:00Z,116.6065
2016-02-12T00:00:00Z,114.1366
2016-02-11T00:00:00Z,113.382
2016-02-10T00:00:00Z,113.9756
2016-02-09T00:00:00Z,114.4124
2016-02-08T00:00:00Z,115.2704
2016-02-05T00:00:00Z,116.4839
2016-02-04T00:00:00Z,118.033
2016-02-03T00:00:00Z,116.3968
2016-02-02T00:00:00Z,116.3044
2016-02-01T00:00:00Z,118.4976
2016-01-29T00:00:00Z,118.6219
2016-01-28T00:00:00Z,116.242
2016-01-27T00:00:00Z,116.0803
2016-01-26T00:00:00Z,115.9617
2016-01-25T00:00:00Z,114.2823
2016-01-22T00:00:00Z,114.8311
2016-01-21T00:00:00Z,112.013
2016-01-20T00:00:00Z,111.4445
2016-01-19T00:00:00Z,114.3323
2016-01-15T00:00:00Z,113.8526
2016-01-14T00:00:00Z,116.6972
2016-01-13T00:00:00Z,116.9441
2016-01-12T00:00:00Z,117.5035
2016-01-11T00:00:00Z,117.1007
2016-01-08T00:00:00Z,117.8174
2016-01-07T00:00:00Z,118.8584
2016-01-06T00:00:00Z,121.5667
2016-01-05T00:00:00Z,123.2656
2016-01-04T00:00:00Z,123.4179
2015-12-31T00:00:00Z,126.6534
2015-12-30T00:00:00Z,127.5465
2015-12-29T00:00:00Z,128.2918
2015-12-28T00:00:00Z,127.1373
2015-12-24T00:00:00Z,127.4716
2015-12-23T00:00:00Z,126.9527
2015-12-22T00:00:00Z,125.4056
2015-12-21T00:00:00Z,124.4131
2015-12-18T00:00:00Z,124.1772
2015-12-17T00:00:00Z,125.7285
2015-12-16T00:00:00Z,126.4573
2015-12-15T00:00:00Z,124.8533
2015-12-14T00:00:00Z,124.0862
2015-12-11T00:00:00Z,124.6058
2015-12-10T00:00:00Z,126.5571
2015-12-09T00:00:00Z,127.0235
2015-12-08T00:00:00Z,127.5564
2015-12-07T00:00:00Z,129.2863
2015-12-04T00:00:00Z,129.5691
2015-12-03T00:00:00Z,128.5253
2015-12-02T00:00:00Z,129.5855
2015-12-01T00:00:00Z,130.3731
2015-11-30T00:00:00Z,129.2909
2015-11-27T00:00:00Z,129.6517
2015-11-25T00:00:00Z,129.6076
2015-11-24T00:00:00Z,129.0254
2015-11-23T00:00:00Z,129.5721
2015-11-20T00:00:00Z,129.9903
2015-11-19T00:00:00Z,129.6992
2015-11-18T00:00:00Z,127.9979
2015-11-17T00:00:00Z,127.4163
2015-11-16T00:00:00Z,126.1749
2015-11-13T00:00:00Z,125.6059
2015-11-12T00:00:00Z,126.9141
2015-11-11T00:00:00Z,128.0143
2015-11-10T00:00:00Z,127.5565
2015-11-09T00:00:00Z,127.9032
2015-11-06T00:00:00Z,129.0439
2015-11-05T00:00:00Z,129.8498
2015-11-04T00:00:00Z,129.8752
2015-11-03T00:00:00Z,130.1632
2015-11-02T00:00:00Z,130.0429
2015-10-30T00:00:00Z,129.5623
2015-10-29T00:00:00Z,129.9941
2015-10-28T00:00:00Z,131.0263
2015-10-27T00:00:00Z,129.837
2015-10-26T00:00:00Z,130.3245
2015-10-23T00:00:00Z,130.3024
2015-10-22T00:00:00Z,129.4359
2015-10-21T00:00:00Z,127.7131
2015-10-20T00:00:00Z,127.933
2015-10-19T00:00:00Z,127.8614
2015-10-16T00:00:00Z,127.9235
2015-10-15T00:00:00Z,127.4514
2015-10-14T00:00:00Z,125.8577
2015-10-13T00:00:00Z,126.2291
2015-10-12T00:00:00Z,127.3134
2015-10-09T00:00:00Z,127.0859
2015-10-08T00:00:00Z,126.0192
2015-10-07T00:00:00Z,125.1783
2015-10-06T00:00:00Z,123.657
2015-10-05T00:00:00Z,122.6731
2015-10-02T00:00:00Z,120.0099
2015-10-01T00:00:00Z,119.2054
2015-09-30T00:00:00Z,118.7977
2015-09-29T00:00:00Z,116.3919
2015-09-28T00:00:00Z,116.907
2015-09-25T00:00:00Z,118.4678
2015-09-24T00:00:00Z,117.6696
2015-09-23T00:00:00Z,118.183
2015-09-22T00:00:00Z,118.6966
2015-09-21T00:00:00Z,120.3533
2015-09-18T00:00:00Z,120.8504
2015-09-17T00:00:00Z,122.2182
2015-09-16T00:00:00Z,122.2772
2015-09-15T00:00:00Z,120.2553
2015-09-14T00:00:00Z,119.6296
2015-09-11T00:00:00Z,119.7696
2015-09-10T00:00:00Z,119.6927
2015-09-09T00:00:00Z,120.1935
2015-09-08T00:00:00Z,119.5881
2015-09-04T00:00:00Z,117.257
2015-09-03T00:00:00Z,119.3927
2015-09-02T00:00:00Z,118.852
2015-09-01T00:00:00Z,117.9354
2015-08-31T00:00:00Z,120.9126
2015-08-28T00:00:00Z,122.1202
2015-08-27T00:00:00Z,121.3501
2015-08-26T00:00:00Z,118.7519
2015-08-25T00:00:00Z,116.683
2015-08-24T00:00:00Z,116.4444
2015-08-21T00:00:00Z,120.886
2015-08-20T00:00:00Z,123.9678
2015-08-19T00:00:00Z,125.8965
2015-08-18T00:00:00Z,127.0871
2015-08-17T00:00:00Z,127.6816
2015-08-14T00:00:00Z,127.5407
2015-08-13T00:00:00Z,127.32470000000001
2015-08-12T00:00:00Z,127.3211
2015-08-11T00:00:00Z,127.9054
2015-08-10T00:00:00Z,129.5933
2015-08-07T00:00:00Z,128.3642
2015-08-06T00:00:00Z,129.0302
2015-08-05T00:00:00Z,129.9578
2015-08-04T00:00:00Z,129.8346
2015-08-03T00:00:00Z,129.3321
2015-07-31T00:00:00Z,129.6171
2015-07-30T00:00:00Z,128.7177
2015-07-29T00:00:00Z,129.0202
2015-07-28T00:00:00Z,127.8443
2015-07-27T00:00:00Z,127.4423
2015-07-24T00:00:00Z,127.8455
2015-07-23T00:00:00Z,129.0543
2015-07-22T00:00:00Z,129.213
2015-07-21T00:00:00Z,130.2612
2015-07-20T00:00:00Z,130.3983
2015-07-17T00:00:00Z,130.5981
2015-07-16T00:00:00Z,131.4564
2015-07-15T00:00:00Z,130.4456
2015-07-14T00:00:00Z,130.4617
2015-07-13T00:00:00Z,129.7422
2015-07-10T00:00:00Z,128.7345
2015-07-09T00:00:00Z,126.9014
2015-07-08T00:00:00Z,126.2752
2015-07-07T00:00:00Z,127.3158
2015-07-06T00:00:00Z,127.8098
2015-07-02T00:00:00Z,129.9606
2015-07-01T00:00:00Z,129.744
2015-06-30T00:00:00Z,129.289
2015-06-29T00:00:00Z,129.4262
2015-06-26T00:00:00Z,132.2367
2015-06-25T00:00:00Z,132.9594
2015-06-24T00:00:00Z,133.4494
2015-06-23T00:00:00Z,133.8315
2015-06-22T00:00:00Z,133.9555
2015-06-19T00:00:00Z,132.4196
2015-06-18T00:00:00Z,132.9221
2015-06-17T00:00:00Z,131.3304
2015-06-16T00:00:00Z,131.1335
2015-06-15T00:00:00Z,130.7735
2015-06-12T00:00:00Z,131.7945
2015-06-11T00:00:00Z,132.5694
2015-06-10T00:00:00Z,132.469
2015-06-09T00:00:00Z,130.4792
2015-06-08T00:00:00Z,130.266
2015-06-05T00:00:00Z,131.0118
2015-06-04T00:00:00Z,132.2055
2015-06-03T00:00:00Z,133.5539
2015-06-02T00:00:00Z,133.1868
2015-06-01T00:00:00Z,132.8934
2015-05-29T00:00:00Z,133.4459
2015-05-28T00:00:00Z,133.9939
2015-05-27T00:00:00Z,134.0981
2015-05-26T00:00:00Z,133.5781
2015-05-22T00:00:00Z,135.3257
2015-05-21T00:00:00Z,136.0423
2015-05-20T00:00:00Z,135.7705
2015-05-19T00:00:00Z,135.725
2015-05-18T00:00:00Z,136.3591
2015-05-15T00:00:00Z,136.4722
2015-05-14T00:00:00Z,136.2446
2015-05-13T00:00:00Z,135.369
2015-05-12T00:00:00Z,134.4297
2015-05-11T00:00:00Z,134.5032
2015-05-08T00:00:00Z,135.1765
2015-05-07T00:00:00Z,133.4081
2015-05-06T00:00:00Z,134.4397
2015-05-05T00:00:00Z,134.8435
2015-05-04T00:00:00Z,136.0449
2015-05-01T00:00:00Z,136.0077
2015-04-30T00:00:00Z,135.4646
2015-04-29T00:00:00Z,137.207
2015-04-28T00:00:00Z,137.6991
2015-04-27T00:00:00Z,137.1916
2015-04-24T00:00:00Z,136.6297
2015-04-23T00:00:00Z,135.3083
2015-04-22T00:00:00Z,134.871
2015-04-21T00:00:00Z,134.7342
2015-04-20T00:00:00Z,134.4036
2015-04-17T00:00:00Z,134.0505
2015-04-16T00:00:00Z,135.2947
2015-04-15T00:00:00Z,134.7448
2015-04-14T00:00:00Z,134.5854
2015-04-13T00:00:00Z,133.9671
2015-04-10T00:00:00Z,135.1025
2015-04-09T00:00:00Z,132.9438
2015-04-08T00:00:00Z,132.4868
2015-04-07T00:00:00Z,132.3386
2015-04-06T00:00:00Z,132.2017
2015-04-02T00:00:00Z,130.9265
2015-04-01T00:00:00Z,130.0099
2015-03-31T00:00:00Z,130.3663
2015-03-30T00:00:00Z,131.4183
2015-03-27T00:00:00Z,131.1551
2015-03-26T00:00:00Z,130.693
2015-03-25T00:00:00Z,131.9887
2015-03-24T00:00:00Z,132.9793
2015-03-23T00:00:00Z,133.134
2015-03-20T00:00:00Z,132.3318
2015-03-19T00:00:00Z,130.5185
2015-03-18T00:00:00Z,130.0684
2015-03-17T00:00:00Z,128.9469
2015-03-16T00:00:00Z,129.0029
2015-03-13T00:00:00Z,127.7209
2015-03-12T00:00:00Z,128.6388
2015-03-11T00:00:00Z,127.7289
2015-03-10T00:00:00Z,127.9566
2015-03-09T00:00:00Z,130.2113
2015-03-06T00:00:00Z,130.7725
2015-03-05T00:00:00Z,132.5014
2015-03-04T00:00:00Z,132.3599
2015-03-03T00:00:00Z,133.4618
2015-03-02T00:00:00Z,133.9753
2015-02-27T00:00:00Z,133.7876
2015-02-26T00:00:00Z,134.1131
2015-02-25T00:00:00Z,134.4179
2015-02-24T00:00:00Z,133.86
2015-02-23T00:00:00Z,133.1593
2015-02-20T00:00:00Z,133.0288
2015-02-19T00:00:00Z,132.5092
2015-02-18T00:00:00Z,132.5501
2015-02-17T00:00:00Z,132.1318
2015-02-13T00:00:00Z,132.2316
2015-02-12T00:00:00Z,130.9451
2015-02-11T00:00:00Z,129.2612
2015-02-10T00:00:00Z,129.8866
2015-02-09T00:00:00Z,129.5132
2015-02-06T00:00:00Z,129.8684
2015-02-05T00:00:00Z,130.7574
2015-02-04T00:00:00Z,129.9079
2015-02-03T00:00:00Z,130.0763
2015-02-02T00:00:00Z,128.8418
2015-01-30T00:00:00Z,127.6156
2015-01-29T00:00:00Z,128.9071
2015-01-28T00:00:00Z,128.8558
2015-01-27T00:00:00Z,129.7381
2015-01-26T00:00:00Z,129.9175
2015-01-23T00:00:00Z,129.7187
2015-01-22T00:00:00Z,129.2841
2015-01-21T00:00:00Z,128.1588
2015-01-20T00:00:00Z,127.1652
2015-01-16T00:00:00Z,126.9492
2015-01-15T00:00:00Z,126.3332
2015-01-14T00:00:00Z,126.309
2015-01-13T00:00:00Z,127.1457
2015-01-12T00:00:00Z,126.7139
2015-01-09T00:00:00Z,126.862
2015-01-08T00:00:00Z,127.3228
2015-01-07T00:00:00Z,125.156
2015-01-06T00:00:00Z,124.5676
2015-01-05T00:00:00Z,125.5684
2015-01-02T00:00:00Z,127.7308
2014-12-31T00:00:00Z,128.5537
2014-12-30T00:00:00Z,129.2502
2014-12-29T00:00:00Z,130.0581
2014-12-26T00:00:00Z,129.5927
2014-12-24T00:00:00Z,129.5393
2014-12-23T00:00:00Z,129.4416
2014-12-22T00:00:00Z,129.6136
2014-12-19T00:00:00Z,128.4597
2014-12-18T00:00:00Z,127.8471
2014-12-17T00:00:00Z,125.7988
2014-12-16T00:00:00Z,125.0414
2014-12-15T00:00:00Z,125.1581
2014-12-12T00:00:00Z,127.2515
2014-12-11T00:00:00Z,128.7984
2014-12-10T00:00:00Z,128.8347
2014-12-09T00:00:00Z,130.2914
2014-12-08T00:00:00Z,130.9049
2014-12-05T00:00:00Z,131.7301
2014-12-04T00:00:00Z,131.699
2014-12-03T00:00:00Z,131.9817
2014-12-02T00:00:00Z,132.017
2014-12-01T00:00:00Z,132.0304
2014-11-28T00:00:00Z,132.8383
2014-11-26T00:00:00Z,133.2467
2014-11-25T00:00:00Z,132.8196
2014-11-24T00:00:00Z,132.7994
2014-11-21T00:00:00Z,132.5558
2014-11-20T00:00:00Z,131.4203
2014-11-19T00:00:00Z,131.1719
2014-11-18T00:00:00Z,131.6364
2014-11-17T00:00:00Z,130.5576
2014-11-14T00:00:00Z,130.7683
2014-11-13T00:00:00Z,130.5002
2014-11-12T00:00:00Z,130.3266
2014-11-11T00:00:00Z,130.1973
2014-11-10T00:00:00Z,130.0278
2014-11-07T00:00:00Z,129.7927
2014-11-06T00:00:00Z,129.8442
2014-11-05T00:00:00Z,129.6266
2014-11-04T00:00:00Z,129.7514
2014-11-03T00:00:00Z,129.4108
2014-10-31T00:00:00Z,130.4774
2014-10-30T00:00:00Z,129.626
2014-10-29T00:00:00Z,129.9237
2014-10-28T00:00:00Z,129.6671
2014-10-27T00:00:00Z,127.9691
2014-10-24T00:00:00Z,127.8183
2014-10-23T00:00:00Z,127.1167
2014-10-22T00:00:00Z,126.5959
2014-10-21T00:00:00Z,126.4925
2014-10-20T00:00:00Z,125.2759
2014-10-17T00:00:00Z,124.5366
2014-10-16T00:00:00Z,122.7842
2014-10-15T00:00:00Z,123.4301
2014-10-14T00:00:00Z,124.0745
2014-10-13T00:00:00Z,124.0991
2014-10-10T00:00:00Z,124.7933
2014-10-09T00:00:00Z,127.4543
2014-10-08T00:00:00Z,128.1475
2014-10-07T00:00:00Z,127.8584
2014-10-06T00:00:00Z,128.9432
2014-10-03T00:00:00Z,128.5504
2014-10-02T00:00:00Z,128.3147
2014-10-01T00:00:00Z,129.1627
2014-09-30T00:00:00Z,130.5883
2014-09-29T00:00:00Z,130.447
2014-09-26T00:00:00Z,131.1699
2014-09-25T00:00:00Z,131.036
2014-09-24T00:00:00Z,132.388
2014-09-23T00:00:00Z,132.0821
2014-09-22T00:00:00Z,132.6598
2014-09-19T00:00:00Z,134.0054
2014-09-18T00:00:00Z,134.2731
2014-09-17T00:00:00Z,134.3148
2014-09-16T00:00:00Z,134.2495
2014-09-15T00:00:00Z,133.8569
2014-09-12T00:00:00Z,134.038
2014-09-11T00:00:00Z,134.9351
2014-09-10T00:00:00Z,135.3289
2014-09-09T00:00:00Z,135.4867
2014-09-08T00:00:00Z,136.52440000000001
2014-09-05T00:00:00Z,136.8913
2014-09-04T00:00:00Z,136.7911
2014-09-03T00:00:00Z,137.0396
2014-09-02T00:00:00Z,136.4203
2014-08-29T00:00:00Z,136.6502
2014-08-28T00:00:00Z,136.2965
2014-08-27T00:00:00Z,136.7884
2014-08-26T00:00:00Z,136.6289
2014-08-25T00:00:00Z,136.369
2014-08-22T00:00:00Z,135.6177
2014-08-21T00:00:00Z,136.3528
2014-08-20T00:00:00Z,135.8471
2014-08-19T00:00:00Z,135.6695
2014-08-18T00:00:00Z,135.1604
2014-08-15T00:00:00Z,134.2698
2014-08-14T00:00:00Z,134.4213
2014-08-13T00:00:00Z,134.2092
2014-08-12T00:00:00Z,133.6796
2014-08-11T00:00:00Z,133.8562
2014-08-08T00:00:00Z,132.6242
2014-08-07T00:00:00Z,132.6561
2014-08-06T00:00:00Z,133.1981
2014-08-05T00:00:00Z,133.3468
2014-08-04T00:00:00Z,134.4271
2014-08-01T00:00:00Z,134.2798
2014-07-31T00:00:00Z,135.1048
2014-07-30T00:00:00Z,136.886
2014-07-29T00:00:00Z,137.142
2014-07-28T00:00:00Z,137.1713
2014-07-25T00:00:00Z,137.4874
2014-07-24T00:00:00Z,138.1095
2014-07-23T00:00:00Z,137.6443
2014-07-22T00:00:00Z,137.5604
2014-07-21T00:00:00Z,136.4867
2014-07-18T00:00:00Z,136.9418
2014-07-17T00:00:00Z,136.3997
2014-07-16T00:00:00Z,137.5704
2014-07-15T00:00:00Z,136.2323
2014-07-14T00:00:00Z,136.4531
2014-07-11T00:00:00Z,135.5093
2014-07-10T00:00:00Z,135.4136
2014-07-09T00:00:00Z,136.0399
2014-07-08T00:00:00Z,135.7906
2014-07-07T00:00:00Z,136.438
2014-07-03T00:00:00Z,136.849
2014-07-02T00:00:00Z,136.2009
2014-07-01T00:00:00Z,135.8636
2014-06-30T00:00:00Z,135.3376
2014-06-27T00:00:00Z,135.2849
2014-06-26T00:00:00Z,135.0998
2014-06-25T00:00:00Z,135.0321
2014-06-24T00:00:00Z,135.1545
2014-06-23T00:00:00Z,135.4928
2014-06-20T00:00:00Z,135.4203
2014-06-19T00:00:00Z,135.9163
2014-06-18T00:00:00Z,134.4145
2014-06-17T00:00:00Z,134.1948
2014-06-16T00:00:00Z,134.4284
2014-06-13T00:00:00Z,134.4361
2014-06-12T00:00:00Z,133.8486
2014-06-11T00:00:00Z,134.182
2014-06-10T00:00:00Z,134.2202
2014-06-09T00:00:00Z,133.9111
2014-06-06T00:00:00Z,133.6943
2014-06-05T00:00:00Z,132.6323
2014-06-04T00:00:00Z,132.2485
2014-06-03T00:00:00Z,132.4923
2014-06-02T00:00:00Z,132.4098
2014-05-30T00:00:00Z,132.1476
2014-05-29T00:00:00Z,132.2151
2014-05-28T00:00:00Z,131.7808
2014-05-27T00:00:00Z,131.7029
2014-05-23T00:00:00Z,131.2247
2014-05-22T00:00:00Z,130.7028
2014-05-21T00:00:00Z,130.1443
2014-05-20T00:00:00Z,129.6533
2014-05-19T00:00:00Z,130.3627
2014-05-16T00:00:00Z,130.5796
2014-05-15T00:00:00Z,130.6464
2014-05-14T00:00:00Z,131.013
2014-05-13T00:00:00Z,131.0851
2014-05-12T00:00:00Z,130.794
2014-05-09T00:00:00Z,130.0958
2014-05-08T00:00:00Z,130.3443
2014-05-07T00:00:00Z,130.2523
2014-05-06T00:00:00Z,130.354
2014-05-05T00:00:00Z,130.5403
2014-05-02T00:00:00Z,130.7747
2014-05-01T00:00:00Z,130.9915
2014-04-30T00:00:00Z,130.9521
2014-04-29T00:00:00Z,130.7935
2014-04-28T00:00:00Z,130.1312
2014-04-25T00:00:00Z,130.0519
2014-04-24T00:00:00Z,130.5215
2014-04-23T00:00:00Z,130.6039
2014-04-22T00:00:00Z,130.9441
2014-04-21T00:00:00Z,130.4105
2014-04-17T00:00:00Z,130.1669
2014-04-16T00:00:00Z,129.4918
2014-04-15T00:00:00Z,127.9884
2014-04-14T00:00:00Z,128.2637
2014-04-11T00:00:00Z,128.0453
2014-04-10T00:00:00Z,129.1856
2014-04-09T00:00:00Z,130.0276
2014-04-08T00:00:00Z,129.2409
2014-04-07T00:00:00Z,128.6182
2014-04-04T00:00:00Z,129.3905
2014-04-03T00:00:00Z,129.3879
2014-04-02T00:00:00Z,129.6825
2014-04-01T00:00:00Z,129.2803
2014-03-31T00:00:00Z,128.747
2014-03-28T00:00:00Z,127.9078
2014-03-27T00:00:00Z,127.2983
2014-03-26T00:00:00Z,127.1306
2014-03-25T00:00:00Z,126.5222
2014-03-24T00:00:00Z,125.4695
2014-03-21T00:00:00Z,125.8684
2014-03-20T00:00:00Z,125.8103
2014-03-19T00:00:00Z,126.4554
2014-03-18T00:00:00Z,126.6134
2014-03-17T00:00:00Z,125.6996
2014-03-14T00:00:00Z,124.9104
2014-03-13T00:00:00Z,125.9052
2014-03-12T00:00:00Z,126.6115
2014-03-11T00:00:00Z,127.0309
2014-03-10T00:00:00Z,126.9544
2014-03-07T00:00:00Z,127.549
2014-03-06T00:00:00Z,128.0352
2014-03-05T00:00:00Z,126.7834
2014-03-04T00:00:00Z,126.5349
2014-03-03T00:00:00Z,125.1977
2014-02-28T00:00:00Z,126.6482
2014-02-27T00:00:00Z,126.3324
2014-02-26T00:00:00Z,126.2427
2014-02-25T00:00:00Z,126.4027
2014-02-24T00:00:00Z,126.7122
2014-02-21T00:00:00Z,126.1188
2014-02-20T00:00:00Z,126.0493
2014-02-19T00:00:00Z,126.4764
2014-02-18T00:00:00Z,126.49
2014-02-14T00:00:00Z,126.2183
2014-02-13T00:00:00Z,125.2775
2014-02-12T00:00:00Z,125.3032
2014-02-11T00:00:00Z,125.0111
2014-02-10T00:00:00Z,123.8869
2014-02-07T00:00:00Z,123.3151
2014-02-06T00:00:00Z,121.9014
2014-02-05T00:00:00Z,119.9082
2014-02-04T00:00:00Z,119.6965
2014-02-03T00:00:00Z,119.9649
2014-01-31T00:00:00Z,121.696
2014-01-30T00:00:00Z,122.4187
2014-01-29T00:00:00Z,122.4068
2014-01-28T00:00:00Z,122.8252
2014-01-27T00:00:00Z,122.4701
2014-01-24T00:00:00Z,123.134
2014-01-23T00:00:00Z,124.8603
2014-01-22T00:00:00Z,125.8074
2014-01-21T00:00:00Z,125.9338
2014-01-17T00:00:00Z,126.1304
2014-01-16T00:00:00Z,126.6407
2014-01-15T00:00:00Z,126.5681
2014-01-14T00:00:00Z,125.8455
2014-01-13T00:00:00Z,125.7684
2014-01-10T00:00:00Z,125.7445
2014-01-09T00:00:00Z,124.7452
2014-01-08T00:00:00Z,125.3135
2014-01-07T00:00:00Z,125.2631
2014-01-06T00:00:00Z,125.0127
2014-01-03T00:00:00Z,125.3668
2014-01-02T00:00:00Z,125.2663
2013-12-31T00:00:00Z,126.8857
2013-12-30T00:00:00Z,126.6883
2013-12-27T00:00:00Z,126.1964
2013-12-26T00:00:00Z,125.3908
2013-12-24T00:00:00Z,125.0095
2013-12-23T00:00:00Z,124.7231
2013-12-20T00:00:00Z,123.893
2013-12-19T00:00:00Z,123.337
2013-12-18T00:00:00Z,123.1857
2013-12-17T00:00:00Z,121.9825
2013-12-16T00:00:00Z,122.1501
2013-12-13T00:00:00Z,121.4792
2013-12-12T00:00:00Z,121.4449
2013-12-11T00:00:00Z,122.5809
2013-12-10T00:00:00Z,123.9724
2013-12-09T00:00:00Z,124.3335
2013-12-06T00:00:00Z,123.88720000000001
2013-12-05T00:00:00Z,122.7964
2013-12-04T00:00:00Z,123.325
2013-12-03T00:00:00Z,124.0908
2013-12-02T00:00:00Z,124.7492
2013-11-29T00:00:00Z,125.4319
2013-11-27T00:00:00Z,125.001
2013-11-26T00:00:00Z,124.63
2013-11-25T00:00:00Z,124.8172
2013-11-22T00:00:00Z,124.9945
2013-11-21T00:00:00Z,124.8298
2013-11-20T00:00:00Z,124.9895
2013-11-19T00:00:00Z,125.42
2013-11-18T00:00:00Z,126.0178
2013-11-15T00:00:00Z,125.6915
2013-11-14T00:00:00Z,124.8367
2013-11-13T00:00:00Z,124.8517
2013-11-12T00:00:00Z,124.962
2013-11-11T00:00:00Z,125.0492
2013-11-08T00:00:00Z,124.9429
2013-11-07T00:00:00Z,124.6412
2013-11-06T00:00:00Z,126.3386
2013-11-05T00:00:00Z,125.4761
2013-11-04T00:00:00Z,125.5184
2013-11-01T00:00:00Z,125.191
2013-10-31T00:00:00Z,125.839
2013-10-30T00:00:00Z,126.7739
2013-10-29T00:00:00Z,126.6428
2013-10-28T00:00:00Z,126.3544
2013-10-25T00:00:00Z,126.127
2013-10-24T00:00:00Z,126.0007
2013-10-23T00:00:00Z,125.4676
2013-10-22T00:00:00Z,126.592
2013-10-21T00:00:00Z,125.6804
2013-10-18T00:00:00Z,125.151
2013-10-17T00:00:00Z,123.9797
2013-10-16T00:00:00Z,122.6784
2013-10-15T00:00:00Z,122.1118
2013-10-14T00:00:00Z,122.1237
2013-10-11T00:00:00Z,122.0076
2013-10-10T00:00:00Z,121.0494
2013-10-09T00:00:00Z,119.2121
2013-10-08T00:00:00Z,119.4108
2013-10-07T00:00:00Z,120.3124
2013-10-04T00:00:00Z,121.1169
2013-10-03T00:00:00Z,120.9247
2013-10-02T00:00:00Z,121.3159
2013-10-01T00:00:00Z,121.5537
2013-09-30T00:00:00Z,121.0154
2013-09-27T00:00:00Z,122.0402
2013-09-26T00:00:00Z,122.389
2013-09-25T00:00:00Z,122.4903
2013-09-24T00:00:00Z,122.3769
2013-09-23T00:00:00Z,122.4109
2013-09-20T00:00:00Z,122.7281
2013-09-19T00:00:00Z,123.6151
2013-09-18T00:00:00Z,122.4303
2013-09-17T00:00:00Z,121.5215
2013-09-16T00:00:00Z,121.1678
2013-09-13T00:00:00Z,120.2348
2013-09-12T00:00:00Z,120.2247
2013-09-11T00:00:00Z,120.4315
2013-09-10T00:00:00Z,119.7809
2013-09-09T00:00:00Z,118.4014
2013-09-06T00:00:00Z,117.0242
2013-09-05T00:00:00Z,116.2909
2013-09-04T00:00:00Z,116.4231
2013-09-03T00:00:00Z,115.6946
2013-08-30T00:00:00Z,114.2784
2013-08-29T00:00:00Z,114.9236
2013-08-28T00:00:00Z,115.1002
2013-08-27T00:00:00Z,115.3289
2013-08-26T00:00:00Z,116.5796
2013-08-23T00:00:00Z,116.8165
2013-08-22T00:00:00Z,115.873
2013-08-21T00:00:00Z,115.6726
2013-08-20T00:00:00Z,116.7098
2013-08-19T00:00:00Z,117.2288
2013-08-16T00:00:00Z,117.6505
2013-08-15T00:00:00Z,117.5167
2013-08-14T00:00:00Z,119.0766
2013-08-13T00:00:00Z,118.5671
2013-08-12T00:00:00Z,118.7952
2013-08-09T00:00:00Z,118.5479
2013-08-08T00:00:00Z,118.242
2013-08-07T00:00:00Z,117.157
2013-08-06T00:00:00Z,117.9056
2013-08-05T00:00:00Z,118.1451
2013-08-02T00:00:00Z,118.3237
2013-08-01T00:00:00Z,117.6018
2013-07-31T00:00:00Z,116.2001
2013-07-30T00:00:00Z,116.6721
2013-07-29T00:00:00Z,116.8029
2013-07-26T00:00:00Z,117.4021
2013-07-25T00:00:00Z,116.5981
2013-07-24T00:00:00Z,116.4358
2013-07-23T00:00:00Z,116.6057
2013-07-22T00:00:00Z,116.5461
2013-07-19T00:00:00Z,115.9418
2013-07-18T00:00:00Z,115.9642
2013-07-17T00:00:00Z,116.0243
2013-07-16T00:00:00Z,115.9712
2013-07-15T00:00:00Z,115.5948
2013-07-12T00:00:00Z,115.29
2013-07-11T00:00:00Z,115.3913
2013-07-10T00:00:00Z,113.1634
2013-07-09T00:00:00Z,112.6857
2013-07-08T00:00:00Z,111.7812
2013-07-05T00:00:00Z,111.4289
2013-07-03T00:00:00Z,111.0097
2013-07-02T00:00:00Z,111.6986
2013-07-01T00:00:00Z,111.6246
2013-06-28T00:00:00Z,111.1677
2013-06-27T00:00:00Z,111.3752
2013-06-26T00:00:00Z,110.3498
2013-06-25T00:00:00Z,109.1836
2013-06-24T00:00:00Z,108.5425
2013-06-21T00:00:00Z,110.4121
2013-06-20T00:00:00Z,110.7969
2013-06-19T00:00:00Z,115.2564
2013-06-18T00:00:00Z,115.643
2013-06-17T00:00:00Z,115.3692
2013-06-14T00:00:00Z,114.3857
2013-06-13T00:00:00Z,114.1201
2013-06-12T00:00:00Z,113.7144
2013-06-11T00:00:00Z,113.9377
2013-06-10T00:00:00Z,114.9836
2013-06-07T00:00:00Z,114.388
2013-06-06T00:00:00Z,113.6687
2013-06-05T00:00:00Z,113.7591
2013-06-04T00:00:00Z,115.8557
2013-06-03T00:00:00Z,115.423
2013-05-31T00:00:00Z,114.8753
2013-05-30T00:00:00Z,116.034
2013-05-29T00:00:00Z,115.9926
2013-05-28T00:00:00Z,116.5231
2013-05-24T00:00:00Z,116.24
2013-05-23T00:00:00Z,116.4866
2013-05-22T00:00:00Z,118.0835
2013-05-21T00:00:00Z,118.5966
2013-05-20T00:00:00Z,118.1817
2013-05-17T00:00:00Z,117.8151
2013-05-16T00:00:00Z,117.8347
2013-05-15T00:00:00Z,117.175
2013-05-14T00:00:00Z,116.9733
2013-05-13T00:00:00Z,116.4272
2013-05-10T00:00:00Z,116.2857
2013-05-09T00:00:00Z,116.2767
2013-05-08T00:00:00Z,116.7456
2013-05-07T00:00:00Z,115.7159
2013-05-06T00:00:00Z,115.1728
2013-05-03T00:00:00Z,115.5249
2013-05-02T00:00:00Z,114.6199
2013-05-01T00:00:00Z,115.008
2013-04-30T00:00:00Z,116.1188
2013-04-29T00:00:00Z,115.3886
2013-04-26T00:00:00Z,114.3589
2013-04-25T00:00:00Z,114.5064
2013-04-24T00:00:00Z,113.9673
2013-04-23T00:00:00Z,113.2074
2013-04-22T00:00:00Z,111.8096
2013-04-19T00:00:00Z,111.3348
2013-04-18T00:00:00Z,110.7165
2013-04-17T00:00:00Z,111.0022
2013-04-16T00:00:00Z,111.955
2013-04-15T00:00:00Z,111.4995
2013-04-12T00:00:00Z,113.5468
2013-04-11T00:00:00Z,114.0479
2013-04-10T00:00:00Z,113.3139
2013-04-09T00:00:00Z,111.7393
2013-04-08T00:00:00Z,110.4096
2013-04-05T00:00:00Z,109.8573
2013-04-04T00:00:00Z,110.146
2013-04-03T00:00:00Z,110.8694
2013-04-02T00:00:00Z,111.4828
2013-04-01T00:00:00Z,110.9665
2013-03-28T00:00:00Z,111.3717
2013-03-27T00:00:00Z,111.1001
2013-03-26T00:00:00Z,111.6048
2013-03-25T00:00:00Z,111.1193
2013-03-22T00:00:00Z,111.4252
2013-03-21T00:00:00Z,110.6085
2013-03-20T00:00:00Z,111.3471
2013-03-19T00:00:00Z,110.9554
2013-03-18T00:00:00Z,111.2965
2013-03-15T00:00:00Z,112.778
2013-03-14T00:00:00Z,112.0082
2013-03-13T00:00:00Z,111.6465
2013-03-12T00:00:00Z,112.3242
2013-03-11T00:00:00Z,112.1942
2013-03-08T00:00:00Z,111.5958
2013-03-07T00:00:00Z,111.4887
2013-03-06T00:00:00Z,111.2674
2013-03-05T00:00:00Z,110.3492
2013-03-04T00:00:00Z,108.7932
2013-03-01T00:00:00Z,108.8043
2013-02-28T00:00:00Z,109.2367
2013-02-27T00:00:00Z,108.4465
2013-02-26T00:00:00Z,107.609
2013-02-25T00:00:00Z,108.5152
2013-02-22T00:00:00Z,108.6794
2013-02-21T00:00:00Z,107.5674
2013-02-20T00:00:00Z,109.3297
2013-02-19T00:00:00Z,110.0256
2013-02-15T00:00:00Z,108.8376
2013-02-14T00:00:00Z,109.3576
2013-02-13T00:00:00Z,109.4476
2013-02-12T00:00:00Z,109.3588
2013-02-11T00:00:00Z,108.6335
2013-02-08T00:00:00Z,109.1973
2013-02-07T00:00:00Z,108.8671
2013-02-06T00:00:00Z,109.706
2013-02-05T00:00:00Z,109.66
2013-02-04T00:00:00Z,109.6078
2013-02-01T00:00:00Z,110.8069
2013-01-31T00:00:00Z,110.2439
2013-01-30T00:00:00Z,110.6063
2013-01-29T00:00:00Z,110.715
2013-01-28T00:00:00Z,109.9537
2013-01-25T00:00:00Z,110.324
2013-01-24T00:00:00Z,109.306
2013-01-23T00:00:00Z,108.7854
2013-01-22T00:00:00Z,109.2739
2013-01-18T00:00:00Z,108.8008
2013-01-17T00:00:00Z,108.82
2013-01-16T00:00:00Z,108.2578
2013-01-15T00:00:00Z,108.5539
2013-01-14T00:00:00Z,108.6336
2013-01-11T00:00:00Z,108.4176
2013-01-10T00:00:00Z,107.8545
2013-01-09T00:00:00Z,106.9798
2013-01-08T00:00:00Z,106.5185
2013-01-07T00:00:00Z,107.0959
2013-01-04T00:00:00Z,107.2545
2013-01-03T00:00:00Z,107.0084
2013-01-02T00:00:00Z,106.8633
2012-12-31T00:00:00Z,104.5057
2012-12-28T00:00:00Z,103.9986
2012-12-27T00:00:00Z,104.4862
2012-12-26T00:00:00Z,104.4472
2012-12-24T00:00:00Z,104.4425
2012-12-21T00:00:00Z,104.6304
2012-12-20T00:00:00Z,105.4097
2012-12-19T00:00:00Z,105.8261
2012-12-18T00:00:00Z,105.1923
2012-12-17T00:00:00Z,104.074
2012-12-14T00:00:00Z,103.4745
2012-12-13T00:00:00Z,103.3177
2012-12-12T00:00:00Z,103.591
2012-12-11T00:00:00Z,103.1493
2012-12-10T00:00:00Z,102.4486
2012-12-07T00:00:00Z,102.3166
2012-12-06T00:00:00Z,102.2425
2012-12-05T00:00:00Z,101.2093
2012-12-04T00:00:00Z,101.2471
2012-12-03T00:00:00Z,101.2084
2012-11-30T00:00:00Z,100.9408
2012-11-29T00:00:00Z,101.0138
2012-11-28T00:00:00Z,100.0382
2012-11-27T00:00:00Z,99.7689
2012-11-26T00:00:00Z,100.1875
2012-11-23T00:00:00Z,100.1556
2012-11-21T00:00:00Z,98.2491
2012-11-20T00:00:00Z,98.01
2012-11-19T00:00:00Z,98.1847
2012-11-16T00:00:00Z,96.1931
2012-11-15T00:00:00Z,96.2037
2012-11-14T00:00:00Z,96.3049
2012-11-13T00:00:00Z,97.2361
2012-11-12T00:00:00Z,97.7461
2012-11-09T00:00:00Z,97.9541
2012-11-08T00:00:00Z,98.1809
2012-11-07T00:00:00Z,99.2733
2012-11-06T00:00:00Z,100.4325
2012-11-05T00:00:00Z,99.8476
2012-11-02T00:00:00Z,100.1224
2012-11-01T00:00:00Z,99.6549
2012-10-31T00:00:00Z,98.6038
2012-10-26T00:00:00Z,98.3607
2012-10-25T00:00:00Z,98.7569
2012-10-24T00:00:00Z,98.1317
2012-10-23T00:00:00Z,98.1887
2012-10-22T00:00:00Z,99.6115
2012-10-19T00:00:00Z,99.9277
2012-10-18T00:00:00Z,101.1945
2012-10-17T00:00:00Z,101.0095
2012-10-16T00:00:00Z,100.3641
2012-10-15T00:00:00Z,98.6789
2012-10-12T00:00:00Z,98.1019
2012-10-11T00:00:00Z,98.1465
2012-10-10T00:00:00Z,97.8043
2012-10-09T00:00:00Z,98.7615
2012-10-08T00:00:00Z,99.8294
2012-10-05T00:00:00Z,100.4569
2012-10-04T00:00:00Z,99.9608
2012-10-03T00:00:00Z,99.2074
2012-10-02T00:00:00Z,99.8931
2012-10-01T00:00:00Z,100
