Date,S&P500 ESG
08-10-2019,241.828
07-10-2019,245.6655
04-10-2019,246.6728
03-10-2019,243.0864
02-10-2019,241.2138
01-10-2019,245.9102
30-09-2019,248.9843
27-09-2019,247.8182
26-09-2019,249.1352
25-09-2019,249.7399
24-09-2019,248.1898
23-09-2019,250.2709
20-09-2019,250.1294
19-09-2019,251.3806
18-09-2019,251.3187
17-09-2019,251.2061
16-09-2019,250.5671
13-09-2019,251.5104
12-09-2019,251.6883
11-09-2019,250.7597
10-09-2019,249.0202
09-09-2019,248.9621
06-09-2019,248.9569
05-09-2019,248.5946
04-09-2019,245.4133
03-09-2019,242.8436
30-08-2019,244.3809
29-08-2019,244.1768
28-08-2019,241.1751
27-08-2019,239.7536
26-08-2019,240.4621
23-08-2019,237.7381
22-08-2019,244.1458
21-08-2019,244.3876
20-08-2019,242.2502
19-08-2019,244.0924
16-08-2019,241.1361
15-08-2019,237.586
14-08-2019,237.2525
13-08-2019,244.3452
12-08-2019,240.53
09-08-2019,243.5264
08-08-2019,245.1269
07-08-2019,240.6474
06-08-2019,240.4589
05-08-2019,237.3669
02-08-2019,244.5967
01-08-2019,246.4434
31-07-2019,248.5256
30-07-2019,251.2188
29-07-2019,251.9401
26-07-2019,252.082
25-07-2019,250.0266
24-07-2019,251.2062
23-07-2019,250.1362
22-07-2019,248.3946
19-07-2019,247.5539
18-07-2019,249.2711
17-07-2019,248.3992
16-07-2019,249.9066
15-07-2019,250.7386
12-07-2019,250.5049
11-07-2019,249.4836
10-07-2019,248.8199
09-07-2019,247.5668
08-07-2019,247.3588
05-07-2019,248.5402
03-07-2019,249.0222
02-07-2019,247.1192
01-07-2019,246.2952
28-06-2019,244.2799
27-06-2019,243.0095
26-06-2019,242.2186
25-06-2019,242.406
24-06-2019,244.9243
21-06-2019,245.4448
18-06-2019,242.6633
17-06-2019,240.3815
14-06-2019,240.3958
13-06-2019,240.744
12-06-2019,239.7555
11-06-2019,240.0548
10-06-2019,240.1213
07-06-2019,238.9234
06-06-2019,236.3248
05-06-2019,234.826
04-06-2019,232.8494
03-06-2019,228.0226
31-05-2019,228.6257
30-05-2019,231.6711
29-05-2019,231.2228
28-05-2019,232.8325
24-05-2019,234.8784
23-05-2019,234.5567
22-05-2019,237.2124
21-05-2019,237.9279
20-05-2019,236.0456
17-05-2019,237.6518
16-05-2019,238.9772
15-05-2019,236.7405
14-05-2019,235.3501
13-05-2019,233.4413
10-05-2019,239.1827
09-05-2019,238.3037
08-05-2019,239.1446
07-05-2019,239.5518
06-05-2019,243.4712
03-05-2019,244.4363
02-05-2019,242.0032
01-05-2019,242.5489
30-04-2019,244.3448
29-04-2019,243.5876
26-04-2019,243.3768
25-04-2019,242.2477
24-04-2019,242.0878
23-04-2019,242.6168
22-04-2019,240.6282
18-04-2019,240.3868
17-04-2019,239.9577
16-04-2019,240.4088
15-04-2019,240.4811
12-04-2019,240.496
11-04-2019,239.2765
10-04-2019,239.5549
09-04-2019,238.6088
08-04-2019,240.0253
05-04-2019,239.6133
04-04-2019,238.5361
03-04-2019,238.0893
02-04-2019,237.3659
01-04-2019,237.1884
29-03-2019,234.5885
28-03-2019,232.9907
27-03-2019,232.1758
26-03-2019,233.2471
25-03-2019,231.3831
22-03-2019,231.5147
21-03-2019,235.931
20-03-2019,233.3318
19-03-2019,234.2301
18-03-2019,234.3322
15-03-2019,233.4814
14-03-2019,232.2899
13-03-2019,232.3542
12-03-2019,230.6254
11-03-2019,229.8536
08-03-2019,226.3453
07-03-2019,226.7564
06-03-2019,228.59
05-03-2019,230.0279
04-03-2019,230.319
01-03-2019,231.1315
28-02-2019,229.5786
27-02-2019,230.5437
26-02-2019,230.7235
25-02-2019,230.759
22-02-2019,230.4606
21-02-2019,228.9724
20-02-2019,229.5534
19-02-2019,229.2541
15-02-2019,228.8989
14-02-2019,226.3931
13-02-2019,227.0321
12-02-2019,226.2951
11-02-2019,223.5337
08-02-2019,223.4334
07-02-2019,223.4076
06-02-2019,225.5291
05-02-2019,225.881
04-02-2019,224.7272
01-02-2019,223.2613
31-01-2019,223.269
30-01-2019,221.3678
29-01-2019,218.0916
28-01-2019,218.6013
25-01-2019,220.5473
24-01-2019,218.8962
23-01-2019,218.8022
22-01-2019,218.2046
18-01-2019,221.0784
17-01-2019,218.2787
16-01-2019,216.7241
15-01-2019,216.1962
14-01-2019,213.9379
11-01-2019,215.0467
10-01-2019,215.0447
09-01-2019,214.1225
08-01-2019,213.3835
07-01-2019,211.3309
04-01-2019,209.8533
03-01-2019,202.9412
02-01-2019,208.1198
31-12-2018,207.7951
28-12-2018,206.0491
27-12-2018,206.3452
26-12-2018,204.5982
24-12-2018,194.8811
21-12-2018,200.2977
20-12-2018,204.6194
19-12-2018,207.8557
18-12-2018,211.1072
17-12-2018,211.0954
14-12-2018,215.588
13-12-2018,219.5109
12-12-2018,219.3585
11-12-2018,218.3031
10-12-2018,218.4494
07-12-2018,217.9696
06-12-2018,223.4509
04-12-2018,223.7351
03-12-2018,231.0252
30-11-2018,228.4659
29-11-2018,226.4309
28-11-2018,227.1248
27-11-2018,222.0393
26-11-2018,221.26
23-11-2018,217.6534
21-11-2018,219.1179
20-11-2018,218.3331
19-11-2018,222.6234
16-11-2018,226.3822
15-11-2018,225.9333
14-11-2018,223.4612
13-11-2018,225.4084
12-11-2018,225.7309
09-11-2018,230.213
08-11-2018,232.4061
07-11-2018,232.9594
06-11-2018,228.0398
05-11-2018,226.6527
02-11-2018,225.5971
01-11-2018,227.09
31-10-2018,224.809
30-10-2018,222.4795
29-10-2018,219.3446
26-10-2018,220.4882
25-10-2018,224.3583
24-10-2018,219.9993
23-10-2018,227.0935
22-10-2018,228.3211
19-10-2018,229.2192
18-10-2018,229.1549
17-10-2018,232.5488
16-10-2018,232.6004
15-10-2018,227.6606
12-10-2018,229.1976
11-10-2018,225.8237
10-10-2018,230.4964
09-10-2018,238.2925
08-10-2018,238.5872
05-10-2018,238.707
04-10-2018,240.0104
03-10-2018,241.9923
02-10-2018,241.8196
01-10-2018,241.9154
28-09-2018,241.0156
27-09-2018,241.0394
26-09-2018,240.3733
25-09-2018,241.1787
24-09-2018,241.4824
21-09-2018,242.2261
20-09-2018,242.3406
19-09-2018,240.2567
18-09-2018,239.9724
17-09-2018,238.9272
14-09-2018,240.3603
13-09-2018,240.4157
12-09-2018,239.0707
11-09-2018,239.0849
10-09-2018,238.1262
07-09-2018,237.7194
06-09-2018,238.283
05-09-2018,239.3245
04-09-2018,240.1674
31-08-2018,240.5656
30-08-2018,240.3238
29-08-2018,241.3286
28-08-2018,239.839
27-08-2018,239.6475
24-08-2018,237.8951
23-08-2018,236.466
22-08-2018,236.8247
21-08-2018,236.7499
20-08-2018,236.3119
17-08-2018,235.9459
16-08-2018,235.1359
15-08-2018,233.2652
14-08-2018,234.8385
13-08-2018,233.3065
10-08-2018,234.1771
09-08-2018,235.8761
08-08-2018,236.2473
07-08-2018,236.1537
06-08-2018,235.5875
03-08-2018,234.7647
02-08-2018,233.5026
01-08-2018,232.1418
31-07-2018,232.0606
30-07-2018,230.9236
27-07-2018,232.1581
26-07-2018,233.749
25-07-2018,234.9441
24-07-2018,232.6549
23-07-2018,231.6756
20-07-2018,231.3186
19-07-2018,231.5933
18-07-2018,232.4047
17-07-2018,232.0555
16-07-2018,231.2048
13-07-2018,231.3287
12-07-2018,230.963
11-07-2018,228.7821
10-07-2018,230.4554
09-07-2018,229.656
06-07-2018,227.6797
05-07-2018,225.7419
03-07-2018,223.8867
02-07-2018,225.0493
29-06-2018,224.3205
28-06-2018,224.0697
27-06-2018,222.5595
26-06-2018,224.5071
25-06-2018,223.9779
22-06-2018,227.0717
21-06-2018,226.6314
20-06-2018,228.0064
19-06-2018,227.7555
18-06-2018,228.6329
15-06-2018,229.2953
14-06-2018,229.4954
13-06-2018,228.9563
12-06-2018,229.9861
11-06-2018,229.6502
08-06-2018,229.4177
07-06-2018,228.6718
06-06-2018,228.8625
05-06-2018,226.8734
04-06-2018,226.6734
01-06-2018,225.6769
31-05-2018,223.3026
30-05-2018,224.8984
29-05-2018,222.0966
25-05-2018,224.5669
24-05-2018,225.1068
23-05-2018,225.6359
22-05-2018,224.9487
21-05-2018,225.4127
18-05-2018,223.818
17-05-2018,224.5072
16-05-2018,224.7531
15-05-2018,223.8396
14-05-2018,225.3989
11-05-2018,225.0885
10-05-2018,224.5914
09-05-2018,222.4902
08-05-2018,220.5011
07-05-2018,220.6124
04-05-2018,219.8486
03-05-2018,217.064
02-05-2018,217.5422
01-05-2018,219.0807
30-04-2018,218.4976
27-04-2018,220.2505
26-04-2018,219.8001
25-04-2018,217.2988
24-04-2018,216.862
23-04-2018,219.5557
20-04-2018,219.4847
19-04-2018,221.4889
18-04-2018,222.5913
17-04-2018,222.4016
16-04-2018,220.1165
13-04-2018,218.3998
12-04-2018,219.128
11-04-2018,217.3041
10-04-2018,218.5878
09-04-2018,214.7893
06-04-2018,214.1752
05-04-2018,218.9386
04-04-2018,217.4773
03-04-2018,214.8944
02-04-2018,212.2905
29-03-2018,217.0996
28-03-2018,214.1955
27-03-2018,214.7629
26-03-2018,218.5634
23-03-2018,212.6617
22-03-2018,217.4943
21-03-2018,223.101
20-03-2018,223.5851
19-03-2018,223.3218
16-03-2018,226.5735
15-03-2018,226.0326
14-03-2018,226.204
13-03-2018,227.4656
12-03-2018,228.9492
09-03-2018,229.0666
08-03-2018,225.2532
07-03-2018,224.3842
06-03-2018,224.6341
05-03-2018,224.0369
02-03-2018,221.5657
01-03-2018,220.6287
28-02-2018,223.4232
27-02-2018,226.0336
26-02-2018,228.878
23-02-2018,226.0466
22-02-2018,222.4959
21-02-2018,222.1452
20-02-2018,223.5591
16-02-2018,224.954
15-02-2018,224.8786
14-02-2018,222.3556
13-02-2018,219.3634
12-02-2018,218.7263
09-02-2018,215.7392
08-02-2018,212.7203
07-02-2018,221.073
06-02-2018,222.1822
05-02-2018,218.1243
02-02-2018,227.4201
01-02-2018,232.2519
31-01-2018,232.3929
30-01-2018,232.242
29-01-2018,234.978
26-01-2018,236.5815
25-01-2018,233.6542
24-01-2018,233.6851
23-01-2018,233.9649
22-01-2018,233.4285
19-01-2018,231.5285
18-01-2018,230.6546
17-01-2018,230.943
16-01-2018,228.8595
12-01-2018,229.6352
11-01-2018,228.2326
10-01-2018,226.6701
09-01-2018,226.9906
08-01-2018,226.753
05-01-2018,226.5349
04-01-2018,225.0278
03-01-2018,224.0072
02-01-2018,222.7612
29-12-2017,220.8301
28-12-2017,222.0289
27-12-2017,221.6056
26-12-2017,221.3975
22-12-2017,221.6989
21-12-2017,221.8137
20-12-2017,221.3197
19-12-2017,221.4361
18-12-2017,222.1585
15-12-2017,220.9421
14-12-2017,218.9648
13-12-2017,219.8606
12-12-2017,220.0603
11-12-2017,219.7413
08-12-2017,218.8508
07-12-2017,217.609
06-12-2017,217.0457
05-12-2017,217.2591
04-12-2017,218.149
01-12-2017,218.2642
30-11-2017,218.6164
29-11-2017,216.7864
28-11-2017,216.8781
27-11-2017,214.687
24-11-2017,214.8711
22-11-2017,214.4068
21-11-2017,214.5057
20-11-2017,213.0805
17-11-2017,212.8087
16-11-2017,213.4346
15-11-2017,211.6363
14-11-2017,212.8205
13-11-2017,213.3913
10-11-2017,213.3231
09-11-2017,213.4658
08-11-2017,214.2223
07-11-2017,213.939
06-11-2017,213.9906
03-11-2017,213.8135
02-11-2017,213.0294
01-11-2017,213.117
31-10-2017,212.8088
30-10-2017,212.6268
27-10-2017,213.3411
26-10-2017,211.5785
25-10-2017,211.1625
24-10-2017,212.2025
23-10-2017,211.7542
20-10-2017,212.5813
19-10-2017,211.656
18-10-2017,211.4475
17-10-2017,211.1997
16-10-2017,211.0567
13-10-2017,210.5444
12-10-2017,210.3326
11-10-2017,210.8322
10-10-2017,210.6015
09-10-2017,210.1031
06-10-2017,210.5187
05-10-2017,210.802
04-10-2017,209.7152
03-10-2017,209.4948
02-10-2017,209.0288
29-09-2017,208.0851
28-09-2017,207.316
27-09-2017,206.9861
26-09-2017,206.2396
25-09-2017,206.2514
22-09-2017,206.8125
21-09-2017,206.6656
20-09-2017,207.3548
19-09-2017,207.2207
18-09-2017,206.9517
15-09-2017,206.6843
14-09-2017,206.2893
13-09-2017,206.5437
12-09-2017,206.3434
11-09-2017,205.559
08-09-2017,203.246
07-09-2017,203.4834
06-09-2017,203.5469
05-09-2017,202.8366
01-09-2017,204.4324
31-08-2017,203.9211
30-08-2017,202.7462
29-08-2017,201.8338
28-08-2017,201.7302
25-08-2017,201.5428
24-08-2017,201.0926
23-08-2017,201.5023
22-08-2017,202.1581
21-08-2017,200.2294
18-08-2017,200.0389
17-08-2017,200.5087
16-08-2017,203.6605
15-08-2017,203.4856
14-08-2017,203.6081
11-08-2017,201.4893
10-08-2017,201.2547
09-08-2017,204.3107
08-08-2017,204.4799
07-08-2017,204.8924
04-08-2017,204.4364
03-08-2017,204.0433
02-08-2017,204.4047
01-08-2017,204.1897
31-07-2017,203.6202
28-07-2017,203.7438
27-07-2017,204.0791
26-07-2017,204.3537
25-07-2017,204.2992
24-07-2017,203.3603
21-07-2017,203.5559
20-07-2017,203.6825
19-07-2017,203.6952
18-07-2017,202.7964
17-07-2017,202.8655
14-07-2017,202.8584
13-07-2017,201.9373
12-07-2017,201.4778
11-07-2017,200.0492
10-07-2017,200.1837
07-07-2017,199.9895
06-07-2017,198.7124
05-07-2017,200.6787
03-07-2017,200.4108
30-06-2017,199.8807
29-06-2017,199.5272
28-06-2017,201.1622
27-06-2017,199.3727
26-06-2017,200.8684
23-06-2017,200.7401
22-06-2017,200.4736
21-06-2017,200.4473
20-06-2017,200.6122
19-06-2017,201.8957
16-06-2017,200.1883
15-06-2017,200.1919
14-06-2017,200.6794
13-06-2017,200.9069
12-06-2017,200.055
09-06-2017,200.217
08-06-2017,200.2686
07-06-2017,200.1772
06-06-2017,199.85
05-06-2017,200.3437
02-06-2017,200.5734
01-06-2017,199.9196
31-05-2017,198.3955
30-05-2017,198.5688
26-05-2017,198.7677
25-05-2017,198.7346
24-05-2017,197.9711
23-05-2017,197.512
22-05-2017,197.1249
19-05-2017,196.2228
18-05-2017,194.9111
17-05-2017,194.1803
16-05-2017,197.9193
15-05-2017,198.0833
12-05-2017,197.223
11-05-2017,197.5316
10-05-2017,197.9521
09-05-2017,197.7596
08-05-2017,198.0218
05-05-2017,197.9514
04-05-2017,197.2004
03-05-2017,197.1218
02-05-2017,197.4028
01-05-2017,197.256
28-04-2017,196.7692
27-04-2017,197.3547
26-04-2017,197.2552
25-04-2017,197.3658
24-04-2017,196.2023
21-04-2017,194.2208
20-04-2017,194.8958
19-04-2017,193.3768
18-04-2017,193.7708
17-04-2017,194.2042
13-04-2017,192.6245
12-04-2017,194.0253
11-04-2017,194.6879
10-04-2017,195.0327
07-04-2017,194.8896
06-04-2017,195.1658
05-04-2017,194.8667
04-04-2017,195.3826
03-04-2017,195.2302
31-03-2017,195.6131
30-03-2017,196.0496
29-03-2017,195.3752
28-03-2017,195.2686
27-03-2017,193.8153
24-03-2017,194.1409
23-03-2017,194.2439
22-03-2017,194.4143
21-03-2017,194.0836
20-03-2017,196.3643
17-03-2017,196.7415
16-03-2017,197.2001
15-03-2017,197.4306
14-03-2017,195.7808
13-03-2017,196.412
10-03-2017,196.4186
09-03-2017,195.7276
08-03-2017,195.6375
07-03-2017,195.994
06-03-2017,196.6155
03-03-2017,197.2848
02-03-2017,197.1989
01-03-2017,198.2678
28-02-2017,195.6774
27-02-2017,196.2517
24-02-2017,196.2248
23-02-2017,195.8753
22-02-2017,195.8775
21-02-2017,196.0424
17-02-2017,194.8155
16-02-2017,194.5632
15-02-2017,194.7676
14-02-2017,193.7993
13-02-2017,192.9007
10-02-2017,191.8937
09-02-2017,191.2588
08-02-2017,190.1574
07-02-2017,190.075
06-02-2017,190.0346
03-02-2017,190.4506
02-02-2017,189.0907
01-02-2017,189.0647
31-01-2017,188.8693
30-01-2017,189.0705
27-01-2017,190.0729
26-01-2017,190.1988
25-01-2017,190.4177
24-01-2017,188.9886
23-01-2017,187.8317
20-01-2017,188.4173
19-01-2017,187.8318
18-01-2017,188.5478
17-01-2017,188.3648
13-01-2017,188.8305
12-01-2017,188.5298
11-01-2017,188.8486
10-01-2017,188.2485
09-01-2017,188.3519
06-01-2017,189.004
05-01-2017,188.3941
04-01-2017,188.6277
03-01-2017,187.5908
30-12-2016,186.068
29-12-2016,186.9302
28-12-2016,186.9921
27-12-2016,188.5126
23-12-2016,188.0734
22-12-2016,187.857
21-12-2016,188.2282
20-12-2016,188.7249
19-12-2016,188.0359
16-12-2016,187.7012
15-12-2016,188.0578
14-12-2016,187.2928
13-12-2016,188.8806
12-12-2016,187.6209
09-12-2016,187.7156
08-12-2016,186.6231
07-12-2016,186.1804
06-12-2016,183.6818
05-12-2016,183.0402
02-12-2016,182.0235
01-12-2016,182.0154
30-11-2016,182.5449
29-11-2016,183.0348
28-11-2016,182.9085
25-11-2016,183.8956
23-11-2016,183.0982
22-11-2016,182.935
21-11-2016,182.4823
18-11-2016,181.2238
17-11-2016,181.6661
16-11-2016,180.8985
15-11-2016,181.138
14-11-2016,179.8402
11-11-2016,179.8847
10-11-2016,179.9574
09-11-2016,179.5004
08-11-2016,177.5429
07-11-2016,176.89940000000001
04-11-2016,173.0236
03-11-2016,173.2932
02-11-2016,174.0834
01-11-2016,175.1548
31-10-2016,176.3757
28-10-2016,176.3249
27-10-2016,177.1324
26-10-2016,177.7156
25-10-2016,178.0679
24-10-2016,178.7619
21-10-2016,177.9496
20-10-2016,178.0238
19-10-2016,178.3405
18-10-2016,178.0473
17-10-2016,177.1984
14-10-2016,177.7959
13-10-2016,177.6998
12-10-2016,178.2186
11-10-2016,178.0576
10-10-2016,180.1823
07-10-2016,179.4355
06-10-2016,179.9398
05-10-2016,179.7851
04-10-2016,179.0576
03-10-2016,179.9609
30-09-2016,180.5375
29-09-2016,179.0449
28-09-2016,180.6659
27-09-2016,179.6813
26-09-2016,178.4817
23-09-2016,179.9865
22-09-2016,181.0396
21-09-2016,179.905
20-09-2016,178.0507
19-09-2016,177.9808
16-09-2016,178.0139
15-09-2016,178.6645
14-09-2016,176.868
13-09-2016,176.9265
12-09-2016,179.5262
09-09-2016,176.9858
08-09-2016,181.3399
07-09-2016,181.8534
06-09-2016,181.9715
02-09-2016,181.4932
01-09-2016,180.7269
31-08-2016,180.8067
30-08-2016,181.2106
29-08-2016,181.5417
26-08-2016,180.6216
25-08-2016,180.8765
24-08-2016,181.1675
23-08-2016,182.0471
22-08-2016,181.7252
19-08-2016,181.8345
18-08-2016,182.1252
17-08-2016,181.7942
16-08-2016,181.5004
15-08-2016,182.4352
12-08-2016,181.9736
11-08-2016,182.1297
10-08-2016,181.307
09-08-2016,181.8647
08-08-2016,181.8498
05-08-2016,181.9613
04-08-2016,180.493
03-08-2016,180.4281
02-08-2016,179.8682
01-08-2016,181.0508
29-07-2016,181.261
28-07-2016,181.1371
27-07-2016,180.9498
26-07-2016,181.067
25-07-2016,181.1315
22-07-2016,181.6796
21-07-2016,180.7448
20-07-2016,181.2846
19-07-2016,180.479
18-07-2016,180.6492
15-07-2016,180.2267
14-07-2016,180.394
13-07-2016,179.4736
12-07-2016,179.4341
11-07-2016,178.1918
08-07-2016,177.6345
07-07-2016,174.9946
06-07-2016,175.1023
05-07-2016,174.1227
01-07-2016,175.2509
30-06-2016,175.0142
29-06-2016,172.6229
28-06-2016,169.6768
27-06-2016,166.7198
24-06-2016,169.7091
23-06-2016,175.844
22-06-2016,173.5088
21-06-2016,173.8307
20-06-2016,173.3421
17-06-2016,172.4568
16-06-2016,172.9352
15-06-2016,172.2212
14-06-2016,172.5336
13-06-2016,172.8869
10-06-2016,174.3088
09-06-2016,175.8399
08-06-2016,176.1691
07-06-2016,175.6915
06-06-2016,175.5085
03-06-2016,174.6438
02-06-2016,175.1627
01-06-2016,174.7109
31-05-2016,174.6263
27-05-2016,174.7779
26-05-2016,174.0829
25-05-2016,174.0201
24-05-2016,172.7755
23-05-2016,170.4845
20-05-2016,170.8784
19-05-2016,169.9811
18-05-2016,170.5317
17-05-2016,170.541
16-05-2016,172.1915
13-05-2016,170.4405
12-05-2016,171.9696
11-05-2016,172.0062
10-05-2016,173.6341
09-05-2016,171.4627
06-05-2016,171.3421
05-05-2016,170.7388
04-05-2016,170.9275
03-05-2016,171.9059
02-05-2016,173.4967
29-04-2016,172.0937
28-04-2016,172.9035
27-04-2016,174.3841
26-04-2016,174.2543
25-04-2016,173.9746
22-04-2016,174.2489
21-04-2016,174.2092
20-04-2016,175.1012
19-04-2016,174.9659
18-04-2016,174.2124
15-04-2016,173.1618
14-04-2016,173.3956
13-04-2016,173.2346
12-04-2016,171.4153
11-04-2016,169.7261
08-04-2016,170.0402
07-04-2016,169.5708
06-04-2016,171.7005
05-04-2016,170.0401
04-04-2016,171.7016
01-04-2016,172.3287
31-03-2016,171.2938
30-03-2016,171.638
29-03-2016,170.795
28-03-2016,169.3006
24-03-2016,169.1989
23-03-2016,169.1177
22-03-2016,170.1581
21-03-2016,170.3307
18-03-2016,170.2498
17-03-2016,169.4953
16-03-2016,168.3464
15-03-2016,167.3889
14-03-2016,167.552
11-03-2016,167.7033
10-03-2016,165.0952
09-03-2016,165.1235
08-03-2016,164.4056
07-03-2016,166.2088
04-03-2016,166.0319
03-03-2016,165.5214
02-03-2016,164.9073
01-03-2016,164.1765
29-02-2016,160.2807
26-02-2016,161.6082
25-02-2016,161.9536
24-02-2016,160.0996
23-02-2016,159.4432
22-02-2016,161.5465
19-02-2016,159.1921
18-02-2016,159.2571
17-02-2016,159.9045
16-02-2016,157.3031
12-02-2016,154.7954
11-02-2016,151.788
10-02-2016,153.5813
09-02-2016,153.7462
08-02-2016,153.9435
05-02-2016,155.9543
04-02-2016,158.8288
03-02-2016,158.4011
02-02-2016,157.3815
01-02-2016,160.5973
29-01-2016,160.7705
28-01-2016,156.9207
27-01-2016,156.0252
26-01-2016,157.746
25-01-2016,155.4481
22-01-2016,157.8363
21-01-2016,154.7363
20-01-2016,153.9672
19-01-2016,155.8663
15-01-2016,155.8112
14-01-2016,159.3691
13-01-2016,156.6777
12-01-2016,160.519
11-01-2016,159.2489
08-01-2016,159.0356
07-01-2016,160.7197
06-01-2016,164.7135
05-01-2016,166.9376
04-01-2016,166.7281
31-12-2015,169.2823
30-12-2015,170.9258
29-12-2015,172.2081
28-12-2015,170.3928
24-12-2015,170.7837
23-12-2015,171.1055
22-12-2015,169.0682
21-12-2015,167.6009
18-12-2015,166.3445
17-12-2015,169.3806
16-12-2015,172.0226
15-12-2015,169.5178
14-12-2015,167.6873
11-12-2015,166.8678
10-12-2015,170.2099
09-12-2015,169.8807
08-12-2015,171.0296
07-12-2015,172.2806
04-12-2015,173.434
03-12-2015,169.8619
02-12-2015,172.3399
01-12-2015,174.2802
30-11-2015,172.5581
27-11-2015,173.2819
25-11-2015,173.2137
24-11-2015,173.3081
23-11-2015,173.086
20-11-2015,173.3161
19-11-2015,172.7609
18-11-2015,172.9117
17-11-2015,170.1876
16-11-2015,170.5524
13-11-2015,168.0398
12-11-2015,170.0759
11-11-2015,172.4682
10-11-2015,173.0323
09-11-2015,172.855
06-11-2015,174.6154
05-11-2015,174.5787
04-11-2015,174.6975
03-11-2015,175.3542
02-11-2015,174.7015
30-10-2015,172.6651
29-10-2015,173.5722
28-10-2015,173.7253
27-10-2015,171.6538
26-10-2015,172.1649
23-10-2015,172.6328
22-10-2015,170.7605
21-10-2015,167.8319
20-10-2015,168.7784
19-10-2015,168.8955
16-10-2015,168.8581
15-10-2015,168.0052
14-10-2015,165.5874
13-10-2015,166.4092
12-10-2015,167.4309
09-10-2015,167.3056
08-10-2015,167.1989
07-10-2015,165.8251
06-10-2015,164.5837
05-10-2015,165.0363
02-10-2015,161.9423
01-10-2015,159.7574
30-09-2015,159.5853
29-09-2015,156.7546
28-09-2015,156.5098
25-09-2015,160.4728
24-09-2015,160.3342
23-09-2015,160.8845
22-09-2015,161.1661
21-09-2015,163.0731
18-09-2015,162.2421
17-09-2015,164.8203
16-09-2015,165.3823
15-09-2015,163.8549
14-09-2015,161.7503
11-09-2015,162.4163
10-09-2015,161.6511
09-09-2015,160.7293
08-09-2015,163.0098
04-09-2015,159.0464
03-09-2015,161.5643
02-09-2015,161.3746
01-09-2015,158.5663
31-08-2015,163.4905
28-08-2015,164.7419
27-08-2015,164.6268
26-08-2015,160.6662
25-08-2015,154.645
24-08-2015,156.7989
21-08-2015,163.3381
20-08-2015,168.7144
19-08-2015,172.3046
18-08-2015,173.8128
17-08-2015,174.263
14-08-2015,173.3968
13-08-2015,172.6891
12-08-2015,172.9233
11-08-2015,172.7356
10-08-2015,174.7678
07-08-2015,172.5213
06-08-2015,173.0325
05-08-2015,174.4116
04-08-2015,173.9375
03-08-2015,174.4438
31-07-2015,175.0555
30-07-2015,175.5111
29-07-2015,175.4287
28-07-2015,174.1248
27-07-2015,172.0957
24-07-2015,173.1511
23-07-2015,174.9272
22-07-2015,175.9058
21-07-2015,176.5208
20-07-2015,177.3231
17-07-2015,177.066
16-07-2015,177.3559
15-07-2015,175.9995
14-07-2015,176.1698
13-07-2015,175.4768
10-07-2015,173.5636
09-07-2015,171.5063
08-07-2015,171.2192
07-07-2015,174.0919
06-07-2015,173.1771
02-07-2015,173.9355
01-07-2015,174.0394
30-06-2015,172.8657
29-06-2015,172.4645
26-06-2015,176.0959
25-06-2015,176.0736
24-06-2015,176.6393
23-06-2015,177.8166
22-06-2015,177.6106
19-06-2015,176.6142
18-06-2015,177.6495
17-06-2015,176.0399
16-06-2015,175.7264
15-06-2015,174.6724
12-06-2015,175.4857
11-06-2015,176.7533
10-06-2015,176.413
09-06-2015,174.2883
08-06-2015,174.1593
05-06-2015,175.2632
04-06-2015,175.4998
03-06-2015,176.9856
02-06-2015,176.532
01-06-2015,176.7523
29-05-2015,176.3873
28-05-2015,177.4195
27-05-2015,177.6537
26-05-2015,176.012
22-05-2015,177.8433
21-05-2015,178.2192
20-05-2015,177.7724
19-05-2015,177.886
18-05-2015,178.0285
15-05-2015,177.5054
14-05-2015,177.3789
13-05-2015,175.4766
12-05-2015,175.5139
11-05-2015,175.979
08-05-2015,176.8974
07-05-2015,174.5166
06-05-2015,173.956
05-05-2015,174.7734
04-05-2015,176.758
01-05-2015,176.2457
30-04-2015,174.3798
29-04-2015,176.1381
28-04-2015,176.8011
27-04-2015,176.1884
24-04-2015,176.717
23-04-2015,175.9884
22-04-2015,175.5768
21-04-2015,174.6872
20-04-2015,175.0255
17-04-2015,173.3101
16-04-2015,175.3253
15-04-2015,175.5279
14-04-2015,174.5012
13-04-2015,174.1917
10-04-2015,174.995
09-04-2015,173.9461
08-04-2015,173.1722
07-04-2015,172.8648
06-04-2015,173.203
02-04-2015,172.0124
01-04-2015,171.4797
31-03-2015,172.1969
30-03-2015,173.6802
27-03-2015,171.5017
26-03-2015,171.1969
25-03-2015,171.5949
24-03-2015,174.0289
23-03-2015,175.1103
20-03-2015,175.3422
19-03-2015,173.7817
18-03-2015,174.7472
17-03-2015,172.6776
16-03-2015,173.263
13-03-2015,170.9923
12-03-2015,171.92
11-03-2015,169.8193
10-03-2015,170.2486
09-03-2015,173.2442
06-03-2015,172.5214
05-03-2015,174.9769
04-03-2015,174.8508
03-03-2015,175.6663
02-03-2015,176.4303
27-02-2015,175.3861
26-02-2015,175.8723
25-02-2015,176.0779
24-02-2015,176.305
23-02-2015,175.7351
20-02-2015,175.6553
19-02-2015,174.6371
18-02-2015,175.092
17-02-2015,175.1612
13-02-2015,174.9091
12-02-2015,174.1217
11-02-2015,172.4948
10-02-2015,172.5402
09-02-2015,170.7224
06-02-2015,171.4496
05-02-2015,172.0024
04-02-2015,170.2492
03-02-2015,171.0172
02-02-2015,168.5713
30-01-2015,166.3804
29-01-2015,168.6258
28-01-2015,166.9946
27-01-2015,169.2815
26-01-2015,171.7564
23-01-2015,171.4446
22-01-2015,172.4938
21-01-2015,169.8101
20-01-2015,169.0769
16-01-2015,168.8201
15-01-2015,166.6079
14-01-2015,168.1733
13-01-2015,169.2456
12-01-2015,169.7035
09-01-2015,171.0665
08-01-2015,172.5514
07-01-2015,169.5285
06-01-2015,167.5479
05-01-2015,169.0917
02-01-2015,172.1815
31-12-2014,172.2868
30-12-2014,174.1141
29-12-2014,174.9432
26-12-2014,174.8366
24-12-2014,174.2192
23-12-2014,174.2694
22-12-2014,173.9355
19-12-2014,173.2911
18-12-2014,172.4449
17-12-2014,168.3121
16-12-2014,164.9726
15-12-2014,166.4634
12-12-2014,167.5741
11-12-2014,170.2997
10-12-2014,169.5824
09-12-2014,172.3465
08-12-2014,172.4347
05-12-2014,173.7817
04-12-2014,173.5412
03-12-2014,173.751
02-12-2014,173.2121
01-12-2014,172.0818
28-11-2014,173.1378
26-11-2014,173.448
25-11-2014,172.9634
24-11-2014,173.2736
21-11-2014,172.8199
20-11-2014,171.9834
19-11-2014,171.6558
18-11-2014,171.8725
17-11-2014,171.1496
14-11-2014,170.9657
13-11-2014,170.8541
12-11-2014,170.6449
11-11-2014,170.7668
10-11-2014,170.6553
07-11-2014,170.1378
06-11-2014,170.087
05-11-2014,169.4552
04-11-2014,168.5512
03-11-2014,168.9827
31-10-2014,169.0351
30-10-2014,167.0885
29-10-2014,166.1646
28-10-2014,166.2731
27-10-2014,164.3799
24-10-2014,164.6067
23-10-2014,163.4192
22-10-2014,161.4721
21-10-2014,162.5635
20-10-2014,159.545
17-10-2014,158.164
16-10-2014,156.1243
15-10-2014,156.2632
14-10-2014,157.5788
13-10-2014,157.4813
10-10-2014,160.0727
09-10-2014,161.8958
08-10-2014,165.2543
07-10-2014,162.4023
06-10-2014,164.8487
03-10-2014,165.0435
02-10-2014,163.1892
01-10-2014,163.1908
30-09-2014,165.3191
29-09-2014,165.7266
26-09-2014,166.2029
25-09-2014,164.765
24-09-2014,167.5114
23-09-2014,166.2746
22-09-2014,167.2601
19-09-2014,168.4669
18-09-2014,168.5155
17-09-2014,167.7136
16-09-2014,167.5394
15-09-2014,166.3378
12-09-2014,166.4272
11-09-2014,167.3944
10-09-2014,167.2029
09-09-2014,166.5863
08-09-2014,167.6921
05-09-2014,168.2001
04-09-2014,167.3674
03-09-2014,167.5888
02-09-2014,167.778
29-08-2014,167.905
28-08-2014,167.3664
27-08-2014,167.6209
26-08-2014,167.5272
25-08-2014,167.4114
22-08-2014,166.6082
21-08-2014,166.942
20-08-2014,166.3688
19-08-2014,165.987
18-08-2014,165.106
15-08-2014,163.7649
14-08-2014,163.7794
13-08-2014,163.1412
12-08-2014,162.0557
11-08-2014,162.2774
08-08-2014,161.8552
07-08-2014,160.0456
06-08-2014,161.0019
05-08-2014,160.8453
04-08-2014,162.4324
01-08-2014,161.2991
31-07-2014,161.8727
30-07-2014,165.2501
29-07-2014,165.2661
28-07-2014,166.0852
25-07-2014,165.905
24-07-2014,166.6869
23-07-2014,166.6741
22-07-2014,166.3286
21-07-2014,165.5054
18-07-2014,165.908
17-07-2014,164.3133
16-07-2014,166.0828
15-07-2014,165.2276
14-07-2014,165.4835
11-07-2014,164.6809
10-07-2014,164.4744
09-07-2014,165.1283
08-07-2014,164.4031
07-07-2014,165.531
03-07-2014,166.0569
02-07-2014,165.2048
01-07-2014,165.0084
30-06-2014,163.9423
27-06-2014,164.0148
26-06-2014,163.6085
25-06-2014,163.7282
24-06-2014,162.9363
23-06-2014,163.9799
20-06-2014,163.8988
19-06-2014,163.6285
18-06-2014,163.4344
17-06-2014,162.1964
16-06-2014,161.8329
13-06-2014,161.7866
12-06-2014,161.253
11-06-2014,162.4045
10-06-2014,163.0933
09-06-2014,163.1488
06-06-2014,162.9903
05-06-2014,162.1652
04-06-2014,161.1075
03-06-2014,160.8582
02-06-2014,160.8841
30-05-2014,160.7879
29-05-2014,160.4447
28-05-2014,159.6091
27-05-2014,159.8765
23-05-2014,159.0258
22-05-2014,158.3434
21-05-2014,158.0315
20-05-2014,156.8354
19-05-2014,157.8175
16-05-2014,157.2647
15-05-2014,156.6333
14-05-2014,158.0847
13-05-2014,158.7342
12-05-2014,158.6499
09-05-2014,157.2351
08-05-2014,157.0092
07-05-2014,157.2075
06-05-2014,156.2456
05-05-2014,157.641
02-05-2014,157.37
01-05-2014,157.6166
30-04-2014,157.7523
29-04-2014,157.3605
28-04-2014,156.914
25-04-2014,156.1833
24-04-2014,157.2728
23-04-2014,156.8693
22-04-2014,157.2588
21-04-2014,156.7316
17-04-2014,156.1397
16-04-2014,155.7981
15-04-2014,154.4037
14-04-2014,153.4357
11-04-2014,152.2611
10-04-2014,153.587
09-04-2014,156.5088
08-04-2014,155.0385
07-04-2014,154.5114
04-04-2014,156.0691
03-04-2014,157.7501
02-04-2014,157.9162
01-04-2014,157.5432
31-03-2014,156.7178
28-03-2014,155.4654
27-03-2014,154.6809
26-03-2014,154.8928
25-03-2014,155.843
24-03-2014,155.0044
21-03-2014,155.4914
20-03-2014,155.7477
19-03-2014,154.7111
18-03-2014,155.6017
17-03-2014,154.4938
14-03-2014,152.9746
13-03-2014,153.4003
12-03-2014,155.0903
11-03-2014,155.0336
10-03-2014,155.7315
07-03-2014,155.777
06-03-2014,155.6266
05-03-2014,155.2865
04-03-2014,155.3081
03-03-2014,153.0552
28-02-2014,154.2525
27-02-2014,153.7779
26-02-2014,153.0443
25-02-2014,152.9633
24-02-2014,153.2231
21-02-2014,152.3583
20-02-2014,152.5764
19-02-2014,151.732
18-02-2014,152.783
14-02-2014,152.9007
13-02-2014,152.1387
12-02-2014,151.2927
11-02-2014,151.3544
10-02-2014,149.6821
07-02-2014,149.3957
06-02-2014,147.6504
05-02-2014,145.8489
04-02-2014,145.9982
03-02-2014,145.0664
31-01-2014,148.2078
30-01-2014,149.4727
29-01-2014,147.9746
28-01-2014,149.3696
27-01-2014,148.8196
24-01-2014,149.3587
23-01-2014,152.266
22-01-2014,153.5259
21-01-2014,153.6713
17-01-2014,153.4582
16-01-2014,154.1235
15-01-2014,154.4945
14-01-2014,153.5687
13-01-2014,152.0808
10-01-2014,153.8888
09-01-2014,153.5635
08-01-2014,153.5857
07-01-2014,153.6985
06-01-2014,152.8419
03-01-2014,153.2086
02-01-2014,153.2215
31-12-2013,154.5671
30-12-2013,154.012
27-12-2013,153.9989
26-12-2013,154.0175
24-12-2013,153.2479
23-12-2013,152.7693
20-12-2013,151.9774
19-12-2013,151.3855
18-12-2013,151.5048
17-12-2013,149.0224
16-12-2013,149.5097
13-12-2013,148.5513
12-12-2013,148.5948
11-12-2013,149.2672
10-12-2013,150.9827
09-12-2013,151.5275
06-12-2013,151.3068
05-12-2013,149.5904
04-12-2013,150.4147
03-12-2013,150.6715
02-12-2013,151.0871
29-11-2013,151.5044
27-11-2013,151.5905
26-11-2013,151.1574
25-11-2013,151.2288
22-11-2013,151.3989
21-11-2013,150.7394
20-11-2013,149.4984
19-11-2013,150.0687
18-11-2013,150.3158
15-11-2013,150.8645
14-11-2013,150.2438
13-11-2013,149.6028
12-11-2013,148.449
11-11-2013,148.7539
08-11-2013,148.6264
07-11-2013,146.7035
06-11-2013,148.6217
05-11-2013,147.7519
04-11-2013,148.14
01-11-2013,147.5598
31-10-2013,147.2148
30-10-2013,147.7401
29-10-2013,148.3709
28-10-2013,147.609
25-10-2013,147.3707
24-10-2013,146.6742
23-10-2013,146.2764
22-10-2013,147.0563
21-10-2013,146.2046
18-10-2013,146.0646
17-10-2013,145.4681
16-10-2013,144.5657
15-10-2013,142.6692
14-10-2013,143.7065
11-10-2013,143.2044
10-10-2013,142.2836
09-10-2013,139.3828
08-10-2013,139.2058
07-10-2013,140.8247
04-10-2013,141.9845
03-10-2013,141.0527
02-10-2013,142.2939
01-10-2013,142.3951
30-09-2013,141.3604
27-09-2013,142.2896
26-09-2013,142.8997
25-09-2013,142.4937
24-09-2013,142.8533
23-09-2013,143.2501
20-09-2013,143.7579
19-09-2013,144.8934
18-09-2013,145.1352
17-09-2013,143.2895
16-09-2013,142.7381
13-09-2013,141.9816
12-09-2013,141.5769
11-09-2013,142.0373
10-09-2013,141.7372
09-09-2013,140.7202
06-09-2013,139.3112
05-09-2013,139.3372
04-09-2013,139.2246
03-09-2013,138.1697
30-08-2013,137.7577
29-08-2013,138.1263
28-08-2013,137.948
27-08-2013,137.5647
26-08-2013,139.7443
23-08-2013,140.3797
22-08-2013,139.7732
21-08-2013,138.6679
20-08-2013,139.4717
19-08-2013,139.0492
16-08-2013,139.8552
15-08-2013,140.3515
14-08-2013,142.375
13-08-2013,142.9958
12-08-2013,142.5526
09-08-2013,142.6343
08-08-2013,143.2111
07-08-2013,142.6896
06-08-2013,143.1972
05-08-2013,143.9584
02-08-2013,144.193
01-08-2013,143.9036
31-07-2013,142.3378
30-07-2013,142.4728
29-07-2013,142.4205
26-07-2013,142.9142
25-07-2013,142.7588
24-07-2013,142.4613
23-07-2013,142.8992
22-07-2013,143.0471
19-07-2013,142.7633
18-07-2013,142.5808
17-07-2013,141.8706
16-07-2013,141.4707
15-07-2013,141.9144
12-07-2013,141.6576
11-07-2013,141.2775
10-07-2013,139.4651
09-07-2013,139.4815
08-07-2013,138.4657
05-07-2013,137.7698
03-07-2013,136.4545
02-07-2013,136.3656
01-07-2013,136.4218
28-06-2013,135.7261
27-06-2013,136.3605
26-06-2013,135.5214
25-06-2013,134.2624
24-06-2013,133.0465
21-06-2013,134.6706
20-06-2013,134.3626
19-06-2013,137.7228
18-06-2013,139.67
17-06-2013,138.6485
14-06-2013,137.6124
13-06-2013,138.4392
12-06-2013,136.4395
11-06-2013,137.5354
10-06-2013,138.9017
07-06-2013,138.9083
06-06-2013,137.2557
05-06-2013,136.2315
04-06-2013,138.1207
03-06-2013,138.8146
31-05-2013,137.856
30-05-2013,139.8666
29-05-2013,139.4256
28-05-2013,140.3257
24-05-2013,139.4677
23-05-2013,139.4749
22-05-2013,139.9352
21-05-2013,140.9368
20-05-2013,140.6365
17-05-2013,140.7083
16-05-2013,139.3917
15-05-2013,139.8804
14-05-2013,139.3093
13-05-2013,138.0117
10-05-2013,138.037
09-05-2013,137.5581
08-05-2013,138.1481
07-05-2013,137.5858
06-05-2013,136.8761
03-05-2013,136.6325
02-05-2013,135.3727
01-05-2013,134.1117
30-04-2013,135.4187
29-04-2013,135.1432
26-04-2013,134.1358
25-04-2013,134.2727
24-04-2013,133.9068
23-04-2013,134.192
22-04-2013,132.7685
19-04-2013,132.1437
18-04-2013,130.7132
17-04-2013,131.5231
16-04-2013,133.3581
15-04-2013,131.5498
12-04-2013,134.4361
11-04-2013,134.7449
10-04-2013,134.1329
09-04-2013,132.5709
08-04-2013,132.2287
05-04-2013,131.5096
04-04-2013,132.1265
03-04-2013,131.5683
02-04-2013,132.8953
01-04-2013,132.0228
28-03-2013,132.4681
27-03-2013,132.0851
26-03-2013,132.2833
25-03-2013,131.2669
22-03-2013,131.6736
21-03-2013,130.5925
20-03-2013,131.4713
19-03-2013,130.6849
18-03-2013,131.0173
15-03-2013,131.7299
14-03-2013,131.904
13-03-2013,131.1938
12-03-2013,131.056
11-03-2013,131.4816
08-03-2013,130.9496
07-03-2013,130.3587
06-03-2013,130.1315
05-03-2013,130.0448
04-03-2013,128.7614
01-03-2013,128.2162
28-02-2013,127.9818
27-02-2013,128.0882
26-02-2013,126.5987
25-02-2013,125.7669
22-02-2013,127.9599
21-02-2013,127.0069
20-02-2013,127.8033
19-02-2013,129.3441
15-02-2013,128.4225
14-02-2013,128.5133
13-02-2013,128.3565
12-02-2013,128.5019
11-02-2013,128.2917
08-02-2013,128.294
07-02-2013,127.6184
06-02-2013,127.9403
05-02-2013,127.7972
04-02-2013,126.411
01-02-2013,127.8207
31-01-2013,126.6339
30-01-2013,126.8733
29-01-2013,127.3354
28-01-2013,126.6011
25-01-2013,126.7595
24-01-2013,126.1384
23-01-2013,126.3889
22-01-2013,126.1919
18-01-2013,125.6117
17-01-2013,125.338
16-01-2013,124.7951
15-01-2013,124.6635
14-01-2013,124.6436
11-01-2013,124.9325
10-01-2013,124.9525
09-01-2013,123.9528
08-01-2013,123.6991
07-01-2013,124.0408
04-01-2013,124.4401
03-01-2013,123.8734
02-01-2013,124.1111
31-12-2012,121.0933
28-12-2012,119.0953
27-12-2012,120.4096
26-12-2012,120.6059
24-12-2012,121.109
21-12-2012,121.3189
20-12-2012,122.5293
19-12-2012,121.8696
18-12-2012,122.8523
17-12-2012,121.481
14-12-2012,119.9534
13-12-2012,120.5693
12-12-2012,121.323
11-12-2012,121.3205
10-12-2012,120.4782
07-12-2012,120.5092
06-12-2012,120.2063
05-12-2012,119.7177
04-12-2012,119.6609
03-12-2012,119.9569
30-11-2012,120.518
29-11-2012,120.4875
28-11-2012,119.8905
27-11-2012,119.0003
26-11-2012,119.6645
23-11-2012,119.8578
21-11-2012,118.3962
20-11-2012,118.2189
19-11-2012,118.1471
16-11-2012,115.7843
15-11-2012,115.2562
14-11-2012,115.5473
13-11-2012,117.0628
12-11-2012,117.4159
09-11-2012,117.4527
08-11-2012,117.223
07-11-2012,118.7318
06-11-2012,121.6733
05-11-2012,120.8462
02-11-2012,120.6595
01-11-2012,121.7875
31-10-2012,120.5589
26-10-2012,120.5972
25-10-2012,120.8308
24-10-2012,120.5002
23-10-2012,120.806
22-10-2012,122.6525
19-10-2012,122.4358
18-10-2012,124.4677
17-10-2012,124.6521
16-10-2012,124.0592
15-10-2012,122.769
12-10-2012,121.7613
11-10-2012,122.2351
10-10-2012,122.3312
09-10-2012,122.9438
08-10-2012,124.0908
05-10-2012,124.5821
04-10-2012,124.6654
03-10-2012,123.7811
02-10-2012,123.2417
01-10-2012,123.1617
28-09-2012,122.86
27-09-2012,123.4611
26-09-2012,122.32
25-09-2012,122.9981
24-09-2012,124.2324
21-09-2012,124.3334
20-09-2012,124.3998
19-09-2012,124.3733
18-09-2012,124.1999
17-09-2012,124.3781
14-09-2012,124.7452
13-09-2012,124.3371
12-09-2012,122.2577
11-09-2012,121.9856
10-09-2012,121.6678
07-09-2012,122.4929
06-09-2012,122.0891
05-09-2012,119.6708
04-09-2012,119.865
31-08-2012,119.8989
30-08-2012,119.313
29-08-2012,120.2454
28-08-2012,120.1319
27-08-2012,120.231
24-08-2012,120.2644
23-08-2012,119.5977
22-08-2012,120.4402
21-08-2012,120.2971
20-08-2012,120.679
17-08-2012,120.5766
16-08-2012,120.4005
15-08-2012,119.613
14-08-2012,119.5539
13-08-2012,119.5078
10-08-2012,119.6258
09-08-2012,119.3969
08-08-2012,119.3841
07-08-2012,119.1982
06-08-2012,118.7231
03-08-2012,118.4273
02-08-2012,116.3156
01-08-2012,117.1521
31-07-2012,117.4618
30-07-2012,117.893
27-07-2012,117.8765
26-07-2012,115.8028
25-07-2012,114.0061
24-07-2012,114.1075
23-07-2012,115.1109
20-07-2012,116.0604
19-07-2012,117.1379
18-07-2012,117.0111
17-07-2012,116.4121
16-07-2012,115.5532
13-07-2012,115.8307
12-07-2012,113.9693
11-07-2012,114.399
10-07-2012,114.3638
09-07-2012,115.1313
06-07-2012,115.2996
05-07-2012,116.2922
03-07-2012,116.7771
02-07-2012,116.1727
29-06-2012,115.8475
28-06-2012,113.1766
27-06-2012,113.4525
26-06-2012,112.5351
25-06-2012,112.0096
22-06-2012,113.7398
21-06-2012,112.9812
20-06-2012,115.414
19-06-2012,115.6691
18-06-2012,114.6899
15-06-2012,114.4445
14-06-2012,113.4268
13-06-2012,112.2035
12-06-2012,112.9454
11-06-2012,111.6642
08-06-2012,113.0579
07-06-2012,112.0904
06-06-2012,112.115
05-06-2012,109.6599
04-06-2012,109.1395
01-06-2012,109.0036
31-05-2012,111.6226
30-05-2012,111.8735
29-05-2012,113.4187
25-05-2012,112.2208
24-05-2012,112.4739
23-05-2012,112.2738
22-05-2012,111.9831
21-05-2012,111.866
18-05-2012,110.2274
17-05-2012,110.974
16-05-2012,112.6338
15-05-2012,113.1896
14-05-2012,113.7273
11-05-2012,114.9651
10-05-2012,115.4817
09-05-2012,115.1288
08-05-2012,115.9365
07-05-2012,116.3373
04-05-2012,116.1801
03-05-2012,118.0511
02-05-2012,118.9162
01-05-2012,119.1529
30-04-2012,118.4479
27-04-2012,119.0136
26-04-2012,118.8182
25-04-2012,118.045
24-04-2012,116.3842
23-04-2012,115.952
20-04-2012,116.8607
19-04-2012,116.8732
18-04-2012,117.6641
17-04-2012,118.0083
16-04-2012,116.2238
13-04-2012,116.3015
12-04-2012,117.789
11-04-2012,116.3538
10-04-2012,115.434
09-04-2012,117.3904
05-04-2012,118.679
04-04-2012,118.7429
03-04-2012,119.9316
02-04-2012,120.3886
30-03-2012,119.4869
29-03-2012,119.1246
28-03-2012,119.2969
27-03-2012,119.801
26-03-2012,120.1155
23-03-2012,118.4647
22-03-2012,118.1355
21-03-2012,118.965
20-03-2012,119.1971
19-03-2012,119.373
16-03-2012,118.7329
15-03-2012,118.5784
14-03-2012,117.9381
13-03-2012,118.0182
12-03-2012,115.9179
09-03-2012,115.7906
08-03-2012,115.3796
07-03-2012,114.3003
06-03-2012,113.6092
05-03-2012,115.2882
02-03-2012,115.7346
01-03-2012,116.061
29-02-2012,115.4122
28-02-2012,115.9088
27-02-2012,115.4875
24-02-2012,115.2037
23-02-2012,115.0423
22-02-2012,114.5802
21-02-2012,114.9266
17-02-2012,114.7389
16-02-2012,114.4098
15-02-2012,113.3095
14-02-2012,114.0216
13-02-2012,114.1387
10-02-2012,113.3506
09-02-2012,114.0723
08-02-2012,113.9833
07-02-2012,113.7199
06-02-2012,113.4753
03-02-2012,113.4162
02-02-2012,111.883
01-02-2012,111.7359
31-01-2012,110.9069
30-01-2012,110.9211
27-01-2012,111.2394
26-01-2012,111.4031
25-01-2012,111.9853
24-01-2012,111.1046
23-01-2012,111.2782
20-01-2012,111.3062
19-01-2012,111.5045
18-01-2012,110.9548
17-01-2012,109.7293
13-01-2012,109.3311
12-01-2012,109.8992
11-01-2012,109.73
10-01-2012,109.6892
09-01-2012,108.8067
06-01-2012,108.5407
05-01-2012,108.8673
04-01-2012,108.5374
03-01-2012,108.5219
30-12-2011,106.9953
29-12-2011,107.4078
28-12-2011,106.2558
27-12-2011,107.5991
23-12-2011,107.5229
22-12-2011,106.5086
21-12-2011,105.5979
20-12-2011,105.153
19-12-2011,102.1258
16-12-2011,103.3119
15-12-2011,102.9537
14-12-2011,102.5253
13-12-2011,103.6399
12-12-2011,104.5257
09-12-2011,106.0936
08-12-2011,104.3965
07-12-2011,106.5609
06-12-2011,106.2345
05-12-2011,106.1616
02-12-2011,105.101
01-12-2011,105.0173
30-11-2011,105.2268
29-11-2011,100.936
28-11-2011,100.7077
25-11-2011,97.8537
23-11-2011,98.1436
22-11-2011,100.336
21-11-2011,100.6936
18-11-2011,102.605
17-11-2011,102.725
16-11-2011,104.3474
15-11-2011,106.0579
14-11-2011,105.5847
11-11-2011,106.6234
10-11-2011,104.6587
09-11-2011,103.7715
08-11-2011,107.5769
07-11-2011,106.3213
04-11-2011,105.6076
03-11-2011,106.2389
02-11-2011,104.4332
01-11-2011,102.867
31-10-2011,105.7737
28-10-2011,108.3458
27-10-2011,108.3549
26-10-2011,104.8849
25-10-2011,103.8458
24-10-2011,105.9255
21-10-2011,104.6205
20-10-2011,102.7424
19-10-2011,102.2744
18-10-2011,103.63720000000001
17-10-2011,101.4765
14-10-2011,103.3525
13-10-2011,101.532
12-10-2011,101.868
11-10-2011,100.8698
10-10-2011,100.7913
07-10-2011,97.4407
06-10-2011,98.2237
05-10-2011,96.6347
04-10-2011,94.9853
03-10-2011,93.0557
30-09-2011,95.8395
29-09-2011,98.1431
28-09-2011,97.3502
27-09-2011,99.326
26-09-2011,98.3654
23-09-2011,96.2542
22-09-2011,95.6125
21-09-2011,98.5853
20-09-2011,101.5733
19-09-2011,101.6244
16-09-2011,102.6013
15-09-2011,102.0316
14-09-2011,100.3041
13-09-2011,99.0564
12-09-2011,98.2453
09-09-2011,97.5419
08-09-2011,100.1634
07-09-2011,101.1913
06-09-2011,98.4136
02-09-2011,99.018
01-09-2011,101.5053
31-08-2011,102.6722
30-08-2011,102.2114
29-08-2011,102.0771
26-08-2011,99.3847
25-08-2011,98.041
24-08-2011,99.5198
23-08-2011,98.2641
22-08-2011,94.9997
19-08-2011,94.9856
18-08-2011,96.2905
17-08-2011,100.6327
16-08-2011,100.4355
15-08-2011,101.4301
12-08-2011,99.2959
11-08-2011,98.89
10-08-2011,94.4345
09-08-2011,98.6785
08-08-2011,94.2355
05-08-2011,100.9071
04-08-2011,100.9139
03-08-2011,105.7469
02-08-2011,105.1935
01-08-2011,107.8226
29-07-2011,108.1768
28-07-2011,108.9376
27-07-2011,109.371
26-07-2011,111.5431
25-07-2011,111.9275
22-07-2011,112.6034
21-07-2011,112.5285
20-07-2011,111.1155
19-07-2011,111.1099
18-07-2011,109.5647
15-07-2011,110.4123
14-07-2011,109.8265
13-07-2011,110.4746
12-07-2011,110.1056
11-07-2011,110.5125
08-07-2011,112.4994
07-07-2011,113.2531
06-07-2011,112.1308
05-07-2011,112.1084
01-07-2011,112.1745
30-06-2011,110.5437
29-06-2011,109.5237
28-06-2011,108.5086
27-06-2011,107.1478
24-06-2011,106.1935
23-06-2011,107.4126
22-06-2011,107.7445
21-06-2011,108.4212
20-06-2011,106.9956
17-06-2011,106.4254
16-06-2011,106.157
15-06-2011,105.9813
14-06-2011,107.8977
13-06-2011,106.6553
10-06-2011,106.4832
09-06-2011,107.9601
08-06-2011,107.1426
07-06-2011,107.5167
06-06-2011,107.6402
03-06-2011,108.8523
02-06-2011,109.8591
01-06-2011,109.9643
31-05-2011,112.4284
27-05-2011,111.2472
26-05-2011,110.791
25-05-2011,110.455
24-05-2011,110.2043
23-05-2011,110.2511
20-05-2011,111.5111
19-05-2011,112.4305
18-05-2011,112.2384
17-05-2011,111.2773
16-05-2011,111.0774
13-05-2011,111.7599
12-05-2011,112.63720000000001
11-05-2011,112.0449
10-05-2011,113.2716
09-05-2011,112.3492
06-05-2011,111.9264
05-05-2011,111.6122
04-05-2011,112.6539
03-05-2011,113.331
02-05-2011,113.7934
29-04-2011,114.0276
28-04-2011,113.7901
27-04-2011,113.3358
26-04-2011,112.6683
25-04-2011,111.6481
21-04-2011,111.7499
20-04-2011,111.1908
19-04-2011,109.7497
18-04-2011,109.1035
15-04-2011,110.3146
14-04-2011,109.9852
13-04-2011,109.9696
12-04-2011,109.9974
11-04-2011,110.7805
08-04-2011,111.1205
07-04-2011,111.5608
06-04-2011,111.723
05-04-2011,111.4313
04-04-2011,111.3829
01-04-2011,111.3589
31-03-2011,110.8425
30-03-2011,111.0791
29-03-2011,110.3683
28-03-2011,109.6239
25-03-2011,109.8656
24-03-2011,109.5905
23-03-2011,108.6217
22-03-2011,108.3958
21-03-2011,108.7758
18-03-2011,107.2367
17-03-2011,106.7912
16-03-2011,105.4013
15-03-2011,107.5424
14-03-2011,108.7439
11-03-2011,109.4104
10-03-2011,108.7486
09-03-2011,110.7596
08-03-2011,110.948
07-03-2011,110.0208
04-03-2011,110.8919
03-03-2011,111.6818
02-03-2011,109.8639
01-03-2011,109.8012
28-02-2011,111.3906
25-02-2011,110.7111
24-02-2011,109.7193
23-02-2011,109.9471
22-02-2011,110.3993
18-02-2011,112.5439
17-02-2011,112.3524
16-02-2011,111.9548
15-02-2011,111.2159
14-02-2011,111.5222
11-02-2011,111.2286
10-02-2011,110.6286
09-02-2011,110.6712
08-02-2011,111.0253
07-02-2011,110.6322
04-02-2011,109.9521
03-02-2011,109.6421
02-02-2011,109.3089
01-02-2011,109.7147
31-01-2011,107.8937
28-01-2011,107.1179
27-01-2011,109.0611
26-01-2011,108.8883
25-01-2011,108.445
24-01-2011,108.404
21-01-2011,107.9069
20-01-2011,107.7852
19-01-2011,107.9015
18-01-2011,109.0376
14-01-2011,108.9964
13-01-2011,108.2253
12-01-2011,108.4572
11-01-2011,107.4548
10-01-2011,107.0375
07-01-2011,107.1786
06-01-2011,107.3918
05-01-2011,107.6859
04-01-2011,107.1394
03-01-2011,107.2753
31-12-2010,106.013
30-12-2010,106.0179
29-12-2010,106.1509
28-12-2010,106.0954
27-12-2010,105.9944
23-12-2010,105.912
22-12-2010,106.0624
21-12-2010,105.6682
20-12-2010,105.0441
17-12-2010,104.7896
16-12-2010,104.7704
15-12-2010,104.1968
14-12-2010,104.6889
13-12-2010,104.6824
10-12-2010,104.5878
09-12-2010,104.0181
08-12-2010,103.5154
07-12-2010,103.0655
06-12-2010,103.0553
03-12-2010,103.1684
02-12-2010,102.9532
01-12-2010,101.6536
30-11-2010,99.5576
29-11-2010,100.1349
26-11-2010,100.2363
24-11-2010,100.9601
23-11-2010,99.5852
22-11-2010,101.0462
19-11-2010,101.2485
18-11-2010,101.039
17-11-2010,99.6029
16-11-2010,99.5918
15-11-2010,101.256
12-11-2010,101.3713
11-11-2010,102.5413
10-11-2010,102.9783
09-11-2010,102.493
08-11-2010,103.3469
05-11-2010,103.5677
04-11-2010,103.1628
03-11-2010,101.1825
02-11-2010,100.7807
01-11-2010,100.0698
29-10-2010,99.9037
28-10-2010,100.0314
27-10-2010,99.9196
26-10-2010,100.2293
25-10-2010,100.2085
22-10-2010,99.9877
21-10-2010,99.8055
20-10-2010,99.6624
19-10-2010,98.5314
18-10-2010,100.0818
15-10-2010,99.2676
14-10-2010,99.0586
13-10-2010,99.4527
12-10-2010,98.8212
11-10-2010,98.4759
08-10-2010,98.4379
07-10-2010,97.8539
06-10-2010,98.0483
05-10-2010,98.1573
04-10-2010,96.2085
01-10-2010,96.9606
30-09-2010,96.4511
29-09-2010,96.7453
28-09-2010,97.0723
27-09-2010,96.7136
24-09-2010,97.2145
23-09-2010,95.3357
22-09-2010,96.1506
21-09-2010,96.6019
20-09-2010,96.8478
17-09-2010,95.3976
16-09-2010,95.4447
15-09-2010,95.3877
14-09-2010,95.0718
13-09-2010,95.1363
10-09-2010,94.0461
09-09-2010,93.6978
08-09-2010,93.2349
07-09-2010,92.6593
03-09-2010,93.7854
02-09-2010,92.5958
01-09-2010,91.7978
31-08-2010,89.2658
30-08-2010,89.132
27-08-2010,90.4886
26-08-2010,89.0732
25-08-2010,89.766
24-08-2010,89.449700000000007
23-08-2010,90.6813
20-08-2010,90.9419
19-08-2010,91.2191
18-08-2010,92.7359
17-08-2010,92.6334
16-08-2010,91.5721
13-08-2010,91.5432
12-08-2010,91.9312
11-08-2010,92.386
10-08-2010,94.9412
09-08-2010,95.5282
06-08-2010,94.8497
05-08-2010,95.176
04-08-2010,95.3079
03-08-2010,94.7988
02-08-2010,95.2254
30-07-2010,93.1497
29-07-2010,93.1743
28-07-2010,93.624
27-07-2010,94.285
26-07-2010,94.2426
23-07-2010,93.2268
22-07-2010,92.5507
21-07-2010,90.4958
20-07-2010,91.6041
19-07-2010,90.568
16-07-2010,90.1068
15-07-2010,92.7313
14-07-2010,92.6282
13-07-2010,92.6327
12-07-2010,91.2684
09-07-2010,91.0982
08-07-2010,90.4051
07-07-2010,89.6022
06-07-2010,86.9254
02-07-2010,86.4382
01-07-2010,86.7873
30-06-2010,87.03
29-06-2010,87.9316
28-06-2010,90.607
25-06-2010,90.7336
24-06-2010,90.6526
23-06-2010,92.1466
22-06-2010,92.4834
21-06-2010,93.8971
18-06-2010,94.3096
17-06-2010,94.1772
16-06-2010,94.02
15-06-2010,94.0662
14-06-2010,91.9512
11-06-2010,92.1765
10-06-2010,91.8232
09-06-2010,89.3378
08-06-2010,89.9571
07-06-2010,88.8987
04-06-2010,90.0287
03-06-2010,93.1061
02-06-2010,92.7929
01-06-2010,90.6174
28-05-2010,92.0836
27-05-2010,93.1718
26-05-2010,90.2637
25-05-2010,90.8843
24-05-2010,90.8234
21-05-2010,91.9524
20-05-2010,90.6208
19-05-2010,94.1484
18-05-2010,94.6096
17-05-2010,95.9356
14-05-2010,95.7892
13-05-2010,97.5766
12-05-2010,98.7524
11-05-2010,97.5854
10-05-2010,97.9143
07-05-2010,93.9825
06-05-2010,95.2702
05-05-2010,98.3898
04-05-2010,98.9925
03-05-2010,101.2652
30-04-2010,100
29-04-2010,101.6123
28-04-2010,100.316
27-04-2010,99.5561
26-04-2010,101.7292
23-04-2010,102.2018
22-04-2010,101.523
21-04-2010,101.4466
20-04-2010,101.6161
19-04-2010,100.9115
16-04-2010,100.3445
15-04-2010,101.9213
14-04-2010,101.7595
13-04-2010,100.5805
12-04-2010,100.5756
09-04-2010,100.4541
08-04-2010,99.7568
07-04-2010,99.3779
06-04-2010,99.8375
05-04-2010,99.6523
01-04-2010,99.0333
31-03-2010,98.286
30-03-2010,98.658
29-03-2010,98.6775
26-03-2010,98.2284
25-03-2010,98.1519
24-03-2010,98.3232
23-03-2010,98.8926
22-03-2010,98.0557
19-03-2010,97.587
18-03-2010,98.0551
17-03-2010,98.0471
16-03-2010,97.4661
15-03-2010,96.7639
12-03-2010,96.619
11-03-2010,96.7602
10-03-2010,96.3881
09-03-2010,96.0447
08-03-2010,95.864
05-03-2010,95.8266
04-03-2010,94.5599
03-03-2010,94.2207
02-03-2010,94.2972
01-03-2010,94.1396
26-02-2010,93.2695
25-02-2010,93.136
24-02-2010,93.3817
23-02-2010,92.4039
22-02-2010,93.4748
19-02-2010,93.5596
18-02-2010,93.4623
17-02-2010,92.9022
16-02-2010,92.5956
12-02-2010,90.9662
11-02-2010,91.2378
10-02-2010,90.4791
09-02-2010,90.6084
08-02-2010,89.4673
05-02-2010,90.3462
04-02-2010,90.036
03-02-2010,92.9109
02-02-2010,93.3487
01-02-2010,92.1983
29-01-2010,90.9894
28-01-2010,91.8314
27-01-2010,92.7254
26-01-2010,92.2545
25-01-2010,92.5917
22-01-2010,92.1709
21-01-2010,94.2036
20-01-2010,96.1998
19-01-2010,97.16
15-01-2010,95.9195
14-01-2010,97.0324
13-01-2010,96.7499
12-01-2010,95.9311
11-01-2010,96.8269
08-01-2010,96.5267
07-01-2010,96.3768
06-01-2010,96.1009
05-01-2010,96.0126
04-01-2010,95.6937
31-12-2009,94.2095
30-12-2009,95.0446
29-12-2009,95.0247
28-12-2009,95.1616
24-12-2009,94.9817
23-12-2009,94.4851
22-12-2009,94.451
21-12-2009,94.2457
18-12-2009,93.2619
17-12-2009,92.674
16-12-2009,93.8822
15-12-2009,93.8184
14-12-2009,94.3321
11-12-2009,94.0957
10-12-2009,93.8671
09-12-2009,93.4167
08-12-2009,92.9981
07-12-2009,93.9957
04-12-2009,94.35
03-12-2009,94.0214
02-12-2009,94.8053
01-12-2009,94.9753
30-11-2009,93.8987
27-11-2009,93.4933
25-11-2009,95.0874
24-11-2009,94.793
23-11-2009,94.86
20-11-2009,93.6283
19-11-2009,93.9105
18-11-2009,95.1114
17-11-2009,94.9509
16-11-2009,94.785
13-11-2009,93.5405
12-11-2009,93.0388
11-11-2009,94.0064
10-11-2009,93.534
09-11-2009,93.4612
06-11-2009,91.6014
05-11-2009,91.5311
04-11-2009,89.7687
03-11-2009,89.5556
02-11-2009,89.4268
30-10-2009,88.8702
29-10-2009,91.3445
28-10-2009,89.4091
27-10-2009,91.0229
26-10-2009,91.1263
23-10-2009,92.1804
22-10-2009,93.3161
21-10-2009,92.2728
20-10-2009,93.0308
19-10-2009,93.4423
16-10-2009,92.6659
15-10-2009,93.4069
14-10-2009,92.9448
13-10-2009,91.3352
12-10-2009,91.7077
09-10-2009,91.1419
08-10-2009,90.6544
07-10-2009,90.0672
06-10-2009,89.7091
05-10-2009,88.5238
02-10-2009,87.3427
01-10-2009,87.4544
30-09-2009,89.6216
29-09-2009,89.865
28-09-2009,90.1758
25-09-2009,88.6399
24-09-2009,89.1404
23-09-2009,89.7608
22-09-2009,90.7365
21-09-2009,90.0621
18-09-2009,90.4516
17-09-2009,90.181
16-09-2009,90.262
15-09-2009,89.1136
14-09-2009,89.0873
11-09-2009,88.6135
10-09-2009,88.8621
09-09-2009,87.9778
08-09-2009,87.4908
04-09-2009,86.8577
03-09-2009,85.8181
02-09-2009,85.0947
01-09-2009,85.3889
31-08-2009,87.3325
28-08-2009,87.9094
27-08-2009,88.107
26-08-2009,87.8987
25-08-2009,87.8129
24-08-2009,87.6249
21-08-2009,87.6428
20-08-2009,86.1284
19-08-2009,85.2388
18-08-2009,84.5381
17-08-2009,83.769
14-08-2009,85.7169
13-08-2009,86.2835
12-08-2009,85.6418
11-08-2009,84.7473
10-08-2009,85.8475
07-08-2009,86.0308
06-08-2009,85.178
05-08-2009,85.7579
04-08-2009,85.8988
03-08-2009,85.5681
31-07-2009,84.4102
30-07-2009,84.4013
29-07-2009,83.6724
28-07-2009,83.9828
27-07-2009,84.2743
24-07-2009,83.976
23-07-2009,83.8441
22-07-2009,82.0867
21-07-2009,82.1762
20-07-2009,81.726
17-07-2009,80.9119
16-07-2009,80.8789
15-07-2009,80.3491
14-07-2009,78.1184
13-07-2009,77.7133
10-07-2009,75.7891
09-07-2009,76.2036
08-07-2009,76.0299
07-07-2009,76.1304
06-07-2009,77.4597
02-07-2009,77.3027
01-07-2009,79.4713
30-06-2009,79.0447
29-06-2009,79.7027
26-06-2009,78.9229
25-06-2009,78.9848
24-06-2009,77.4059
23-06-2009,76.9343
22-06-2009,76.6631
19-06-2009,79.04
18-06-2009,78.8044
17-06-2009,77.9291
16-06-2009,78.0027
15-06-2009,78.9073
12-06-2009,80.8171
11-06-2009,80.5228
10-06-2009,79.9868
09-06-2009,80.2782
08-06-2009,80.0724
05-06-2009,80.1041
04-06-2009,80.4185
03-06-2009,79.5546
02-06-2009,80.4577
01-06-2009,80.2755
29-05-2009,78.5098
28-05-2009,77.508
27-05-2009,76.3165
26-05-2009,77.8424
22-05-2009,75.9219
21-05-2009,75.9647
20-05-2009,77.078
19-05-2009,77.4242
18-05-2009,77.752
15-05-2009,75.478
14-05-2009,76.412
13-05-2009,75.578
12-05-2009,77.4119
11-05-2009,77.2435
08-05-2009,79.0516
07-05-2009,77.1635
06-05-2009,77.9658
05-05-2009,76.5317
04-05-2009,76.8701
01-05-2009,74.2658
30-04-2009,73.889
29-04-2009,73.9495
28-04-2009,72.4718
27-04-2009,72.6765
24-04-2009,73.4433
23-04-2009,72.1757
22-04-2009,71.2552
21-04-2009,72.0329
20-04-2009,70.454
17-04-2009,73.7582
16-04-2009,73.5234
15-04-2009,72.623
14-04-2009,71.8424
13-04-2009,73.3372
09-04-2009,73.1612
08-04-2009,70.1282
07-04-2009,69.4994
06-04-2009,70.9757
03-04-2009,71.7668
02-04-2009,71.1411
01-04-2009,69.4816
31-03-2009,68.1451
30-03-2009,67.1614
27-03-2009,69.5627
26-03-2009,71.0012
25-03-2009,69.585
24-03-2009,68.8134
23-03-2009,70.4904
20-03-2009,65.4937
19-03-2009,66.9639
18-03-2009,67.9971
17-03-2009,66.4661
16-03-2009,64.2873
13-03-2009,64.6145
12-03-2009,64.2257
11-03-2009,61.6026
10-03-2009,61.4919
09-03-2009,57.7131
06-03-2009,58.0834
05-03-2009,57.7829
04-03-2009,60.5714
03-03-2009,59.1464
02-03-2009,59.4761
27-02-2009,62.214
26-02-2009,64.0762
25-02-2009,65.1786
24-02-2009,65.7754
23-02-2009,63.097
20-02-2009,65.2406
19-02-2009,66.1007
18-02-2009,66.8683
17-02-2009,67.0767
13-02-2009,70.391
12-02-2009,71.2308
11-02-2009,70.9969
10-02-2009,70.3331
09-02-2009,74.0777
06-02-2009,74.2027
05-02-2009,72.0449
04-02-2009,70.8536
03-02-2009,71.451
02-02-2009,70.4005
30-01-2009,70.2095
29-01-2009,71.6641
28-01-2009,74.3435
27-01-2009,72.0226
26-01-2009,71.2886
23-01-2009,70.9781
22-01-2009,70.4229
21-01-2009,71.5847
20-01-2009,68.2349
16-01-2009,72.41
15-01-2009,72.0796
14-01-2009,72.296
13-01-2009,74.8041
12-01-2009,74.4418
09-01-2009,76.2877
08-01-2009,78.0178
07-01-2009,77.527
06-01-2009,80.1387
05-01-2009,79.7882
02-01-2009,80.2895
31-12-2008,77.91
30-12-2008,76.9507
29-12-2008,75.1878
26-12-2008,75.4105
24-12-2008,74.9733
23-12-2008,74.4855
22-12-2008,75.3083
19-12-2008,76.6407
18-12-2008,76.8709
17-12-2008,78.6823
16-12-2008,79.7347
15-12-2008,75.9049
12-12-2008,76.8746
11-12-2008,76.3979
10-12-2008,78.5197
09-12-2008,77.8157
08-12-2008,79.8245
05-12-2008,76.3617
04-12-2008,73.8516
03-12-2008,75.899
02-12-2008,73.7353
01-12-2008,70.7283
28-11-2008,77.875
26-11-2008,77.2659
25-11-2008,74.5587
24-11-2008,74.2677
21-11-2008,69.5589
20-11-2008,65.3355
19-11-2008,70.1448
18-11-2008,74.7695
17-11-2008,73.9839
14-11-2008,75.9507
13-11-2008,79.122
12-11-2008,73.8257
11-11-2008,77.8954
10-11-2008,79.1583
07-11-2008,80.2706
06-11-2008,77.7633
05-11-2008,81.8793
04-11-2008,86.8345
03-11-2008,83.5786
31-10-2008,83.7779
30-10-2008,82.734
29-10-2008,80.8509
28-10-2008,82.0262
27-10-2008,74.0631
24-10-2008,76.478
23-10-2008,79.253
22-10-2008,77.5685
21-10-2008,82.4736
20-10-2008,85.3029
17-10-2008,81.1361
16-10-2008,81.9517
15-10-2008,78.6865
14-10-2008,86.2969
13-10-2008,86.5222
10-10-2008,76.9631
09-10-2008,78.3681
08-10-2008,85.3502
07-10-2008,86.2746
06-10-2008,91.9281
03-10-2008,95.31
02-10-2008,96.9947
01-10-2008,99.9717
30-09-2008,99.6795
29-09-2008,94.1649
26-09-2008,103.672
25-09-2008,102.7983
24-09-2008,100.5444
23-09-2008,100.861
22-09-2008,102.3168
19-09-2008,106.35
18-09-2008,101.3506
17-09-2008,97.3135
16-09-2008,102.1421
15-09-2008,100.0788
12-09-2008,105.6867
11-09-2008,105.5809
10-09-2008,104.3008
09-09-2008,103.7273
08-09-2008,107.535
05-09-2008,104.7668
04-09-2008,104.3969
03-09-2008,107.8028
02-09-2008,107.8542
29-08-2008,108.1656
28-08-2008,109.7045
27-08-2008,107.9784
26-08-2008,107.0933
25-08-2008,106.6901
22-08-2008,108.8698
21-08-2008,107.565
20-08-2008,107.1762
19-08-2008,106.4272
18-08-2008,107.306
15-08-2008,108.952
14-08-2008,108.7057
13-08-2008,108.1164
12-08-2008,108.6023
11-08-2008,110.4039
08-08-2008,109.503
07-08-2008,106.7588
06-08-2008,108.8161
05-08-2008,108.4936
04-08-2008,105.5004
01-08-2008,106.3944
31-07-2008,106.7239
30-07-2008,108.1411
29-07-2008,106.2169
28-07-2008,103.7848
25-07-2008,105.9078
24-07-2008,105.5462
23-07-2008,108.4264
22-07-2008,107.7042
21-07-2008,105.7898
18-07-2008,105.6991
17-07-2008,105.5309
16-07-2008,103.6511
15-07-2008,100.7185
14-07-2008,101.9173
11-07-2008,102.8261
10-07-2008,104.1513
09-07-2008,103.3955
08-07-2008,105.8758
07-07-2008,104.4465
03-07-2008,105.5866
02-07-2008,105.3773
01-07-2008,107.1613
30-06-2008,106.8138
27-06-2008,106.6536
26-06-2008,107.1398
25-06-2008,110.347
24-06-2008,109.5112
23-06-2008,109.7329
20-06-2008,109.7764
19-06-2008,111.907
18-06-2008,111.6931
17-06-2008,112.8279
16-06-2008,113.5349
13-06-2008,113.4962
12-06-2008,111.7886
11-06-2008,111.3261
10-06-2008,113.1631
09-06-2008,113.282
06-06-2008,113.2284
05-06-2008,116.8985
04-06-2008,114.6345
03-06-2008,114.7356
02-06-2008,115.5892
30-05-2008,116.8609
29-05-2008,116.9252
28-05-2008,116.239
27-05-2008,116.0419
23-05-2008,115.3222
22-05-2008,116.9536
21-05-2008,116.6968
20-05-2008,118.4273
19-05-2008,119.5801
16-05-2008,119.4874
15-05-2008,119.3745
14-05-2008,118.0344
13-05-2008,117.7251
12-05-2008,117.8509
09-05-2008,116.6129
08-05-2008,117.5161
07-05-2008,117.2474
06-05-2008,119.7682
05-05-2008,118.9935
02-05-2008,119.6661
01-05-2008,119.2471
30-04-2008,117.2423
