Date,STOXX Europe Industry Neutral ESG EUR
2019-10-08T00:00:00Z,135.73
2019-10-07T00:00:00Z,137.24
2019-10-04T00:00:00Z,136.24
2019-10-03T00:00:00Z,135.21
2019-10-02T00:00:00Z,135.27
2019-10-01T00:00:00Z,139.07
2019-09-30T00:00:00Z,140.96
2019-09-27T00:00:00Z,140.41
2019-09-26T00:00:00Z,139.74
2019-09-25T00:00:00Z,138.88
2019-09-24T00:00:00Z,139.69
2019-09-23T00:00:00Z,139.65
2019-09-20T00:00:00Z,140.78
2019-09-19T00:00:00Z,140.25
2019-09-18T00:00:00Z,139.3
2019-09-17T00:00:00Z,139.26
2019-09-16T00:00:00Z,139.29
2019-09-13T00:00:00Z,140.06
2019-09-12T00:00:00Z,139.58
2019-09-11T00:00:00Z,139.32
2019-09-10T00:00:00Z,138.21
2019-09-09T00:00:00Z,137.96
2019-09-06T00:00:00Z,138.34
2019-09-05T00:00:00Z,137.91
2019-09-04T00:00:00Z,137.03
2019-09-03T00:00:00Z,135.81
2019-09-02T00:00:00Z,136.07
2019-08-30T00:00:00Z,135.57
2019-08-29T00:00:00Z,134.67
2019-08-28T00:00:00Z,133.2
2019-08-27T00:00:00Z,133.43
2019-08-26T00:00:00Z,132.67
2019-08-23T00:00:00Z,132.63
2019-08-22T00:00:00Z,133.71
2019-08-21T00:00:00Z,134.14
2019-08-20T00:00:00Z,132.57
2019-08-19T00:00:00Z,133.52
2019-08-16T00:00:00Z,132.04
2019-08-15T00:00:00Z,130.41
2019-08-14T00:00:00Z,130.75
2019-08-13T00:00:00Z,132.97
2019-08-12T00:00:00Z,132.17
2019-08-09T00:00:00Z,132.58
2019-08-08T00:00:00Z,133.64
2019-08-07T00:00:00Z,131.51
2019-08-06T00:00:00Z,131.13
2019-08-05T00:00:00Z,131.74
2019-08-02T00:00:00Z,134.82
2019-08-01T00:00:00Z,138.25
2019-07-31T00:00:00Z,137.54
2019-07-30T00:00:00Z,137.34
2019-07-29T00:00:00Z,139.38
2019-07-26T00:00:00Z,139.29
2019-07-25T00:00:00Z,138.85
2019-07-24T00:00:00Z,139.48
2019-07-23T00:00:00Z,139.45
2019-07-22T00:00:00Z,138.04
2019-07-19T00:00:00Z,137.84
2019-07-18T00:00:00Z,137.75
2019-07-17T00:00:00Z,138.2
2019-07-16T00:00:00Z,138.8
2019-07-15T00:00:00Z,138.27
2019-07-12T00:00:00Z,138
2019-07-11T00:00:00Z,137.95
2019-07-10T00:00:00Z,138.17
2019-07-09T00:00:00Z,138.47
2019-07-08T00:00:00Z,139.18
2019-07-05T00:00:00Z,139.29
2019-07-04T00:00:00Z,140.27
2019-07-03T00:00:00Z,140.13
2019-07-02T00:00:00Z,138.97
2019-07-01T00:00:00Z,138.45
2019-06-28T00:00:00Z,137.35
2019-06-27T00:00:00Z,136.42
2019-06-26T00:00:00Z,136.38
2019-06-25T00:00:00Z,136.73
2019-06-24T00:00:00Z,136.91
2019-06-21T00:00:00Z,137.27
2019-06-20T00:00:00Z,137.74
2019-06-19T00:00:00Z,137.29
2019-06-18T00:00:00Z,137.23
2019-06-17T00:00:00Z,134.94
2019-06-14T00:00:00Z,135.11
2019-06-13T00:00:00Z,135.65
2019-06-12T00:00:00Z,135.46
2019-06-11T00:00:00Z,135.82
2019-06-10T00:00:00Z,134.91
2019-06-07T00:00:00Z,134.62
2019-06-06T00:00:00Z,133.38
2019-06-05T00:00:00Z,133.33
2019-06-04T00:00:00Z,132.86
2019-06-03T00:00:00Z,132.07
2019-05-31T00:00:00Z,131.55
2019-05-30T00:00:00Z,132.65
2019-05-29T00:00:00Z,132.09
2019-05-28T00:00:00Z,133.98
2019-05-27T00:00:00Z,134.33
2019-05-24T00:00:00Z,134.07
2019-05-23T00:00:00Z,133.42
2019-05-22T00:00:00Z,135.34
2019-05-21T00:00:00Z,135.47
2019-05-20T00:00:00Z,134.73
2019-05-17T00:00:00Z,136.16
2019-05-16T00:00:00Z,136.65
2019-05-15T00:00:00Z,134.92
2019-05-14T00:00:00Z,134.34
2019-05-13T00:00:00Z,133.04
2019-05-10T00:00:00Z,134.56
2019-05-09T00:00:00Z,134.18
2019-05-08T00:00:00Z,136.45
2019-05-07T00:00:00Z,136.26
2019-05-06T00:00:00Z,138.18
2019-05-03T00:00:00Z,139.45
2019-05-02T00:00:00Z,138.87
2019-05-01T00:00:00Z,139.67
2019-04-30T00:00:00Z,139.77
2019-04-29T00:00:00Z,139.73
2019-04-26T00:00:00Z,139.64
2019-04-25T00:00:00Z,139.38
2019-04-24T00:00:00Z,139.75
2019-04-23T00:00:00Z,140.03
2019-04-18T00:00:00Z,139.75
2019-04-17T00:00:00Z,139.34
2019-04-16T00:00:00Z,139.16
2019-04-15T00:00:00Z,138.73
2019-04-12T00:00:00Z,138.54
2019-04-11T00:00:00Z,138.32
2019-04-10T00:00:00Z,138.3
2019-04-09T00:00:00Z,137.83
2019-04-08T00:00:00Z,138.49
2019-04-05T00:00:00Z,138.74
2019-04-04T00:00:00Z,138.6
2019-04-03T00:00:00Z,138.95
2019-04-02T00:00:00Z,137.61
2019-04-01T00:00:00Z,137.06
2019-03-29T00:00:00Z,135.41
2019-03-28T00:00:00Z,134.66
2019-03-27T00:00:00Z,134.86
2019-03-26T00:00:00Z,134.81
2019-03-25T00:00:00Z,133.91
2019-03-22T00:00:00Z,134.5
2019-03-21T00:00:00Z,136.23
2019-03-20T00:00:00Z,136.28
2019-03-19T00:00:00Z,137.55
2019-03-18T00:00:00Z,136.79
2019-03-15T00:00:00Z,136.37
2019-03-14T00:00:00Z,135.45
2019-03-13T00:00:00Z,134.39
2019-03-12T00:00:00Z,133.55
2019-03-11T00:00:00Z,133.66
2019-03-08T00:00:00Z,132.6
2019-03-07T00:00:00Z,133.8
2019-03-06T00:00:00Z,134.42
2019-03-05T00:00:00Z,134.44
2019-03-04T00:00:00Z,134.26
2019-03-01T00:00:00Z,133.86
2019-02-28T00:00:00Z,133.33
2019-02-27T00:00:00Z,133.25
2019-02-26T00:00:00Z,133.62
2019-02-25T00:00:00Z,133.11
2019-02-22T00:00:00Z,132.8
2019-02-21T00:00:00Z,132.52
2019-02-20T00:00:00Z,132.9
2019-02-19T00:00:00Z,132.07
2019-02-18T00:00:00Z,132.4
2019-02-15T00:00:00Z,132.14
2019-02-14T00:00:00Z,130.26
2019-02-13T00:00:00Z,130.67
2019-02-12T00:00:00Z,129.9
2019-02-11T00:00:00Z,129.28
2019-02-08T00:00:00Z,128.2
2019-02-07T00:00:00Z,128.87
2019-02-06T00:00:00Z,130.73
2019-02-05T00:00:00Z,130.55
2019-02-04T00:00:00Z,128.68
2019-02-01T00:00:00Z,128.69
2019-01-31T00:00:00Z,128.28
2019-01-30T00:00:00Z,128.26
2019-01-29T00:00:00Z,127.76
2019-01-28T00:00:00Z,126.75
2019-01-25T00:00:00Z,127.94
2019-01-24T00:00:00Z,127.13
2019-01-23T00:00:00Z,126.84
2019-01-22T00:00:00Z,126.91
2019-01-21T00:00:00Z,127.39
2019-01-18T00:00:00Z,127.69
2019-01-17T00:00:00Z,125.42
2019-01-16T00:00:00Z,125.39
2019-01-15T00:00:00Z,124.74
2019-01-14T00:00:00Z,124.37
2019-01-11T00:00:00Z,125.02
2019-01-10T00:00:00Z,124.94
2019-01-09T00:00:00Z,124.48
2019-01-08T00:00:00Z,123.88
2019-01-07T00:00:00Z,122.91
2019-01-04T00:00:00Z,123.12
2019-01-03T00:00:00Z,119.79
2019-01-02T00:00:00Z,120.82
2018-12-31T00:00:00Z,120.99
2018-12-28T00:00:00Z,120.5
2018-12-27T00:00:00Z,118.12
2018-12-24T00:00:00Z,120.24
2018-12-21T00:00:00Z,120.74
2018-12-20T00:00:00Z,120.71
2018-12-19T00:00:00Z,122.41
2018-12-18T00:00:00Z,122.05
2018-12-17T00:00:00Z,123.08
2018-12-14T00:00:00Z,124.45
2018-12-13T00:00:00Z,125.23
2018-12-12T00:00:00Z,125.42
2018-12-11T00:00:00Z,123.4
2018-12-10T00:00:00Z,121.6
2018-12-07T00:00:00Z,123.84
2018-12-06T00:00:00Z,122.91
2018-12-05T00:00:00Z,126.82
2018-12-04T00:00:00Z,128.33
2018-12-03T00:00:00Z,129.27
2018-11-30T00:00:00Z,128.05
2018-11-29T00:00:00Z,128.16
2018-11-28T00:00:00Z,128.07
2018-11-27T00:00:00Z,128.06
2018-11-26T00:00:00Z,128.35
2018-11-23T00:00:00Z,126.78
2018-11-22T00:00:00Z,126.24
2018-11-21T00:00:00Z,127.19
2018-11-20T00:00:00Z,125.83
2018-11-19T00:00:00Z,127.24
2018-11-16T00:00:00Z,128.15
2018-11-15T00:00:00Z,128.38
2018-11-14T00:00:00Z,129.65
2018-11-13T00:00:00Z,130.44
2018-11-12T00:00:00Z,129.61
2018-11-09T00:00:00Z,130.91
2018-11-08T00:00:00Z,131.31
2018-11-07T00:00:00Z,130.99
2018-11-06T00:00:00Z,129.63
2018-11-05T00:00:00Z,130.04
2018-11-02T00:00:00Z,130.15
2018-11-01T00:00:00Z,129.83
2018-10-31T00:00:00Z,129.35
2018-10-30T00:00:00Z,127.22
2018-10-29T00:00:00Z,127.19
2018-10-26T00:00:00Z,126.04
2018-10-25T00:00:00Z,126.96
2018-10-24T00:00:00Z,126.36
2018-10-23T00:00:00Z,126.69
2018-10-22T00:00:00Z,128.68
2018-10-19T00:00:00Z,129.23
2018-10-18T00:00:00Z,129.37
2018-10-17T00:00:00Z,130.1
2018-10-16T00:00:00Z,130.53
2018-10-15T00:00:00Z,128.65
2018-10-12T00:00:00Z,128.41
2018-10-11T00:00:00Z,128.79
2018-10-10T00:00:00Z,131.38
2018-10-09T00:00:00Z,133.38
2018-10-08T00:00:00Z,133.1
2018-10-05T00:00:00Z,134.5
2018-10-04T00:00:00Z,135.65
2018-10-03T00:00:00Z,137.09
2018-10-02T00:00:00Z,136.43
2018-10-01T00:00:00Z,137.14
2018-09-28T00:00:00Z,136.95
2018-09-27T00:00:00Z,138.17
2018-09-26T00:00:00Z,137.61
2018-09-25T00:00:00Z,137.23
2018-09-24T00:00:00Z,136.57
2018-09-21T00:00:00Z,137.35
2018-09-20T00:00:00Z,136.72
2018-09-19T00:00:00Z,135.68
2018-09-18T00:00:00Z,135.21
2018-09-17T00:00:00Z,135.02
2018-09-14T00:00:00Z,134.84
2018-09-13T00:00:00Z,134.37
2018-09-12T00:00:00Z,134.45
2018-09-11T00:00:00Z,133.92
2018-09-10T00:00:00Z,133.99
2018-09-07T00:00:00Z,133.3
2018-09-06T00:00:00Z,133.24
2018-09-05T00:00:00Z,134.05
2018-09-04T00:00:00Z,135.51
2018-09-03T00:00:00Z,136.46
2018-08-31T00:00:00Z,136.36
2018-08-30T00:00:00Z,137.43
2018-08-29T00:00:00Z,137.86
2018-08-28T00:00:00Z,137.48
2018-08-27T00:00:00Z,137.55
2018-08-24T00:00:00Z,136.84
2018-08-23T00:00:00Z,136.72
2018-08-22T00:00:00Z,137
2018-08-21T00:00:00Z,137.05
2018-08-20T00:00:00Z,136.63
2018-08-17T00:00:00Z,135.87
2018-08-16T00:00:00Z,136.01
2018-08-15T00:00:00Z,135.49
2018-08-14T00:00:00Z,137.29
2018-08-13T00:00:00Z,137.27
2018-08-10T00:00:00Z,137.69
2018-08-09T00:00:00Z,139.24
2018-08-08T00:00:00Z,139.13
2018-08-07T00:00:00Z,139.36
2018-08-06T00:00:00Z,138.68
2018-08-03T00:00:00Z,138.86
2018-08-02T00:00:00Z,137.98
2018-08-01T00:00:00Z,139.15
2018-07-31T00:00:00Z,139.84
2018-07-30T00:00:00Z,139.55
2018-07-27T00:00:00Z,139.95
2018-07-26T00:00:00Z,139.33
2018-07-25T00:00:00Z,138.28
2018-07-24T00:00:00Z,138.66
2018-07-23T00:00:00Z,137.51
2018-07-20T00:00:00Z,137.76
2018-07-19T00:00:00Z,138
2018-07-18T00:00:00Z,138.33
2018-07-17T00:00:00Z,137.54
2018-07-16T00:00:00Z,137.2
2018-07-13T00:00:00Z,137.54
2018-07-12T00:00:00Z,137.26
2018-07-11T00:00:00Z,136.24
2018-07-10T00:00:00Z,137.97
2018-07-09T00:00:00Z,137.43
2018-07-06T00:00:00Z,136.65
2018-07-05T00:00:00Z,136.38
2018-07-04T00:00:00Z,135.78
2018-07-03T00:00:00Z,135.66
2018-07-02T00:00:00Z,134.56
2018-06-29T00:00:00Z,135.63
2018-06-28T00:00:00Z,134.54
2018-06-27T00:00:00Z,135.63
2018-06-26T00:00:00Z,134.67
2018-06-25T00:00:00Z,134.58
2018-06-22T00:00:00Z,137.41
2018-06-21T00:00:00Z,135.9
2018-06-20T00:00:00Z,137.2
2018-06-19T00:00:00Z,136.89
2018-06-18T00:00:00Z,137.85
2018-06-15T00:00:00Z,138.96
2018-06-14T00:00:00Z,140.22
2018-06-13T00:00:00Z,138.55
2018-06-12T00:00:00Z,138.31
2018-06-11T00:00:00Z,138.43
2018-06-08T00:00:00Z,137.42
2018-06-07T00:00:00Z,137.72
2018-06-06T00:00:00Z,138.04
2018-06-05T00:00:00Z,138.09
2018-06-04T00:00:00Z,138.52
2018-06-01T00:00:00Z,138.08
2018-05-31T00:00:00Z,136.66
2018-05-30T00:00:00Z,137.65
2018-05-29T00:00:00Z,137.33
2018-05-28T00:00:00Z,139.27
2018-05-25T00:00:00Z,139.67
2018-05-24T00:00:00Z,139.55
2018-05-23T00:00:00Z,140.28
2018-05-22T00:00:00Z,141.84
2018-05-21T00:00:00Z,141.44
2018-05-18T00:00:00Z,141.03
2018-05-17T00:00:00Z,141.43
2018-05-16T00:00:00Z,140.57
2018-05-15T00:00:00Z,140.26
2018-05-14T00:00:00Z,140.2
2018-05-11T00:00:00Z,140.28
2018-05-10T00:00:00Z,140.14
2018-05-09T00:00:00Z,140.31
2018-05-08T00:00:00Z,139.4
2018-05-07T00:00:00Z,139.2
2018-05-04T00:00:00Z,138.37
2018-05-03T00:00:00Z,137.48
2018-05-02T00:00:00Z,138.5
2018-05-01T00:00:00Z,137.73
2018-04-30T00:00:00Z,137.78
2018-04-27T00:00:00Z,137.51
2018-04-26T00:00:00Z,137.2
2018-04-25T00:00:00Z,136.03
2018-04-24T00:00:00Z,137.07
2018-04-23T00:00:00Z,137.08
2018-04-20T00:00:00Z,136.64
2018-04-19T00:00:00Z,136.63
2018-04-18T00:00:00Z,136.52
2018-04-17T00:00:00Z,136.09
2018-04-16T00:00:00Z,135.03
2018-04-13T00:00:00Z,135.51
2018-04-12T00:00:00Z,135.33
2018-04-11T00:00:00Z,134.42
2018-04-10T00:00:00Z,135.2
2018-04-09T00:00:00Z,134.08
2018-04-06T00:00:00Z,133.92
2018-04-05T00:00:00Z,134.46
2018-04-04T00:00:00Z,131.3
2018-04-03T00:00:00Z,131.89
2018-03-29T00:00:00Z,132.58
2018-03-28T00:00:00Z,132.08
2018-03-27T00:00:00Z,131.45
2018-03-26T00:00:00Z,129.89
2018-03-23T00:00:00Z,130.85
2018-03-22T00:00:00Z,132.07
2018-03-21T00:00:00Z,134.17
2018-03-20T00:00:00Z,134.38
2018-03-19T00:00:00Z,133.72
2018-03-16T00:00:00Z,135.07
2018-03-15T00:00:00Z,134.73
2018-03-14T00:00:00Z,134.05
2018-03-13T00:00:00Z,134.28
2018-03-12T00:00:00Z,135.58
2018-03-09T00:00:00Z,135.18
2018-03-08T00:00:00Z,134.64
2018-03-07T00:00:00Z,133.24
2018-03-06T00:00:00Z,132.76
2018-03-05T00:00:00Z,132.63
2018-03-02T00:00:00Z,131.24
2018-03-01T00:00:00Z,134.03
2018-02-28T00:00:00Z,135.69
2018-02-27T00:00:00Z,136.63
2018-02-26T00:00:00Z,136.85
2018-02-23T00:00:00Z,136.2
2018-02-22T00:00:00Z,135.95
2018-02-21T00:00:00Z,136.23
2018-02-20T00:00:00Z,136.01
2018-02-19T00:00:00Z,135.2
2018-02-16T00:00:00Z,136.06
2018-02-15T00:00:00Z,134.62
2018-02-14T00:00:00Z,133.99
2018-02-13T00:00:00Z,132.63
2018-02-12T00:00:00Z,133.48
2018-02-09T00:00:00Z,131.92
2018-02-08T00:00:00Z,133.83
2018-02-07T00:00:00Z,135.95
2018-02-06T00:00:00Z,133.42
2018-02-05T00:00:00Z,136.73
2018-02-02T00:00:00Z,138.83
2018-02-01T00:00:00Z,140.69
2018-01-31T00:00:00Z,141.37
2018-01-30T00:00:00Z,141.71
2018-01-29T00:00:00Z,143
2018-01-26T00:00:00Z,143.28
2018-01-25T00:00:00Z,142.59
2018-01-24T00:00:00Z,143.34
2018-01-23T00:00:00Z,144.02
2018-01-22T00:00:00Z,143.78
2018-01-19T00:00:00Z,143.35
2018-01-18T00:00:00Z,142.66
2018-01-17T00:00:00Z,142.38
2018-01-16T00:00:00Z,142.52
2018-01-15T00:00:00Z,142.36
2018-01-12T00:00:00Z,142.59
2018-01-11T00:00:00Z,142.11
2018-01-10T00:00:00Z,142.69
2018-01-09T00:00:00Z,143.26
2018-01-08T00:00:00Z,142.64
2018-01-05T00:00:00Z,142.28
2018-01-04T00:00:00Z,140.97
2018-01-03T00:00:00Z,139.7
2018-01-02T00:00:00Z,139.08
2017-12-29T00:00:00Z,139.38
2017-12-28T00:00:00Z,139.57
2017-12-27T00:00:00Z,139.91
2017-12-22T00:00:00Z,139.87
2017-12-21T00:00:00Z,140.03
2017-12-20T00:00:00Z,139.2
2017-12-19T00:00:00Z,140.17
2017-12-18T00:00:00Z,140.76
2017-12-15T00:00:00Z,139.17
2017-12-14T00:00:00Z,139.41
2017-12-13T00:00:00Z,140.04
2017-12-12T00:00:00Z,140.38
2017-12-11T00:00:00Z,139.45
2017-12-08T00:00:00Z,139.52
2017-12-07T00:00:00Z,138.45
2017-12-06T00:00:00Z,138.43
2017-12-05T00:00:00Z,138.64
2017-12-04T00:00:00Z,138.93
2017-12-01T00:00:00Z,137.71
2017-11-30T00:00:00Z,138.77
2017-11-29T00:00:00Z,139.26
2017-11-28T00:00:00Z,138.9
2017-11-27T00:00:00Z,138.1
2017-11-24T00:00:00Z,138.73
2017-11-23T00:00:00Z,138.86
2017-11-22T00:00:00Z,138.87
2017-11-21T00:00:00Z,139.16
2017-11-20T00:00:00Z,138.62
2017-11-17T00:00:00Z,137.71
2017-11-16T00:00:00Z,138.09
2017-11-15T00:00:00Z,137.11
2017-11-14T00:00:00Z,137.81
2017-11-13T00:00:00Z,138.64
2017-11-10T00:00:00Z,139.53
2017-11-09T00:00:00Z,140.05
2017-11-08T00:00:00Z,141.63
2017-11-07T00:00:00Z,141.62
2017-11-06T00:00:00Z,142.33
2017-11-03T00:00:00Z,142.14
2017-11-02T00:00:00Z,141.73
2017-11-01T00:00:00Z,142.34
2017-10-31T00:00:00Z,141.81
2017-10-30T00:00:00Z,141.39
2017-10-27T00:00:00Z,141.17
2017-10-26T00:00:00Z,140.45
2017-10-25T00:00:00Z,139.04
2017-10-24T00:00:00Z,139.9
2017-10-23T00:00:00Z,140.39
2017-10-20T00:00:00Z,140.2
2017-10-19T00:00:00Z,139.85
2017-10-18T00:00:00Z,140.69
2017-10-17T00:00:00Z,140.28
2017-10-16T00:00:00Z,140.64
2017-10-13T00:00:00Z,140.65
2017-10-12T00:00:00Z,140.24
2017-10-11T00:00:00Z,140.19
2017-10-10T00:00:00Z,140.18
2017-10-09T00:00:00Z,140.22
2017-10-06T00:00:00Z,139.95
2017-10-05T00:00:00Z,140.53
2017-10-04T00:00:00Z,140.25
2017-10-03T00:00:00Z,140.44
2017-10-02T00:00:00Z,140.25
2017-09-29T00:00:00Z,139.55
2017-09-28T00:00:00Z,138.86
2017-09-27T00:00:00Z,138.59
2017-09-26T00:00:00Z,138.04
2017-09-25T00:00:00Z,138.01
2017-09-22T00:00:00Z,137.79
2017-09-21T00:00:00Z,137.7
2017-09-20T00:00:00Z,137.34
2017-09-19T00:00:00Z,137.41
2017-09-18T00:00:00Z,137.35
2017-09-15T00:00:00Z,136.87
2017-09-14T00:00:00Z,137.27
2017-09-13T00:00:00Z,137.12
2017-09-12T00:00:00Z,137.14
2017-09-11T00:00:00Z,136.39
2017-09-08T00:00:00Z,134.93
2017-09-07T00:00:00Z,134.7
2017-09-06T00:00:00Z,134.3
2017-09-05T00:00:00Z,134.22
2017-09-04T00:00:00Z,134.42
2017-09-01T00:00:00Z,135.13
2017-08-31T00:00:00Z,134.32
2017-08-30T00:00:00Z,133.3
2017-08-29T00:00:00Z,132.38
2017-08-28T00:00:00Z,133.76
2017-08-25T00:00:00Z,134.4
2017-08-24T00:00:00Z,134.56
2017-08-23T00:00:00Z,134.33
2017-08-22T00:00:00Z,135.03
2017-08-21T00:00:00Z,133.9
2017-08-18T00:00:00Z,134.45
2017-08-17T00:00:00Z,135.41
2017-08-16T00:00:00Z,136.28
2017-08-15T00:00:00Z,135.33
2017-08-14T00:00:00Z,135.21
2017-08-11T00:00:00Z,133.78
2017-08-10T00:00:00Z,135.2
2017-08-09T00:00:00Z,136.62
2017-08-08T00:00:00Z,137.66
2017-08-07T00:00:00Z,137.4
2017-08-04T00:00:00Z,137.59
2017-08-03T00:00:00Z,136.27
2017-08-02T00:00:00Z,136.08
2017-08-01T00:00:00Z,136.6
2017-07-31T00:00:00Z,135.74
2017-07-28T00:00:00Z,135.94
2017-07-27T00:00:00Z,137.42
2017-07-26T00:00:00Z,137.59
2017-07-25T00:00:00Z,136.94
2017-07-24T00:00:00Z,136.37
2017-07-21T00:00:00Z,136.68
2017-07-20T00:00:00Z,138.15
2017-07-19T00:00:00Z,138.65
2017-07-18T00:00:00Z,137.6
2017-07-17T00:00:00Z,139.2
2017-07-14T00:00:00Z,139.2
2017-07-13T00:00:00Z,139.02
2017-07-12T00:00:00Z,138.6
2017-07-11T00:00:00Z,136.44
2017-07-10T00:00:00Z,137.4
2017-07-07T00:00:00Z,136.91
2017-07-06T00:00:00Z,137.06
2017-07-05T00:00:00Z,137.95
2017-07-04T00:00:00Z,137.75
2017-07-03T00:00:00Z,138.22
2017-06-30T00:00:00Z,136.67
2017-06-29T00:00:00Z,137.23
2017-06-28T00:00:00Z,139.03
2017-06-27T00:00:00Z,139.05
2017-06-26T00:00:00Z,140.09
2017-06-23T00:00:00Z,139.47
2017-06-22T00:00:00Z,139.79
2017-06-21T00:00:00Z,139.79
2017-06-20T00:00:00Z,140.04
2017-06-19T00:00:00Z,141.02
2017-06-16T00:00:00Z,139.75
2017-06-15T00:00:00Z,138.89
2017-06-14T00:00:00Z,139.41
2017-06-13T00:00:00Z,139.93
2017-06-12T00:00:00Z,139.2
2017-06-09T00:00:00Z,140.47
2017-06-08T00:00:00Z,140.05
2017-06-07T00:00:00Z,140.03
2017-06-06T00:00:00Z,140.12
2017-06-05T00:00:00Z,141.07
2017-06-02T00:00:00Z,141.23
2017-06-01T00:00:00Z,140.91
2017-05-31T00:00:00Z,140.41
2017-05-30T00:00:00Z,140.59
2017-05-29T00:00:00Z,140.89
2017-05-26T00:00:00Z,140.91
2017-05-25T00:00:00Z,141.25
2017-05-24T00:00:00Z,141.39
2017-05-23T00:00:00Z,141.33
2017-05-22T00:00:00Z,141.02
2017-05-19T00:00:00Z,141.15
2017-05-18T00:00:00Z,140.35
2017-05-17T00:00:00Z,141.12
2017-05-16T00:00:00Z,142.8
2017-05-15T00:00:00Z,142.75
2017-05-12T00:00:00Z,142.61
2017-05-11T00:00:00Z,142.16
2017-05-10T00:00:00Z,142.86
2017-05-09T00:00:00Z,142.6
2017-05-08T00:00:00Z,141.96
2017-05-05T00:00:00Z,142.24
2017-05-04T00:00:00Z,141.28
2017-05-03T00:00:00Z,140.32
2017-05-02T00:00:00Z,140.33
2017-05-01T00:00:00Z,139.38
2017-04-28T00:00:00Z,139.55
2017-04-27T00:00:00Z,139.79
2017-04-26T00:00:00Z,140.17
2017-04-25T00:00:00Z,139.54
2017-04-24T00:00:00Z,139.24
2017-04-21T00:00:00Z,136.21
2017-04-20T00:00:00Z,136.14
2017-04-19T00:00:00Z,135.8
2017-04-18T00:00:00Z,135.5
2017-04-13T00:00:00Z,137.11
2017-04-12T00:00:00Z,137.63
2017-04-11T00:00:00Z,137.44
2017-04-10T00:00:00Z,137.45
2017-04-07T00:00:00Z,137.55
2017-04-06T00:00:00Z,137.41
2017-04-05T00:00:00Z,137.21
2017-04-04T00:00:00Z,137.25
2017-04-03T00:00:00Z,137.02
2017-03-31T00:00:00Z,137.76
2017-03-30T00:00:00Z,137.53
2017-03-29T00:00:00Z,136.82
2017-03-28T00:00:00Z,136.4
2017-03-27T00:00:00Z,135.56
2017-03-24T00:00:00Z,136.09
2017-03-23T00:00:00Z,136.35
2017-03-22T00:00:00Z,135.22
2017-03-21T00:00:00Z,135.79
2017-03-20T00:00:00Z,136.42
2017-03-17T00:00:00Z,136.66
2017-03-16T00:00:00Z,136.47
2017-03-15T00:00:00Z,135.47
2017-03-14T00:00:00Z,134.88
2017-03-13T00:00:00Z,135.31
2017-03-10T00:00:00Z,134.79
2017-03-09T00:00:00Z,134.71
2017-03-08T00:00:00Z,134.63
2017-03-07T00:00:00Z,134.53
2017-03-06T00:00:00Z,134.9
2017-03-03T00:00:00Z,135.65
2017-03-02T00:00:00Z,135.75
2017-03-01T00:00:00Z,135.81
2017-02-28T00:00:00Z,133.79
2017-02-27T00:00:00Z,133.53
2017-02-24T00:00:00Z,133.71
2017-02-23T00:00:00Z,134.71
2017-02-22T00:00:00Z,134.99
2017-02-21T00:00:00Z,135.03
2017-02-20T00:00:00Z,134.21
2017-02-17T00:00:00Z,133.85
2017-02-16T00:00:00Z,133.99
2017-02-15T00:00:00Z,134.49
2017-02-14T00:00:00Z,133.99
2017-02-13T00:00:00Z,134
2017-02-10T00:00:00Z,132.99
2017-02-09T00:00:00Z,132.81
2017-02-08T00:00:00Z,131.73
2017-02-07T00:00:00Z,131.29
2017-02-06T00:00:00Z,130.95
2017-02-03T00:00:00Z,131.86
2017-02-02T00:00:00Z,131.08
2017-02-01T00:00:00Z,131.62
2017-01-31T00:00:00Z,130.47
2017-01-30T00:00:00Z,131.41
2017-01-27T00:00:00Z,132.79
2017-01-26T00:00:00Z,133.23
2017-01-25T00:00:00Z,132.82
2017-01-24T00:00:00Z,131.01
2017-01-23T00:00:00Z,130.63
2017-01-20T00:00:00Z,131.27
2017-01-19T00:00:00Z,131.35
2017-01-18T00:00:00Z,131.44
2017-01-17T00:00:00Z,131.2
2017-01-16T00:00:00Z,131.41
2017-01-13T00:00:00Z,132.52
2017-01-12T00:00:00Z,131.26
2017-01-11T00:00:00Z,132.12
2017-01-10T00:00:00Z,131.86
2017-01-09T00:00:00Z,131.68
2017-01-06T00:00:00Z,132.33
2017-01-05T00:00:00Z,132.37
2017-01-04T00:00:00Z,132.28
2017-01-03T00:00:00Z,132.44
2017-01-02T00:00:00Z,131.52
2016-12-30T00:00:00Z,130.93
2016-12-29T00:00:00Z,130.48
2016-12-28T00:00:00Z,130.94
2016-12-27T00:00:00Z,130.57
2016-12-23T00:00:00Z,130.39
2016-12-22T00:00:00Z,130.36
2016-12-21T00:00:00Z,130.64
2016-12-20T00:00:00Z,130.91
2016-12-19T00:00:00Z,130.32
2016-12-16T00:00:00Z,130.53
2016-12-15T00:00:00Z,130.07
2016-12-14T00:00:00Z,128.93
2016-12-13T00:00:00Z,129.57
2016-12-12T00:00:00Z,128.17
2016-12-09T00:00:00Z,128.83
2016-12-08T00:00:00Z,127.63
2016-12-07T00:00:00Z,125.99
2016-12-06T00:00:00Z,124.73
2016-12-05T00:00:00Z,123.39
2016-12-02T00:00:00Z,122.69
2016-12-01T00:00:00Z,123.2
2016-11-30T00:00:00Z,123.58
2016-11-29T00:00:00Z,123.19
2016-11-28T00:00:00Z,122.76
2016-11-25T00:00:00Z,123.74
2016-11-24T00:00:00Z,123.52
2016-11-23T00:00:00Z,123.14
2016-11-22T00:00:00Z,123.24
2016-11-21T00:00:00Z,123
2016-11-18T00:00:00Z,122.73
2016-11-17T00:00:00Z,123.18
2016-11-16T00:00:00Z,122.4
2016-11-15T00:00:00Z,122.65
2016-11-14T00:00:00Z,122.27
2016-11-11T00:00:00Z,121.97
2016-11-10T00:00:00Z,122.45
2016-11-09T00:00:00Z,122.74
2016-11-08T00:00:00Z,120.99
2016-11-07T00:00:00Z,120.6
2016-11-04T00:00:00Z,118.73
2016-11-03T00:00:00Z,119.73
2016-11-02T00:00:00Z,119.82
2016-11-01T00:00:00Z,121.23
2016-10-31T00:00:00Z,122.57
2016-10-28T00:00:00Z,123.26
2016-10-27T00:00:00Z,123.6
2016-10-26T00:00:00Z,123.57
2016-10-25T00:00:00Z,124.02
2016-10-24T00:00:00Z,124.43
2016-10-21T00:00:00Z,124.47
2016-10-20T00:00:00Z,124.47
2016-10-19T00:00:00Z,124.19
2016-10-18T00:00:00Z,123.74
2016-10-17T00:00:00Z,121.92
2016-10-14T00:00:00Z,122.81
2016-10-13T00:00:00Z,121.18
2016-10-12T00:00:00Z,122.24
2016-10-11T00:00:00Z,122.81
2016-10-10T00:00:00Z,123.44
2016-10-07T00:00:00Z,122.61
2016-10-06T00:00:00Z,123.71
2016-10-05T00:00:00Z,124.19
2016-10-04T00:00:00Z,124.79
2016-10-03T00:00:00Z,123.77
2016-09-30T00:00:00Z,123.71
2016-09-29T00:00:00Z,123.66
2016-09-28T00:00:00Z,123.58
2016-09-27T00:00:00Z,122.75
2016-09-26T00:00:00Z,122.65
2016-09-23T00:00:00Z,124.6
2016-09-22T00:00:00Z,125.49
2016-09-21T00:00:00Z,123.54
2016-09-20T00:00:00Z,122.99
2016-09-19T00:00:00Z,123.09
2016-09-16T00:00:00Z,121.8
2016-09-15T00:00:00Z,122.74
2016-09-14T00:00:00Z,122.02
2016-09-13T00:00:00Z,122.14
2016-09-12T00:00:00Z,123.43
2016-09-09T00:00:00Z,124.62
2016-09-08T00:00:00Z,125.97
2016-09-07T00:00:00Z,126.42
2016-09-06T00:00:00Z,126.01
2016-09-05T00:00:00Z,126.49
2016-09-02T00:00:00Z,126.45
2016-09-01T00:00:00Z,123.99
2016-08-31T00:00:00Z,124.01
2016-08-30T00:00:00Z,124.4
2016-08-29T00:00:00Z,123.74
2016-08-26T00:00:00Z,123.94
2016-08-25T00:00:00Z,123.35
2016-08-24T00:00:00Z,124.35
2016-08-23T00:00:00Z,123.84
2016-08-22T00:00:00Z,122.72
2016-08-19T00:00:00Z,122.64
2016-08-18T00:00:00Z,123.62
2016-08-17T00:00:00Z,122.78
2016-08-16T00:00:00Z,123.82
2016-08-15T00:00:00Z,124.78
2016-08-12T00:00:00Z,124.78
2016-08-11T00:00:00Z,124.99
2016-08-10T00:00:00Z,124
2016-08-09T00:00:00Z,124.25
2016-08-08T00:00:00Z,123.07
2016-08-05T00:00:00Z,123.01
2016-08-04T00:00:00Z,121.76
2016-08-03T00:00:00Z,120.92
2016-08-02T00:00:00Z,120.81
2016-08-01T00:00:00Z,122.51
2016-07-29T00:00:00Z,123.26
2016-07-28T00:00:00Z,122.26
2016-07-27T00:00:00Z,123.48
2016-07-26T00:00:00Z,123
2016-07-25T00:00:00Z,122.91
2016-07-22T00:00:00Z,122.73
2016-07-21T00:00:00Z,122.78
2016-07-20T00:00:00Z,122.86
2016-07-19T00:00:00Z,121.55
2016-07-18T00:00:00Z,122.07
2016-07-15T00:00:00Z,121.84
2016-07-14T00:00:00Z,121.99
2016-07-13T00:00:00Z,120.99
2016-07-12T00:00:00Z,121.18
2016-07-11T00:00:00Z,119.91
2016-07-08T00:00:00Z,118.05
2016-07-07T00:00:00Z,116.19
2016-07-06T00:00:00Z,115.03
2016-07-05T00:00:00Z,117.02
2016-07-04T00:00:00Z,119
2016-07-01T00:00:00Z,119.84
2016-06-30T00:00:00Z,118.96
2016-06-29T00:00:00Z,117.74
2016-06-28T00:00:00Z,114.23
2016-06-27T00:00:00Z,111.44
2016-06-24T00:00:00Z,115.96
2016-06-23T00:00:00Z,124.61
2016-06-22T00:00:00Z,122.81
2016-06-21T00:00:00Z,122.36
2016-06-20T00:00:00Z,121.49
2016-06-17T00:00:00Z,117.31
2016-06-16T00:00:00Z,115.75
2016-06-15T00:00:00Z,116.52
2016-06-14T00:00:00Z,115.41
2016-06-13T00:00:00Z,117.63
2016-06-10T00:00:00Z,119.84
2016-06-09T00:00:00Z,122.82
2016-06-08T00:00:00Z,124.03
2016-06-07T00:00:00Z,124.66
2016-06-06T00:00:00Z,123.24
2016-06-03T00:00:00Z,122.86
2016-06-02T00:00:00Z,124.04
2016-06-01T00:00:00Z,123.95
2016-05-31T00:00:00Z,125.13
2016-05-30T00:00:00Z,126.12
2016-05-27T00:00:00Z,125.93
2016-05-26T00:00:00Z,125.65
2016-05-25T00:00:00Z,125.48
2016-05-24T00:00:00Z,123.84
2016-05-23T00:00:00Z,121.1
2016-05-20T00:00:00Z,121.64
2016-05-19T00:00:00Z,120.17
2016-05-18T00:00:00Z,121.53
2016-05-17T00:00:00Z,120.5
2016-05-16T00:00:00Z,120.53
2016-05-13T00:00:00Z,120.55
2016-05-12T00:00:00Z,119.91
2016-05-11T00:00:00Z,120.5
2016-05-10T00:00:00Z,121.06
2016-05-09T00:00:00Z,120
2016-05-06T00:00:00Z,119.41
2016-05-05T00:00:00Z,119.81
2016-05-04T00:00:00Z,119.46
2016-05-03T00:00:00Z,120.87
2016-05-02T00:00:00Z,122.98
2016-04-29T00:00:00Z,123.07
2016-04-28T00:00:00Z,125.83
2016-04-27T00:00:00Z,125.55
2016-04-26T00:00:00Z,125.25
2016-04-25T00:00:00Z,125.02
2016-04-22T00:00:00Z,125.76
2016-04-21T00:00:00Z,126.11
2016-04-20T00:00:00Z,126.47
2016-04-19T00:00:00Z,125.83
2016-04-18T00:00:00Z,123.98
2016-04-15T00:00:00Z,123.48
2016-04-14T00:00:00Z,123.89
2016-04-13T00:00:00Z,123.48
2016-04-12T00:00:00Z,120.4
2016-04-11T00:00:00Z,119.75
2016-04-08T00:00:00Z,119.39
2016-04-07T00:00:00Z,118.03
2016-04-06T00:00:00Z,118.93
2016-04-05T00:00:00Z,117.98
2016-04-04T00:00:00Z,120.25
2016-04-01T00:00:00Z,119.74
2016-03-31T00:00:00Z,121.35
2016-03-30T00:00:00Z,122.69
2016-03-29T00:00:00Z,121.13
2016-03-24T00:00:00Z,120.63
2016-03-23T00:00:00Z,122.52
2016-03-22T00:00:00Z,122.62
2016-03-21T00:00:00Z,122.81
2016-03-18T00:00:00Z,123.12
2016-03-17T00:00:00Z,122.79
2016-03-16T00:00:00Z,122.99
2016-03-15T00:00:00Z,123.03
2016-03-14T00:00:00Z,124.4
2016-03-11T00:00:00Z,123.51
2016-03-10T00:00:00Z,120.32
2016-03-09T00:00:00Z,122.31
2016-03-08T00:00:00Z,121.72
2016-03-07T00:00:00Z,122.86
2016-03-04T00:00:00Z,123.22
2016-03-03T00:00:00Z,122.4
2016-03-02T00:00:00Z,122.98
2016-03-01T00:00:00Z,122.06
2016-02-29T00:00:00Z,120.33
2016-02-26T00:00:00Z,119.53
2016-02-25T00:00:00Z,117.66
2016-02-24T00:00:00Z,115.42
2016-02-23T00:00:00Z,118.13
2016-02-22T00:00:00Z,119.61
2016-02-19T00:00:00Z,117.65
2016-02-18T00:00:00Z,118.59
2016-02-17T00:00:00Z,118.63
2016-02-16T00:00:00Z,115.62
2016-02-15T00:00:00Z,116.16
2016-02-12T00:00:00Z,112.84
2016-02-11T00:00:00Z,109.62
2016-02-10T00:00:00Z,113.89
2016-02-09T00:00:00Z,111.81
2016-02-08T00:00:00Z,113.62
2016-02-05T00:00:00Z,117.66
2016-02-04T00:00:00Z,118.54
2016-02-03T00:00:00Z,118.73
2016-02-02T00:00:00Z,120.65
2016-02-01T00:00:00Z,123.25
2016-01-29T00:00:00Z,123.53
2016-01-28T00:00:00Z,120.91
2016-01-27T00:00:00Z,122.9
2016-01-26T00:00:00Z,122.52
2016-01-25T00:00:00Z,121.44
2016-01-22T00:00:00Z,122.3
2016-01-21T00:00:00Z,118.7
2016-01-20T00:00:00Z,116.49
2016-01-19T00:00:00Z,120.27
2016-01-18T00:00:00Z,118.72
2016-01-15T00:00:00Z,119.13
2016-01-14T00:00:00Z,122.54
2016-01-13T00:00:00Z,124.35
2016-01-12T00:00:00Z,123.84
2016-01-11T00:00:00Z,122.68
2016-01-08T00:00:00Z,123.02
2016-01-07T00:00:00Z,124.98
2016-01-06T00:00:00Z,127.75
2016-01-05T00:00:00Z,129.39
2016-01-04T00:00:00Z,128.6
2015-12-31T00:00:00Z,131.97
2015-12-30T00:00:00Z,132.68
2015-12-29T00:00:00Z,133.44
2015-12-28T00:00:00Z,131.55
2015-12-24T00:00:00Z,132.24
2015-12-23T00:00:00Z,132.27
2015-12-22T00:00:00Z,128.8
2015-12-21T00:00:00Z,128.91
2015-12-18T00:00:00Z,130.37
2015-12-17T00:00:00Z,131.72
2015-12-16T00:00:00Z,130.1
2015-12-15T00:00:00Z,129.83
2015-12-14T00:00:00Z,126.2
2015-12-11T00:00:00Z,128.48
2015-12-10T00:00:00Z,131.15
2015-12-09T00:00:00Z,131.55
2015-12-08T00:00:00Z,132.16
2015-12-07T00:00:00Z,134.59
2015-12-04T00:00:00Z,133.93
2015-12-03T00:00:00Z,134.47
2015-12-02T00:00:00Z,138.85
2015-12-01T00:00:00Z,138.93
2015-11-30T00:00:00Z,139.4
2015-11-27T00:00:00Z,138.78
2015-11-26T00:00:00Z,139.05
2015-11-25T00:00:00Z,137.78
2015-11-24T00:00:00Z,135.89
2015-11-23T00:00:00Z,137.56
2015-11-20T00:00:00Z,138.1
2015-11-19T00:00:00Z,137.8
2015-11-18T00:00:00Z,137.17
2015-11-17T00:00:00Z,137.36
2015-11-16T00:00:00Z,133.99
2015-11-13T00:00:00Z,133.61
2015-11-12T00:00:00Z,134.73
2015-11-11T00:00:00Z,136.92
2015-11-10T00:00:00Z,136.07
2015-11-09T00:00:00Z,135.99
2015-11-06T00:00:00Z,137.49
2015-11-05T00:00:00Z,137.04
2015-11-04T00:00:00Z,137.54
2015-11-03T00:00:00Z,136.85
2015-11-02T00:00:00Z,136.26
2015-10-30T00:00:00Z,135.8
2015-10-29T00:00:00Z,135.91
2015-10-28T00:00:00Z,135.99
2015-10-27T00:00:00Z,134.56
2015-10-26T00:00:00Z,136
2015-10-23T00:00:00Z,136.54
2015-10-22T00:00:00Z,133.88
2015-10-21T00:00:00Z,131.18
2015-10-20T00:00:00Z,131.23
2015-10-19T00:00:00Z,131.83
2015-10-16T00:00:00Z,131.45
2015-10-15T00:00:00Z,130.64
2015-10-14T00:00:00Z,128.8
2015-10-13T00:00:00Z,129.81
2015-10-12T00:00:00Z,131.07
2015-10-09T00:00:00Z,131.38
2015-10-08T00:00:00Z,130.87
2015-10-07T00:00:00Z,130.62
2015-10-06T00:00:00Z,130.39
2015-10-05T00:00:00Z,129.61
2015-10-02T00:00:00Z,125.84
2015-10-01T00:00:00Z,125.25
2015-09-30T00:00:00Z,125.83
2015-09-29T00:00:00Z,122.72
2015-09-28T00:00:00Z,123.49
2015-09-25T00:00:00Z,126.23
2015-09-24T00:00:00Z,122.71
2015-09-23T00:00:00Z,125.35
2015-09-22T00:00:00Z,125.29
2015-09-21T00:00:00Z,129.36
2015-09-18T00:00:00Z,128.23
2015-09-17T00:00:00Z,130.66
2015-09-16T00:00:00Z,130.98
2015-09-15T00:00:00Z,129.05
2015-09-14T00:00:00Z,128.01
2015-09-11T00:00:00Z,128.78
2015-09-10T00:00:00Z,130.11
2015-09-09T00:00:00Z,131.72
2015-09-08T00:00:00Z,129.98
2015-09-07T00:00:00Z,128.5
2015-09-04T00:00:00Z,127.91
2015-09-03T00:00:00Z,131.2
2015-09-02T00:00:00Z,128.22
2015-09-01T00:00:00Z,127.89
2015-08-31T00:00:00Z,131.41
2015-08-28T00:00:00Z,131.67
2015-08-27T00:00:00Z,131.32
2015-08-26T00:00:00Z,126.92
2015-08-25T00:00:00Z,129.26
2015-08-24T00:00:00Z,124.08
2015-08-21T00:00:00Z,131.01
2015-08-20T00:00:00Z,135.41
2015-08-19T00:00:00Z,138.22
2015-08-18T00:00:00Z,140.69
2015-08-17T00:00:00Z,140.43
2015-08-14T00:00:00Z,140.03
2015-08-13T00:00:00Z,140.28
2015-08-12T00:00:00Z,139.06
2015-08-11T00:00:00Z,142.89
2015-08-10T00:00:00Z,145.13
2015-08-07T00:00:00Z,144.11
2015-08-06T00:00:00Z,145.42
2015-08-05T00:00:00Z,146.47
2015-08-04T00:00:00Z,144.56
2015-08-03T00:00:00Z,144.83
2015-07-31T00:00:00Z,143.72
2015-07-30T00:00:00Z,143.68
2015-07-29T00:00:00Z,142.83
2015-07-28T00:00:00Z,141.46
2015-07-27T00:00:00Z,140.02
2015-07-24T00:00:00Z,143.15
2015-07-23T00:00:00Z,144.43
2015-07-22T00:00:00Z,145.07
2015-07-21T00:00:00Z,145.97
2015-07-20T00:00:00Z,147.45
2015-07-17T00:00:00Z,147.02
2015-07-16T00:00:00Z,146.97
2015-07-15T00:00:00Z,144.94
2015-07-14T00:00:00Z,144.37
2015-07-13T00:00:00Z,143.67
2015-07-10T00:00:00Z,140.98
2015-07-09T00:00:00Z,138.09
2015-07-08T00:00:00Z,135.07
2015-07-07T00:00:00Z,134.91
2015-07-06T00:00:00Z,137.02
2015-07-03T00:00:00Z,138.75
2015-07-02T00:00:00Z,139.51
2015-07-01T00:00:00Z,140.16
2015-06-30T00:00:00Z,138.05
2015-06-29T00:00:00Z,139.88
2015-06-26T00:00:00Z,143.85
2015-06-25T00:00:00Z,143.68
2015-06-24T00:00:00Z,144.07
2015-06-23T00:00:00Z,144.67
2015-06-22T00:00:00Z,143.07
2015-06-19T00:00:00Z,139.77
2015-06-18T00:00:00Z,139.35
2015-06-17T00:00:00Z,139.13
2015-06-16T00:00:00Z,139.77
2015-06-15T00:00:00Z,138.88
2015-06-12T00:00:00Z,141.17
2015-06-11T00:00:00Z,142.48
2015-06-10T00:00:00Z,141.73
2015-06-09T00:00:00Z,139.22
2015-06-08T00:00:00Z,139.82
2015-06-05T00:00:00Z,141.11
2015-06-04T00:00:00Z,142.47
2015-06-03T00:00:00Z,143.63
2015-06-02T00:00:00Z,143.75
2015-06-01T00:00:00Z,145.2
2015-05-29T00:00:00Z,144.97
2015-05-28T00:00:00Z,147.57
2015-05-27T00:00:00Z,148.34
2015-05-26T00:00:00Z,146.37
2015-05-25T00:00:00Z,147.5
2015-05-22T00:00:00Z,147.96
2015-05-21T00:00:00Z,148
2015-05-20T00:00:00Z,147.51
2015-05-19T00:00:00Z,146.92
2015-05-18T00:00:00Z,144.49
2015-05-15T00:00:00Z,143.91
2015-05-14T00:00:00Z,144.51
2015-05-13T00:00:00Z,143.57
2015-05-12T00:00:00Z,143.87
2015-05-11T00:00:00Z,145.75
2015-05-08T00:00:00Z,145.41
2015-05-07T00:00:00Z,141.44
2015-05-06T00:00:00Z,141.37
2015-05-05T00:00:00Z,142.1
2015-05-04T00:00:00Z,144.35
2015-05-01T00:00:00Z,143.54
2015-04-30T00:00:00Z,143.85
2015-04-29T00:00:00Z,144.41
2015-04-28T00:00:00Z,147.66
2015-04-27T00:00:00Z,149.91
2015-04-24T00:00:00Z,148.37
2015-04-23T00:00:00Z,147.93
2015-04-22T00:00:00Z,148.61
2015-04-21T00:00:00Z,148.67
2015-04-20T00:00:00Z,147.92
2015-04-17T00:00:00Z,146.7
2015-04-16T00:00:00Z,149.39
2015-04-15T00:00:00Z,150.67
2015-04-14T00:00:00Z,149.82
2015-04-13T00:00:00Z,150.6
2015-04-10T00:00:00Z,150.32
2015-04-09T00:00:00Z,148.96
2015-04-08T00:00:00Z,147.32
2015-04-07T00:00:00Z,147.29
2015-04-02T00:00:00Z,144.65
2015-04-01T00:00:00Z,144.92
2015-03-31T00:00:00Z,144.45
2015-03-30T00:00:00Z,145.4
2015-03-27T00:00:00Z,143.82
2015-03-26T00:00:00Z,143.41
2015-03-25T00:00:00Z,144.58
2015-03-24T00:00:00Z,146.23
2015-03-23T00:00:00Z,145.75
2015-03-20T00:00:00Z,146.72
2015-03-19T00:00:00Z,145.5
2015-03-18T00:00:00Z,144.77
2015-03-17T00:00:00Z,144.27
2015-03-16T00:00:00Z,145.28
2015-03-13T00:00:00Z,143.91
2015-03-12T00:00:00Z,143.38
2015-03-11T00:00:00Z,143.42
2015-03-10T00:00:00Z,141.26
2015-03-09T00:00:00Z,142.55
2015-03-06T00:00:00Z,142.89
2015-03-05T00:00:00Z,142.72
2015-03-04T00:00:00Z,141.71
2015-03-03T00:00:00Z,140.61
2015-03-02T00:00:00Z,141.9
2015-02-27T00:00:00Z,142.28
2015-02-26T00:00:00Z,141.73
2015-02-25T00:00:00Z,140.22
2015-02-24T00:00:00Z,140.45
2015-02-23T00:00:00Z,139.7
2015-02-20T00:00:00Z,138.75
2015-02-19T00:00:00Z,138.42
2015-02-18T00:00:00Z,138.05
2015-02-17T00:00:00Z,136.92
2015-02-16T00:00:00Z,136.72
2015-02-13T00:00:00Z,136.89
2015-02-12T00:00:00Z,136.06
2015-02-11T00:00:00Z,135.09
2015-02-10T00:00:00Z,135.47
2015-02-09T00:00:00Z,134.64
2015-02-06T00:00:00Z,135.71
2015-02-05T00:00:00Z,135.46
2015-02-04T00:00:00Z,135.38
2015-02-03T00:00:00Z,134.77
2015-02-02T00:00:00Z,133.76
2015-01-30T00:00:00Z,133.65
2015-01-29T00:00:00Z,134.3
2015-01-28T00:00:00Z,134.36
2015-01-27T00:00:00Z,134.28
2015-01-26T00:00:00Z,135.65
2015-01-23T00:00:00Z,134.92
2015-01-22T00:00:00Z,132.61
2015-01-21T00:00:00Z,130.48
2015-01-20T00:00:00Z,129.64
2015-01-19T00:00:00Z,128.7
2015-01-16T00:00:00Z,128.41
2015-01-15T00:00:00Z,126.97
2015-01-14T00:00:00Z,123.65
2015-01-13T00:00:00Z,125.48
2015-01-12T00:00:00Z,123.63
2015-01-09T00:00:00Z,122.82
2015-01-08T00:00:00Z,124.57
2015-01-07T00:00:00Z,121.16
2015-01-06T00:00:00Z,120.58
2015-01-05T00:00:00Z,121.41
2015-01-02T00:00:00Z,124.18
2014-12-31T00:00:00Z,124.59
2014-12-30T00:00:00Z,124.09
2014-12-29T00:00:00Z,125.35
2014-12-24T00:00:00Z,125.2
2014-12-23T00:00:00Z,125.26
2014-12-22T00:00:00Z,124.46
2014-12-19T00:00:00Z,123.86
2014-12-18T00:00:00Z,123.48
2014-12-17T00:00:00Z,119.92
2014-12-16T00:00:00Z,119.83
2014-12-15T00:00:00Z,117.73
2014-12-12T00:00:00Z,120.44
2014-12-11T00:00:00Z,123.68
2014-12-10T00:00:00Z,123.6
2014-12-09T00:00:00Z,123.98
2014-12-08T00:00:00Z,126.9
2014-12-05T00:00:00Z,127.82
2014-12-04T00:00:00Z,125.55
2014-12-03T00:00:00Z,127.26
2014-12-02T00:00:00Z,126.64
2014-12-01T00:00:00Z,126.07
2014-11-28T00:00:00Z,126.69
2014-11-27T00:00:00Z,126.72
2014-11-26T00:00:00Z,126.31
2014-11-25T00:00:00Z,126.29
2014-11-24T00:00:00Z,126.04
2014-11-21T00:00:00Z,125.85
2014-11-20T00:00:00Z,123.25
2014-11-19T00:00:00Z,123.61
2014-11-18T00:00:00Z,123.66
2014-11-17T00:00:00Z,122.84
2014-11-14T00:00:00Z,122.22
2014-11-13T00:00:00Z,122.29
2014-11-12T00:00:00Z,121.96
2014-11-11T00:00:00Z,123.39
2014-11-10T00:00:00Z,122.93
2014-11-07T00:00:00Z,122.01
2014-11-06T00:00:00Z,122.71
2014-11-05T00:00:00Z,122.39
2014-11-04T00:00:00Z,120.36
2014-11-03T00:00:00Z,121.6
2014-10-31T00:00:00Z,122.59
2014-10-30T00:00:00Z,120.44
2014-10-29T00:00:00Z,119.71
2014-10-28T00:00:00Z,119.57
2014-10-27T00:00:00Z,118.4
2014-10-24T00:00:00Z,119.15
2014-10-23T00:00:00Z,119.56
2014-10-22T00:00:00Z,118.73
2014-10-21T00:00:00Z,117.86
2014-10-20T00:00:00Z,115.47
2014-10-17T00:00:00Z,116.12
2014-10-16T00:00:00Z,112.95
2014-10-15T00:00:00Z,113.47
2014-10-14T00:00:00Z,117.2
2014-10-13T00:00:00Z,117.17
2014-10-10T00:00:00Z,117.13
2014-10-09T00:00:00Z,119.01
2014-10-08T00:00:00Z,119.46
2014-10-07T00:00:00Z,120.48
2014-10-06T00:00:00Z,122.34
2014-10-03T00:00:00Z,122.09
2014-10-02T00:00:00Z,121.02
2014-10-01T00:00:00Z,123.97
2014-09-30T00:00:00Z,125.04
2014-09-29T00:00:00Z,124.29
2014-09-26T00:00:00Z,124.85
2014-09-25T00:00:00Z,124.49
2014-09-24T00:00:00Z,125.6
2014-09-23T00:00:00Z,124.66
2014-09-22T00:00:00Z,126.43
2014-09-19T00:00:00Z,127.08
2014-09-18T00:00:00Z,126.85
2014-09-17T00:00:00Z,125.61
2014-09-16T00:00:00Z,125.02
2014-09-15T00:00:00Z,125.37
2014-09-12T00:00:00Z,125.46
2014-09-11T00:00:00Z,125.52
2014-09-10T00:00:00Z,125.69
2014-09-09T00:00:00Z,125.72
2014-09-08T00:00:00Z,126.19
2014-09-05T00:00:00Z,126.64
2014-09-04T00:00:00Z,127.16
2014-09-03T00:00:00Z,125.59
2014-09-02T00:00:00Z,124.7
2014-09-01T00:00:00Z,124.67
2014-08-29T00:00:00Z,124.35
2014-08-28T00:00:00Z,124.01
2014-08-27T00:00:00Z,124.79
2014-08-26T00:00:00Z,124.71
2014-08-25T00:00:00Z,123.71
2014-08-22T00:00:00Z,122.24
2014-08-21T00:00:00Z,122.65
2014-08-20T00:00:00Z,121.73
2014-08-19T00:00:00Z,121.79
2014-08-18T00:00:00Z,121.03
2014-08-15T00:00:00Z,119.62
2014-08-14T00:00:00Z,120.16
2014-08-13T00:00:00Z,119.84
2014-08-12T00:00:00Z,119.24
2014-08-11T00:00:00Z,119.61
2014-08-08T00:00:00Z,118.07
2014-08-07T00:00:00Z,118.72
2014-08-06T00:00:00Z,119.56
2014-08-05T00:00:00Z,120.62
2014-08-04T00:00:00Z,120.26
2014-08-01T00:00:00Z,120.58
2014-07-31T00:00:00Z,122.06
2014-07-30T00:00:00Z,123.68
2014-07-29T00:00:00Z,124.39
2014-07-28T00:00:00Z,124.01
2014-07-25T00:00:00Z,124.22
2014-07-24T00:00:00Z,125.19
2014-07-23T00:00:00Z,124.69
2014-07-22T00:00:00Z,124.55
2014-07-21T00:00:00Z,122.95
2014-07-18T00:00:00Z,123.63
2014-07-17T00:00:00Z,123.56
2014-07-16T00:00:00Z,124.72
2014-07-15T00:00:00Z,123.08
2014-07-14T00:00:00Z,123.7
2014-07-11T00:00:00Z,122.62
2014-07-10T00:00:00Z,122.44
2014-07-09T00:00:00Z,123.81
2014-07-08T00:00:00Z,123.72
2014-07-07T00:00:00Z,125.44
2014-07-04T00:00:00Z,126.59
2014-07-03T00:00:00Z,127.04
2014-07-02T00:00:00Z,125.9
2014-07-01T00:00:00Z,125.71
2014-06-30T00:00:00Z,124.59
2014-06-27T00:00:00Z,124.58
2014-06-26T00:00:00Z,124.59
2014-06-25T00:00:00Z,124.72
2014-06-24T00:00:00Z,126.01
2014-06-23T00:00:00Z,126.17
2014-06-20T00:00:00Z,126.87
2014-06-19T00:00:00Z,126.94
2014-06-18T00:00:00Z,126.15
2014-06-17T00:00:00Z,126.27
2014-06-16T00:00:00Z,125.95
2014-06-13T00:00:00Z,126.53
2014-06-12T00:00:00Z,126.77
2014-06-11T00:00:00Z,126.72
2014-06-10T00:00:00Z,127.32
2014-06-09T00:00:00Z,126.88
2014-06-06T00:00:00Z,126.45
2014-06-05T00:00:00Z,125.64
2014-06-04T00:00:00Z,125.12
2014-06-03T00:00:00Z,125.11
2014-06-02T00:00:00Z,125.63
2014-05-30T00:00:00Z,125.4
2014-05-29T00:00:00Z,125.5
2014-05-28T00:00:00Z,125.41
2014-05-27T00:00:00Z,125.48
2014-05-26T00:00:00Z,125.24
2014-05-23T00:00:00Z,124.45
2014-05-22T00:00:00Z,124.19
2014-05-21T00:00:00Z,123.99
2014-05-20T00:00:00Z,123.24
2014-05-19T00:00:00Z,123.28
2014-05-16T00:00:00Z,123.56
2014-05-15T00:00:00Z,123.27
2014-05-14T00:00:00Z,124.4
2014-05-13T00:00:00Z,124.46
2014-05-12T00:00:00Z,124.12
2014-05-09T00:00:00Z,123.33
2014-05-08T00:00:00Z,123.75
2014-05-07T00:00:00Z,122.44
2014-05-06T00:00:00Z,122.32
2014-05-05T00:00:00Z,122.64
2014-05-02T00:00:00Z,123
2014-05-01T00:00:00Z,123.4
2014-04-30T00:00:00Z,123.13
2014-04-29T00:00:00Z,123.18
2014-04-28T00:00:00Z,121.72
2014-04-25T00:00:00Z,121.32
2014-04-24T00:00:00Z,122.33
2014-04-23T00:00:00Z,121.88
2014-04-22T00:00:00Z,122.57
2014-04-17T00:00:00Z,120.85
2014-04-16T00:00:00Z,120.28
2014-04-15T00:00:00Z,118.79
2014-04-14T00:00:00Z,119.95
2014-04-11T00:00:00Z,119.5
2014-04-10T00:00:00Z,121.09
2014-04-09T00:00:00Z,121.79
2014-04-08T00:00:00Z,121.46
2014-04-07T00:00:00Z,121.72
2014-04-04T00:00:00Z,123.25
2014-04-03T00:00:00Z,122.63
2014-04-02T00:00:00Z,122.45
2014-04-01T00:00:00Z,122.27
2014-03-31T00:00:00Z,121.54
2014-03-28T00:00:00Z,121.33
2014-03-27T00:00:00Z,120.48
2014-03-26T00:00:00Z,120.24
2014-03-25T00:00:00Z,119.41
2014-03-24T00:00:00Z,117.89
2014-03-21T00:00:00Z,119.19
2014-03-20T00:00:00Z,119.14
2014-03-19T00:00:00Z,119.08
2014-03-18T00:00:00Z,119.22
2014-03-17T00:00:00Z,118.42
2014-03-14T00:00:00Z,117.09
2014-03-13T00:00:00Z,117.89
2014-03-12T00:00:00Z,119.28
2014-03-11T00:00:00Z,120.47
2014-03-10T00:00:00Z,120.47
2014-03-07T00:00:00Z,120.93
2014-03-06T00:00:00Z,122.46
2014-03-05T00:00:00Z,122.34
2014-03-04T00:00:00Z,122.26
2014-03-03T00:00:00Z,119.71
2014-02-28T00:00:00Z,122.57
2014-02-27T00:00:00Z,122.23
2014-02-26T00:00:00Z,122.59
2014-02-25T00:00:00Z,122.82
2014-02-24T00:00:00Z,122.69
2014-02-21T00:00:00Z,121.67
2014-02-20T00:00:00Z,121.18
2014-02-19T00:00:00Z,121.21
2014-02-18T00:00:00Z,121.12
2014-02-17T00:00:00Z,121.14
2014-02-14T00:00:00Z,120.74
2014-02-13T00:00:00Z,120.1
2014-02-12T00:00:00Z,120.18
2014-02-11T00:00:00Z,119.33
2014-02-10T00:00:00Z,117.78
2014-02-07T00:00:00Z,117.7
2014-02-06T00:00:00Z,116.86
2014-02-05T00:00:00Z,115.14
2014-02-04T00:00:00Z,114.93
2014-02-03T00:00:00Z,115.16
2014-01-31T00:00:00Z,116.74
2014-01-30T00:00:00Z,117.07
2014-01-29T00:00:00Z,116.72
2014-01-28T00:00:00Z,117.41
2014-01-27T00:00:00Z,116.68
2014-01-24T00:00:00Z,117.66
2014-01-23T00:00:00Z,120.57
2014-01-22T00:00:00Z,121.72
2014-01-21T00:00:00Z,121.66
2014-01-20T00:00:00Z,121.56
2014-01-17T00:00:00Z,121.64
2014-01-16T00:00:00Z,121.1
2014-01-15T00:00:00Z,121.28
2014-01-14T00:00:00Z,120.02
2014-01-13T00:00:00Z,119.75
2014-01-10T00:00:00Z,119.45
2014-01-09T00:00:00Z,118.91
2014-01-08T00:00:00Z,119.43
2014-01-07T00:00:00Z,119.32
2014-01-06T00:00:00Z,118.38
2014-01-03T00:00:00Z,118.59
2014-01-02T00:00:00Z,117.92
2013-12-31T00:00:00Z,118.89
2013-12-30T00:00:00Z,118.53
2013-12-27T00:00:00Z,118.78
2013-12-24T00:00:00Z,117.45
2013-12-23T00:00:00Z,117.18
2013-12-20T00:00:00Z,116.35
2013-12-19T00:00:00Z,115.72
2013-12-18T00:00:00Z,113.69
2013-12-17T00:00:00Z,112.68
2013-12-16T00:00:00Z,113.56
2013-12-13T00:00:00Z,112.1
2013-12-12T00:00:00Z,112.27
2013-12-11T00:00:00Z,113.37
2013-12-10T00:00:00Z,114
2013-12-09T00:00:00Z,114.84
2013-12-06T00:00:00Z,114.6
2013-12-05T00:00:00Z,113.81
2013-12-04T00:00:00Z,114.88
2013-12-03T00:00:00Z,115.62
2013-12-02T00:00:00Z,117.49
2013-11-29T00:00:00Z,117.85
2013-11-28T00:00:00Z,117.88
2013-11-27T00:00:00Z,117.52
2013-11-26T00:00:00Z,116.87
2013-11-25T00:00:00Z,117.55
2013-11-22T00:00:00Z,117.02
2013-11-21T00:00:00Z,116.8
2013-11-20T00:00:00Z,116.95
2013-11-19T00:00:00Z,116.9
2013-11-18T00:00:00Z,117.72
2013-11-15T00:00:00Z,117.11
2013-11-14T00:00:00Z,116.88
2013-11-13T00:00:00Z,115.87
2013-11-12T00:00:00Z,116.49
2013-11-11T00:00:00Z,117.19
2013-11-08T00:00:00Z,116.82
2013-11-07T00:00:00Z,117.04
2013-11-06T00:00:00Z,117.07
2013-11-05T00:00:00Z,116.52
2013-11-04T00:00:00Z,116.86
2013-11-01T00:00:00Z,116.62
2013-10-31T00:00:00Z,116.98
2013-10-30T00:00:00Z,116.43
2013-10-29T00:00:00Z,116.54
2013-10-28T00:00:00Z,116.15
2013-10-25T00:00:00Z,116.37
2013-10-24T00:00:00Z,116.47
2013-10-23T00:00:00Z,115.9
2013-10-22T00:00:00Z,116.59
2013-10-21T00:00:00Z,115.96
2013-10-18T00:00:00Z,115.65
2013-10-17T00:00:00Z,114.77
2013-10-16T00:00:00Z,114.59
2013-10-15T00:00:00Z,114.24
2013-10-14T00:00:00Z,113.27
2013-10-11T00:00:00Z,113.08
2013-10-10T00:00:00Z,112.65
2013-10-09T00:00:00Z,110.66
2013-10-08T00:00:00Z,111.23
2013-10-07T00:00:00Z,112.05
2013-10-04T00:00:00Z,112.36
2013-10-03T00:00:00Z,112.19
2013-10-02T00:00:00Z,112.67
2013-10-01T00:00:00Z,113.43
2013-09-30T00:00:00Z,112.46
2013-09-27T00:00:00Z,113.14
2013-09-26T00:00:00Z,113.4
2013-09-25T00:00:00Z,113.43
2013-09-24T00:00:00Z,113.51
2013-09-23T00:00:00Z,113.3
2013-09-20T00:00:00Z,113.91
2013-09-19T00:00:00Z,114.19
2013-09-18T00:00:00Z,113.46
2013-09-17T00:00:00Z,112.97
2013-09-16T00:00:00Z,113.43
2013-09-13T00:00:00Z,112.68
2013-09-12T00:00:00Z,112.45
2013-09-11T00:00:00Z,112.47
2013-09-10T00:00:00Z,112.1
2013-09-09T00:00:00Z,110.56
2013-09-06T00:00:00Z,110.7
2013-09-05T00:00:00Z,110.12
2013-09-04T00:00:00Z,109.36
2013-09-03T00:00:00Z,109.15
2013-09-02T00:00:00Z,109.42
2013-08-30T00:00:00Z,107.42
2013-08-29T00:00:00Z,108.55
2013-08-28T00:00:00Z,107.97
2013-08-27T00:00:00Z,108.36
2013-08-26T00:00:00Z,110.38
2013-08-23T00:00:00Z,110.47
2013-08-22T00:00:00Z,110.04
2013-08-21T00:00:00Z,108.87
2013-08-20T00:00:00Z,109.55
2013-08-19T00:00:00Z,110.43
2013-08-16T00:00:00Z,111.09
2013-08-15T00:00:00Z,110.69
2013-08-14T00:00:00Z,111.84
2013-08-13T00:00:00Z,111.58
2013-08-12T00:00:00Z,110.97
2013-08-09T00:00:00Z,110.83
2013-08-08T00:00:00Z,110.18
2013-08-07T00:00:00Z,109.65
2013-08-06T00:00:00Z,109.91
2013-08-05T00:00:00Z,110.31
2013-08-02T00:00:00Z,110.23
2013-08-01T00:00:00Z,109.93
2013-07-31T00:00:00Z,108.67
2013-07-30T00:00:00Z,108.53
2013-07-29T00:00:00Z,108.17
2013-07-26T00:00:00Z,108.08
2013-07-25T00:00:00Z,108.29
2013-07-24T00:00:00Z,108.96
2013-07-23T00:00:00Z,108.29
2013-07-22T00:00:00Z,108.56
2013-07-19T00:00:00Z,108.35
2013-07-18T00:00:00Z,108.32
2013-07-17T00:00:00Z,107.33
2013-07-16T00:00:00Z,106.7
2013-07-15T00:00:00Z,107.39
2013-07-12T00:00:00Z,107.01
2013-07-11T00:00:00Z,107.22
2013-07-10T00:00:00Z,106.52
2013-07-09T00:00:00Z,106.42
2013-07-08T00:00:00Z,105.67
2013-07-05T00:00:00Z,104.11
2013-07-04T00:00:00Z,105.53
2013-07-03T00:00:00Z,103.04
2013-07-02T00:00:00Z,103.74
2013-07-01T00:00:00Z,104.18
2013-06-28T00:00:00Z,102.99
2013-06-27T00:00:00Z,103.5
2013-06-26T00:00:00Z,102.8
2013-06-25T00:00:00Z,101
2013-06-24T00:00:00Z,99.58
2013-06-21T00:00:00Z,101.33
2013-06-20T00:00:00Z,102.51
2013-06-19T00:00:00Z,105.77
2013-06-18T00:00:00Z,106.04
2013-06-17T00:00:00Z,106.13
2013-06-14T00:00:00Z,105.33
2013-06-13T00:00:00Z,105.16
2013-06-12T00:00:00Z,105.2
2013-06-11T00:00:00Z,105.48
2013-06-10T00:00:00Z,106.74
2013-06-07T00:00:00Z,106.83
2013-06-06T00:00:00Z,105.4
2013-06-05T00:00:00Z,106.67
2013-06-04T00:00:00Z,108.36
2013-06-03T00:00:00Z,108.01
2013-05-31T00:00:00Z,108.84
2013-05-30T00:00:00Z,109.89
2013-05-29T00:00:00Z,109.52
2013-05-28T00:00:00Z,111.6
2013-05-27T00:00:00Z,110.2
2013-05-24T00:00:00Z,109.75
2013-05-23T00:00:00Z,110.04
2013-05-22T00:00:00Z,112.47
2013-05-21T00:00:00Z,112.21
2013-05-20T00:00:00Z,112.13
2013-05-17T00:00:00Z,111.76
2013-05-16T00:00:00Z,111.48
2013-05-15T00:00:00Z,111.57
2013-05-14T00:00:00Z,110.78
2013-05-13T00:00:00Z,110.31
2013-05-10T00:00:00Z,110.51
2013-05-09T00:00:00Z,110.01
2013-05-08T00:00:00Z,110.06
2013-05-07T00:00:00Z,109.29
2013-05-06T00:00:00Z,108.96
2013-05-03T00:00:00Z,109.03
2013-05-02T00:00:00Z,107.87
2013-05-01T00:00:00Z,107.51
2013-04-30T00:00:00Z,107.4
2013-04-29T00:00:00Z,107.69
2013-04-26T00:00:00Z,107.09
2013-04-25T00:00:00Z,107.43
2013-04-24T00:00:00Z,106.65
2013-04-23T00:00:00Z,105.8
2013-04-22T00:00:00Z,103.2
2013-04-19T00:00:00Z,103.02
2013-04-18T00:00:00Z,102.44
2013-04-17T00:00:00Z,102.51
2013-04-16T00:00:00Z,104.3
2013-04-15T00:00:00Z,105.11
2013-04-12T00:00:00Z,105.79
2013-04-11T00:00:00Z,106.78
2013-04-10T00:00:00Z,106.17
2013-04-09T00:00:00Z,104.25
2013-04-08T00:00:00Z,104.1
2013-04-05T00:00:00Z,103.95
2013-04-04T00:00:00Z,105.56
2013-04-03T00:00:00Z,106.59
2013-04-02T00:00:00Z,107.6
2013-03-28T00:00:00Z,106.21
2013-03-27T00:00:00Z,105.78
2013-03-26T00:00:00Z,106.32
2013-03-25T00:00:00Z,106.21
2013-03-22T00:00:00Z,106.64
2013-03-21T00:00:00Z,106.82
2013-03-20T00:00:00Z,107.67
2013-03-19T00:00:00Z,107.19
2013-03-18T00:00:00Z,107.76
2013-03-15T00:00:00Z,108.11
2013-03-14T00:00:00Z,108.52
2013-03-13T00:00:00Z,107.28
2013-03-12T00:00:00Z,107.34
2013-03-11T00:00:00Z,107.31
2013-03-08T00:00:00Z,107.44
2013-03-07T00:00:00Z,106.51
2013-03-06T00:00:00Z,106.52
2013-03-05T00:00:00Z,106.92
2013-03-04T00:00:00Z,104.92
2013-03-01T00:00:00Z,104.93
2013-02-28T00:00:00Z,105.36
2013-02-27T00:00:00Z,104.38
2013-02-26T00:00:00Z,103.4
2013-02-25T00:00:00Z,104.99
2013-02-22T00:00:00Z,104.95
2013-02-21T00:00:00Z,103.56
2013-02-20T00:00:00Z,105.16
2013-02-19T00:00:00Z,105.49
2013-02-18T00:00:00Z,104.21
2013-02-15T00:00:00Z,104.37
2013-02-14T00:00:00Z,104.6
2013-02-13T00:00:00Z,104.81
2013-02-12T00:00:00Z,104.31
2013-02-11T00:00:00Z,103.78
2013-02-08T00:00:00Z,104.38
2013-02-07T00:00:00Z,103.15
2013-02-06T00:00:00Z,103.5
2013-02-05T00:00:00Z,103.93
2013-02-04T00:00:00Z,103.28
2013-02-01T00:00:00Z,105.05
2013-01-31T00:00:00Z,104.71
2013-01-30T00:00:00Z,105.28
2013-01-29T00:00:00Z,105.93
2013-01-28T00:00:00Z,105.56
2013-01-25T00:00:00Z,105.7
2013-01-24T00:00:00Z,105.31
2013-01-23T00:00:00Z,105.1
2013-01-22T00:00:00Z,104.98
2013-01-21T00:00:00Z,105.04
2013-01-18T00:00:00Z,104.72
2013-01-17T00:00:00Z,104.89
2013-01-16T00:00:00Z,104.37
2013-01-15T00:00:00Z,104.33
2013-01-14T00:00:00Z,104.36
2013-01-11T00:00:00Z,104.71
2013-01-10T00:00:00Z,104.76
2013-01-09T00:00:00Z,104.95
2013-01-08T00:00:00Z,104.25
2013-01-07T00:00:00Z,104.48
2013-01-04T00:00:00Z,104.94
2013-01-03T00:00:00Z,104.61
2013-01-02T00:00:00Z,104.13
2012-12-31T00:00:00Z,102.01
2012-12-28T00:00:00Z,101.71
2012-12-27T00:00:00Z,102.44
2012-12-24T00:00:00Z,102.36
2012-12-21T00:00:00Z,102.51
2012-12-20T00:00:00Z,102.78
2012-12-19T00:00:00Z,102.72
2012-12-18T00:00:00Z,102.34
2012-12-17T00:00:00Z,101.84
2012-12-14T00:00:00Z,101.87
2012-12-13T00:00:00Z,101.93
2012-12-12T00:00:00Z,102.29
2012-12-11T00:00:00Z,102.21
2012-12-10T00:00:00Z,101.76
2012-12-07T00:00:00Z,101.61
2012-12-06T00:00:00Z,101.54
2012-12-05T00:00:00Z,100.84
2012-12-04T00:00:00Z,100.58
2012-12-03T00:00:00Z,100.45
2012-11-30T00:00:00Z,100.3
2012-11-29T00:00:00Z,100.51
2012-11-28T00:00:00Z,99.3
2012-11-27T00:00:00Z,99.19
2012-11-26T00:00:00Z,98.94
2012-11-23T00:00:00Z,99.38
2012-11-22T00:00:00Z,98.75
2012-11-21T00:00:00Z,98.13
2012-11-20T00:00:00Z,97.81
2012-11-19T00:00:00Z,97.52
2012-11-16T00:00:00Z,95.4
2012-11-15T00:00:00Z,96.43
2012-11-14T00:00:00Z,97.33
2012-11-13T00:00:00Z,98.22
2012-11-12T00:00:00Z,97.75
2012-11-09T00:00:00Z,98.04
2012-11-08T00:00:00Z,98.13
2012-11-07T00:00:00Z,98.25
2012-11-06T00:00:00Z,99.66
2012-11-05T00:00:00Z,99.1
2012-11-02T00:00:00Z,99.71
2012-11-01T00:00:00Z,99.25
2012-10-31T00:00:00Z,98.07
2012-10-30T00:00:00Z,98.65
2012-10-29T00:00:00Z,97.83
2012-10-26T00:00:00Z,98.22
2012-10-25T00:00:00Z,98.02
2012-10-24T00:00:00Z,97.89
2012-10-23T00:00:00Z,97.49
2012-10-22T00:00:00Z,99.2
2012-10-19T00:00:00Z,99.57
2012-10-18T00:00:00Z,100.38
2012-10-17T00:00:00Z,100.19
2012-10-16T00:00:00Z,99.68
2012-10-15T00:00:00Z,98.3
2012-10-12T00:00:00Z,97.77
2012-10-11T00:00:00Z,98.27
2012-10-10T00:00:00Z,97.49
2012-10-09T00:00:00Z,98.07
2012-10-08T00:00:00Z,98.59
2012-10-05T00:00:00Z,99.6
2012-10-04T00:00:00Z,98.5
2012-10-03T00:00:00Z,98.53
2012-10-02T00:00:00Z,98.64
2012-10-01T00:00:00Z,98.91
2012-09-28T00:00:00Z,97.45
2012-09-27T00:00:00Z,98.77
2012-09-26T00:00:00Z,98.46
2012-09-25T00:00:00Z,100.42
2012-09-24T00:00:00Z,100
