Date,STOXX Europe Leaders NE
09-10-2019,1914.71
08-10-2019,1905.73
07-10-2019,1926.61
04-10-2019,1913.44
03-10-2019,1901.15
02-10-2019,1906.57
01-10-2019,1956.63
30-09-2019,1975.73
27-09-2019,1965.43
26-09-2019,1957.22
25-09-2019,1946.15
24-09-2019,1951.29
23-09-2019,1958.98
20-09-2019,1980.12
19-09-2019,1972.53
18-09-2019,1955.31
17-09-2019,1953.38
16-09-2019,1961.94
13-09-2019,1974.33
12-09-2019,1960
11-09-2019,1954.07
10-09-2019,1944.52
09-09-2019,1921.23
06-09-2019,1905.72
05-09-2019,1905.13
04-09-2019,1878.32
03-09-2019,1858.73
02-09-2019,1868.94
30-08-2019,1863.73
29-08-2019,1856.5
28-08-2019,1838.12
27-08-2019,1841.7
26-08-2019,1834.53
23-08-2019,1826.13
22-08-2019,1849.49
21-08-2019,1847.63
20-08-2019,1829.47
19-08-2019,1851.47
16-08-2019,1828.41
15-08-2019,1798.29
14-08-2019,1808.34
13-08-2019,1844.13
12-08-2019,1826.68
09-08-2019,1835.45
08-08-2019,1859.98
07-08-2019,1831.85
06-08-2019,1830.71
05-08-2019,1838.54
02-08-2019,1862.38
01-08-2019,1908.42
31-07-2019,1896.8
30-07-2019,1897.48
29-07-2019,1936.42
26-07-2019,1932.5
25-07-2019,1939.76
24-07-2019,1951.4
23-07-2019,1950.13
22-07-2019,1924.77
19-07-2019,1924.49
18-07-2019,1928.68
17-07-2019,1938.22
16-07-2019,1949.85
15-07-2019,1943.25
12-07-2019,1938.08
11-07-2019,1934.61
10-07-2019,1933.87
09-07-2019,1937.09
08-07-2019,1944.76
05-07-2019,1960.26
04-07-2019,1962.19
03-07-2019,1952.21
02-07-2019,1933.9
01-07-2019,1929
28-06-2019,1916.94
27-06-2019,1904.56
26-06-2019,1902.78
25-06-2019,1901.87
24-06-2019,1909.59
21-06-2019,1924.56
20-06-2019,1924.13
19-06-2019,1932.75
18-06-2019,1926.93
17-06-2019,1894.06
14-06-2019,1893.55
13-06-2019,1902.57
12-06-2019,1899.58
11-06-2019,1913.28
10-06-2019,1899.7
07-06-2019,1890.26
06-06-2019,1872.07
05-06-2019,1886.66
04-06-2019,1888.85
03-06-2019,1859.92
31-05-2019,1860.86
30-05-2019,1876.96
29-05-2019,1872.54
28-05-2019,1894.93
27-05-2019,1902.65
24-05-2019,1895.37
23-05-2019,1879.94
22-05-2019,1920.05
21-05-2019,1935
20-05-2019,1922.44
17-05-2019,1952.93
16-05-2019,1962.13
15-05-2019,1936.61
14-05-2019,1932.95
13-05-2019,1913.94
10-05-2019,1945.88
09-05-2019,1944.54
08-05-2019,1981.41
07-05-2019,1984.99
06-05-2019,2011.08
03-05-2019,2035.26
02-05-2019,2035.9
01-05-2019,2045.32
30-04-2019,2045.32
29-04-2019,2051.43
26-04-2019,2048.08
25-04-2019,2040.69
24-04-2019,2044.1
23-04-2019,2063.98
18-04-2019,2076.79
17-04-2019,2069.72
16-04-2019,2059.62
15-04-2019,2052.8
12-04-2019,2044.18
11-04-2019,2031.16
10-04-2019,2016.19
09-04-2019,2015.24
08-04-2019,2025.83
05-04-2019,2031.31
04-04-2019,2035.29
03-04-2019,2029.8
02-04-2019,2004.82
01-04-2019,1994.66
29-03-2019,1962.78
28-03-2019,1951.25
27-03-2019,1962.06
26-03-2019,1954.2
25-03-2019,1949.77
22-03-2019,1955.07
21-03-2019,1991.27
20-03-2019,1995.39
19-03-2019,2018.18
18-03-2019,2008.65
15-03-2019,1991.72
14-03-2019,1970.4
13-03-2019,1949.14
12-03-2019,1938.16
11-03-2019,1938.16
08-03-2019,1926.14
07-03-2019,1935.29
06-03-2019,1949.05
05-03-2019,1950.94
04-03-2019,1951.11
01-03-2019,1949.79
28-02-2019,1945.79
27-02-2019,1933.89
26-02-2019,1929.96
25-02-2019,1923.37
22-02-2019,1917.24
21-02-2019,1918.59
20-02-2019,1917.63
19-02-2019,1908.87
18-02-2019,1908.73
15-02-2019,1902.62
14-02-2019,1879.79
13-02-2019,1892
12-02-2019,1891.42
11-02-2019,1883.67
08-02-2019,1869.97
07-02-2019,1883.02
06-02-2019,1907.74
05-02-2019,1901.83
04-02-2019,1880.26
01-02-2019,1881.11
31-01-2019,1876.91
30-01-2019,1892.29
29-01-2019,1891.93
28-01-2019,1887.27
25-01-2019,1895.35
24-01-2019,1883.4
23-01-2019,1875.15
22-01-2019,1871.81
21-01-2019,1878.99
18-01-2019,1884.17
17-01-2019,1854.7
16-01-2019,1857.28
15-01-2019,1840.43
14-01-2019,1841.56
11-01-2019,1844.56
10-01-2019,1842.48
09-01-2019,1837.55
08-01-2019,1830.22
07-01-2019,1822.45
04-01-2019,1828.43
03-01-2019,1784.68
02-01-2019,1789.64
31-12-2018,1795.71
28-12-2018,1787.21
27-12-2018,1757.89
24-12-2018,1784.01
21-12-2018,1795.54
20-12-2018,1800.9
19-12-2018,1826.6
18-12-2018,1812.56
17-12-2018,1827.04
14-12-2018,1849.97
13-12-2018,1851.45
12-12-2018,1851.33
11-12-2018,1822.8
10-12-2018,1805.33
07-12-2018,1837.55
06-12-2018,1831.1
05-12-2018,1884.34
04-12-2018,1904.87
03-12-2018,1920.01
30-11-2018,1905.5
29-11-2018,1907.86
28-11-2018,1910.95
27-11-2018,1915
26-11-2018,1914.73
23-11-2018,1884.6
22-11-2018,1879.32
21-11-2018,1897.06
20-11-2018,1882.12
19-11-2018,1912.39
16-11-2018,1922.12
15-11-2018,1921.14
14-11-2018,1937.83
13-11-2018,1945.45
12-11-2018,1933.58
09-11-2018,1947.69
08-11-2018,1945.03
07-11-2018,1938.49
06-11-2018,1912.65
05-11-2018,1912.04
02-11-2018,1908.51
01-11-2018,1901.61
31-10-2018,1902.92
30-10-2018,1892.76
29-10-2018,1893.19
26-10-2018,1873.06
25-10-2018,1890.4
24-10-2018,1869.62
23-10-2018,1878.46
22-10-2018,1901.84
19-10-2018,1913.07
18-10-2018,1905.6
17-10-2018,1913.4
16-10-2018,1919.06
15-10-2018,1893.35
12-10-2018,1886.78
11-10-2018,1896.34
10-10-2018,1940.21
09-10-2018,1947.99
08-10-2018,1943.85
05-10-2018,1964.9
04-10-2018,1974.13
03-10-2018,1981.42
02-10-2018,1970.49
01-10-2018,1972.6
28-09-2018,1978.76
27-09-2018,2015.6
26-09-2018,2010.48
25-09-2018,2010.83
24-09-2018,2001.34
21-09-2018,2005.96
20-09-2018,1996.22
19-09-2018,1980.9
18-09-2018,1975.11
17-09-2018,1970.58
14-09-2018,1962.15
13-09-2018,1958.39
12-09-2018,1964.94
11-09-2018,1957.43
10-09-2018,1958.87
07-09-2018,1944.69
06-09-2018,1945.17
05-09-2018,1952.55
04-09-2018,1964.65
03-09-2018,1968.1
31-08-2018,1964.7
30-08-2018,1980.2
29-08-2018,1997.3
28-08-2018,1994.03
27-08-2018,1996.21
24-08-2018,1982.85
23-08-2018,1986.77
22-08-2018,1988.96
21-08-2018,1984.96
20-08-2018,1971.71
17-08-2018,1968.51
16-08-2018,1968.56
15-08-2018,1967.57
14-08-2018,1986.08
13-08-2018,1995.03
10-08-2018,1998.81
09-08-2018,2035.1
08-08-2018,2036.31
07-08-2018,2043.4
06-08-2018,2034.26
03-08-2018,2036.59
02-08-2018,2026.07
01-08-2018,2043.98
31-07-2018,2054.31
30-07-2018,2043.77
27-07-2018,2039.9
26-07-2018,2022.68
25-07-2018,2002.91
24-07-2018,2016.48
23-07-2018,2004.62
20-07-2018,2005.26
19-07-2018,2012.94
18-07-2018,2018.38
17-07-2018,2013.88
16-07-2018,2004.62
13-07-2018,2002.16
12-07-2018,2000.36
11-07-2018,1995.77
10-07-2018,2019.17
09-07-2018,2016.33
06-07-2018,2004.49
05-07-2018,2001.99
04-07-2018,1984.98
03-07-2018,1977.45
02-07-2018,1957.48
29-06-2018,1969.55
28-06-2018,1958.2
27-06-2018,1963.47
26-06-2018,1954.52
25-06-2018,1958.99
22-06-2018,1989.51
21-06-2018,1968.69
20-06-2018,1990.74
19-06-2018,1991.6
18-06-2018,1999.1
15-06-2018,2014.58
14-06-2018,2031.89
13-06-2018,2012.66
12-06-2018,2017.68
11-06-2018,2018.53
08-06-2018,1999.89
07-06-2018,2010.61
06-06-2018,2011.13
05-06-2018,2012.84
04-06-2018,2028.07
01-06-2018,2016.33
31-05-2018,1996.65
30-05-2018,2010.23
29-05-2018,2003.17
28-05-2018,2046.21
25-05-2018,2061.81
24-05-2018,2068.63
23-05-2018,2086.59
22-05-2018,2110.27
21-05-2018,2100.97
18-05-2018,2111.8
17-05-2018,2120.01
16-05-2018,2109.65
15-05-2018,2126.66
14-05-2018,2124.72
11-05-2018,2114.59
10-05-2018,2106.1
09-05-2018,2112.04
08-05-2018,2105.71
07-05-2018,2111.04
04-05-2018,2104.66
03-05-2018,2101.4
02-05-2018,2119.2
01-05-2018,2117.63
30-04-2018,2117.63
27-04-2018,2110.33
26-04-2018,2109.2
25-04-2018,2099.84
24-04-2018,2112.21
23-04-2018,2111.69
20-04-2018,2099.13
19-04-2018,2090.37
18-04-2018,2083.62
17-04-2018,2077.14
16-04-2018,2058.31
13-04-2018,2059.99
12-04-2018,2051.89
11-04-2018,2039.19
10-04-2018,2049.3
09-04-2018,2043.9
06-04-2018,2037.44
05-04-2018,2043.79
04-04-2018,2003.56
03-04-2018,2004.08
29-03-2018,2012.22
28-03-2018,2006.91
27-03-2018,1985.42
26-03-2018,1965.04
23-03-2018,1975.02
22-03-2018,1998.5
21-03-2018,2026.74
20-03-2018,2030.84
19-03-2018,2023
16-03-2018,2048.83
15-03-2018,2042.34
14-03-2018,2035.46
13-03-2018,2050.22
12-03-2018,2067.55
09-03-2018,2064.13
08-03-2018,2063.93
07-03-2018,2050.91
06-03-2018,2039.7
05-03-2018,2028.77
02-03-2018,2025
01-03-2018,2064.51
28-02-2018,2084.5
27-02-2018,2094.07
26-02-2018,2102.02
23-02-2018,2095
22-02-2018,2081.58
21-02-2018,2080.4
20-02-2018,2081.47
19-02-2018,2073.13
16-02-2018,2081.06
15-02-2018,2060.09
14-02-2018,2049.91
13-02-2018,2030.02
12-02-2018,2042.76
09-02-2018,2020.73
08-02-2018,2040.82
07-02-2018,2072.01
06-02-2018,2036.88
05-02-2018,2092.61
02-02-2018,2120.24
01-02-2018,2142.84
31-01-2018,2148.33
30-01-2018,2148.68
29-01-2018,2172.16
26-01-2018,2174.47
25-01-2018,2168.26
24-01-2018,2175.11
23-01-2018,2182.31
22-01-2018,2181.07
19-01-2018,2175.26
18-01-2018,2161.35
17-01-2018,2157.75
16-01-2018,2165.36
15-01-2018,2157.18
12-01-2018,2166.18
11-01-2018,2153.77
10-01-2018,2157.12
09-01-2018,2164.35
08-01-2018,2156.83
05-01-2018,2154.02
04-01-2018,2136.38
03-01-2018,2106.22
02-01-2018,2097.45
29-12-2017,2100.02
28-12-2017,2111.11
27-12-2017,2116.35
22-12-2017,2115.16
21-12-2017,2121.42
20-12-2017,2116.73
19-12-2017,2135.63
18-12-2017,2146.6
15-12-2017,2128.7
14-12-2017,2124.83
13-12-2017,2137.97
12-12-2017,2146.32
11-12-2017,2143.93
08-12-2017,2147.56
07-12-2017,2143.45
06-12-2017,2142
05-12-2017,2147.18
04-12-2017,2150.53
01-12-2017,2122.83
30-11-2017,2143.44
29-11-2017,2146.91
28-11-2017,2132.52
27-11-2017,2119.87
24-11-2017,2129.74
23-11-2017,2126.45
22-11-2017,2125.33
21-11-2017,2127.2
20-11-2017,2122.55
17-11-2017,2118.7
16-11-2017,2128.91
15-11-2017,2124.09
14-11-2017,2134.06
13-11-2017,2144.75
10-11-2017,2156.25
09-11-2017,2164.85
08-11-2017,2181.57
07-11-2017,2172.9
06-11-2017,2174.22
03-11-2017,2180.04
02-11-2017,2190.13
01-11-2017,2187.25
31-10-2017,2175.73
30-10-2017,2177.09
27-10-2017,2172.03
26-10-2017,2165.16
25-10-2017,2130.69
24-10-2017,2145.03
23-10-2017,2142.73
20-10-2017,2147.18
19-10-2017,2143.99
18-10-2017,2146.41
17-10-2017,2141.67
16-10-2017,2141.44
13-10-2017,2141.18
12-10-2017,2147.15
11-10-2017,2146.45
10-10-2017,2139.87
09-10-2017,2141.82
06-10-2017,2140.78
05-10-2017,2149.33
04-10-2017,2133.92
03-10-2017,2148.78
02-10-2017,2139.35
29-09-2017,2135.02
28-09-2017,2119.46
27-09-2017,2112.16
26-09-2017,2101.75
25-09-2017,2100.91
22-09-2017,2101.54
21-09-2017,2103.28
20-09-2017,2105.5
19-09-2017,2105.58
18-09-2017,2100.35
15-09-2017,2094.1
14-09-2017,2100.67
13-09-2017,2102
12-09-2017,2097.64
11-09-2017,2092.73
08-09-2017,2060
07-09-2017,2056.62
06-09-2017,2052.64
05-09-2017,2049.71
04-09-2017,2055.39
01-09-2017,2059.59
31-08-2017,2051.46
30-08-2017,2042.59
29-08-2017,2031.3
28-08-2017,2051.24
25-08-2017,2062.39
24-08-2017,2068.3
23-08-2017,2065.71
22-08-2017,2074.39
21-08-2017,2060.74
18-08-2017,2072.9
17-08-2017,2076.72
16-08-2017,2089.04
15-08-2017,2073.4
14-08-2017,2068.93
11-08-2017,2042.87
10-08-2017,2064.9
09-08-2017,2083.49
08-08-2017,2103.81
07-08-2017,2099.86
04-08-2017,2098.96
03-08-2017,2081.71
02-08-2017,2075.03
01-08-2017,2073.52
31-07-2017,2053.16
28-07-2017,2057.97
27-07-2017,2074.73
26-07-2017,2080.54
25-07-2017,2066.33
24-07-2017,2055.33
21-07-2017,2059.11
20-07-2017,2084.49
19-07-2017,2085.91
18-07-2017,2077.85
17-07-2017,2093.32
14-07-2017,2089.85
13-07-2017,2090.37
12-07-2017,2074.63
11-07-2017,2047.89
10-07-2017,2052.9
07-07-2017,2042.68
06-07-2017,2044.47
05-07-2017,2048.59
04-07-2017,2050.83
03-07-2017,2051.96
30-06-2017,2025.14
29-06-2017,2040.95
28-06-2017,2064.98
27-06-2017,2063.98
26-06-2017,2079.76
23-06-2017,2072.54
22-06-2017,2073.85
21-06-2017,2082.9
20-06-2017,2085.8
19-06-2017,2099.25
16-06-2017,2083.21
15-06-2017,2077.25
14-06-2017,2100.36
13-06-2017,2106.23
12-06-2017,2100.13
09-06-2017,2121.13
08-06-2017,2106.67
07-06-2017,2101.33
06-06-2017,2101.47
05-06-2017,2107.37
02-06-2017,2122.1
01-06-2017,2112.7
31-05-2017,2099.47
30-05-2017,2100.29
29-05-2017,2106.57
26-05-2017,2106.79
25-05-2017,2107.72
24-05-2017,2107.22
23-05-2017,2108.64
22-05-2017,2100.3
19-05-2017,2101.32
18-05-2017,2079.36
17-05-2017,2098.19
16-05-2017,2130.56
15-05-2017,2124.09
12-05-2017,2123.24
11-05-2017,2115.84
10-05-2017,2132.57
09-05-2017,2136.82
08-05-2017,2139.61
05-05-2017,2146.65
04-05-2017,2133.34
03-05-2017,2113.79
02-05-2017,2109.27
01-05-2017,2094.87
28-04-2017,2094.87
27-04-2017,2096.64
26-04-2017,2110.97
25-04-2017,2110.37
24-04-2017,2109.15
21-04-2017,2031.76
20-04-2017,2033.12
19-04-2017,2020.38
18-04-2017,2016.69
13-04-2017,2042.02
12-04-2017,2053.81
11-04-2017,2054.8
10-04-2017,2055.77
07-04-2017,2061.46
06-04-2017,2062.59
05-04-2017,2052.76
04-04-2017,2065.48
03-04-2017,2068.81
31-03-2017,2084.12
30-03-2017,2071.18
29-03-2017,2061.97
28-03-2017,2058.78
27-03-2017,2040.67
24-03-2017,2043.54
23-03-2017,2049.38
22-03-2017,2031.38
21-03-2017,2041.43
20-03-2017,2045.41
17-03-2017,2052.74
16-03-2017,2044.36
15-03-2017,2028.19
14-03-2017,2021.62
13-03-2017,2034.05
10-03-2017,2033.64
09-03-2017,2032.08
08-03-2017,2018.88
07-03-2017,2025.28
06-03-2017,2028.31
03-03-2017,2031.7
02-03-2017,2026.8
01-03-2017,2026.29
28-02-2017,1990.74
27-02-2017,1982.71
24-02-2017,1981.06
23-02-2017,2000.51
22-02-2017,2000.61
21-02-2017,1998
20-02-2017,1986.82
17-02-2017,1990.03
16-02-2017,1996.74
15-02-2017,2000.37
14-02-2017,1995.37
13-02-2017,1992.49
10-02-2017,1975.85
09-02-2017,1977.85
08-02-2017,1960.76
07-02-2017,1958.1
06-02-2017,1959.69
03-02-2017,1978.62
02-02-2017,1969.46
01-02-2017,1982.94
31-01-2017,1966.43
30-01-2017,1982.82
27-01-2017,2009.25
26-01-2017,2010.3
25-01-2017,2017.27
24-01-2017,1990.42
23-01-2017,1982.23
20-01-2017,1998.63
19-01-2017,1993.94
18-01-2017,1989.73
17-01-2017,1989.09
16-01-2017,1994.33
13-01-2017,2011.18
12-01-2017,1988.55
11-01-2017,1999.78
10-01-2017,1998.11
09-01-2017,2002.86
06-01-2017,2015.3
05-01-2017,2013.72
04-01-2017,2017.3
03-01-2017,2016.39
02-01-2017,2008.29
30-12-2016,1993.99
29-12-2016,1988.65
28-12-2016,1991.58
27-12-2016,1994.47
23-12-2016,1990.54
22-12-2016,1983.66
21-12-2016,1988.23
20-12-2016,1989.48
19-12-2016,1980.81
16-12-2016,1978.58
15-12-2016,1980.92
14-12-2016,1963.5
13-12-2016,1976.24
12-12-2016,1954.9
09-12-2016,1948.92
08-12-2016,1940.72
07-12-2016,1922.71
06-12-2016,1897.25
05-12-2016,1863.68
02-12-2016,1846.26
01-12-2016,1853.92
30-11-2016,1862.23
29-11-2016,1849.06
28-11-2016,1839.1
25-11-2016,1858.86
24-11-2016,1855.11
23-11-2016,1854.41
22-11-2016,1861.7
21-11-2016,1845.48
18-11-2016,1841.47
17-11-2016,1855.94
16-11-2016,1849.48
15-11-2016,1860.42
14-11-2016,1848.8
11-11-2016,1853.33
10-11-2016,1868.48
09-11-2016,1862.1
08-11-2016,1843.34
07-11-2016,1835.41
04-11-2016,1801.47
03-11-2016,1818.96
02-11-2016,1814.33
01-11-2016,1845.55
31-10-2016,1864.51
28-10-2016,1874.61
27-10-2016,1877.51
26-10-2016,1881.73
25-10-2016,1876.81
24-10-2016,1881.01
21-10-2016,1867.65
20-10-2016,1870.59
19-10-2016,1858.55
18-10-2016,1852.58
17-10-2016,1826.77
14-10-2016,1831.64
13-10-2016,1806.07
12-10-2016,1825.69
11-10-2016,1819.95
10-10-2016,1823.34
07-10-2016,1803.73
06-10-2016,1813.66
05-10-2016,1811.5
04-10-2016,1818.33
03-10-2016,1803.48
30-09-2016,1808.4
29-09-2016,1800.34
28-09-2016,1794.13
27-09-2016,1781.19
26-09-2016,1783.51
23-09-2016,1814.32
22-09-2016,1822.84
21-09-2016,1782.58
20-09-2016,1772.16
19-09-2016,1773.19
16-09-2016,1752.61
15-09-2016,1771.5
14-09-2016,1761.47
13-09-2016,1767.51
12-09-2016,1788.62
09-09-2016,1814.92
08-09-2016,1836.9
07-09-2016,1835.25
06-09-2016,1824.77
05-09-2016,1832.83
02-09-2016,1834.32
01-09-2016,1798.81
31-08-2016,1797.25
30-08-2016,1796.66
29-08-2016,1784.99
26-08-2016,1793.71
25-08-2016,1785.14
24-08-2016,1794.15
23-08-2016,1789.14
22-08-2016,1770.42
19-08-2016,1772.53
18-08-2016,1790.75
17-08-2016,1782.49
16-08-2016,1804.63
15-08-2016,1822.56
12-08-2016,1825.32
11-08-2016,1828.38
10-08-2016,1814.29
09-08-2016,1815.25
08-08-2016,1790.36
05-08-2016,1776.4
04-08-2016,1757.07
03-08-2016,1745.61
02-08-2016,1738.94
01-08-2016,1769.75
29-07-2016,1781.25
28-07-2016,1768.24
27-07-2016,1788.4
26-07-2016,1772
25-07-2016,1773.74
22-07-2016,1769.52
21-07-2016,1760.69
20-07-2016,1758.1
19-07-2016,1747.76
18-07-2016,1757
15-07-2016,1762.41
14-07-2016,1763.77
13-07-2016,1743.24
12-07-2016,1748.79
11-07-2016,1720.04
08-07-2016,1691.11
07-07-2016,1659.23
06-07-2016,1644.56
05-07-2016,1674
04-07-2016,1710.64
01-07-2016,1725.99
30-06-2016,1706.13
29-06-2016,1687.95
28-06-2016,1640.22
27-06-2016,1601.68
24-06-2016,1668.23
23-06-2016,1802.81
22-06-2016,1771.41
21-06-2016,1768.16
20-06-2016,1761.38
17-06-2016,1703.92
16-06-2016,1680.63
15-06-2016,1691.11
14-06-2016,1672.55
13-06-2016,1705.23
10-06-2016,1738
09-06-2016,1783.24
08-06-2016,1801.58
07-06-2016,1811.14
06-06-2016,1791.98
03-06-2016,1784.31
02-06-2016,1801.01
01-06-2016,1804.49
31-05-2016,1818.1
30-05-2016,1830.73
27-05-2016,1824.8
26-05-2016,1822.25
25-05-2016,1807.68
24-05-2016,1788.67
23-05-2016,1748.18
20-05-2016,1761.11
19-05-2016,1739.95
18-05-2016,1758.81
17-05-2016,1752.69
16-05-2016,1752.44
13-05-2016,1757.43
12-05-2016,1744.74
11-05-2016,1757.56
10-05-2016,1769.69
09-05-2016,1760.56
06-05-2016,1756.09
05-05-2016,1758.38
04-05-2016,1760.16
03-05-2016,1773.94
02-05-2016,1800.58
29-04-2016,1795.86
28-04-2016,1832.72
27-04-2016,1831.35
26-04-2016,1832.62
25-04-2016,1826.9
22-04-2016,1843.35
21-04-2016,1850.58
20-04-2016,1858.03
19-04-2016,1843.15
18-04-2016,1819.88
15-04-2016,1813.22
14-04-2016,1817.39
13-04-2016,1809.63
12-04-2016,1764.62
11-04-2016,1751.04
08-04-2016,1738.69
07-04-2016,1710.39
06-04-2016,1730.46
05-04-2016,1734.97
04-04-2016,1781.14
01-04-2016,1778.8
31-03-2016,1802.47
30-03-2016,1825.71
29-03-2016,1791.55
24-03-2016,1783.69
23-03-2016,1813.89
22-03-2016,1824.01
21-03-2016,1827.35
18-03-2016,1832.79
17-03-2016,1829.87
16-03-2016,1826.6
15-03-2016,1821.54
14-03-2016,1828.96
11-03-2016,1818.8
10-03-2016,1760.75
09-03-2016,1776.49
08-03-2016,1775.74
07-03-2016,1784.61
04-03-2016,1797.05
03-03-2016,1791.56
02-03-2016,1787.87
01-03-2016,1783.79
29-02-2016,1750.55
26-02-2016,1743.9
25-02-2016,1722.77
24-02-2016,1689.93
23-02-2016,1723.13
22-02-2016,1750.66
19-02-2016,1712.33
18-02-2016,1727.12
17-02-2016,1722.81
16-02-2016,1682.86
15-02-2016,1686.34
12-02-2016,1640.14
11-02-2016,1601.85
10-02-2016,1662.2
09-02-2016,1641.57
08-02-2016,1668.07
05-02-2016,1717.26
04-02-2016,1733.1
03-02-2016,1732.38
02-02-2016,1765.49
01-02-2016,1800.95
29-01-2016,1808.63
28-01-2016,1773.74
27-01-2016,1790.79
26-01-2016,1779.12
25-01-2016,1760.41
22-01-2016,1765.55
21-01-2016,1713.74
20-01-2016,1675.73
19-01-2016,1730.48
18-01-2016,1704.46
15-01-2016,1716.25
14-01-2016,1754.06
13-01-2016,1772.25
12-01-2016,1763.93
11-01-2016,1741.41
08-01-2016,1740.55
07-01-2016,1760.48
06-01-2016,1782.21
05-01-2016,1798.01
04-01-2016,1795.54
31-12-2015,1848.46
30-12-2015,1852.95
29-12-2015,1863.92
28-12-2015,1835.48
24-12-2015,1847.55
23-12-2015,1845.95
22-12-2015,1806.14
21-12-2015,1807.09
18-12-2015,1828.6
17-12-2015,1848.82
16-12-2015,1820.19
15-12-2015,1813.69
14-12-2015,1771.02
11-12-2015,1800.43
10-12-2015,1834.47
09-12-2015,1841.18
08-12-2015,1849.63
07-12-2015,1880.51
04-12-2015,1868.12
03-12-2015,1876.34
02-12-2015,1925.38
01-12-2015,1928.52
30-11-2015,1938.41
27-11-2015,1937.74
26-11-2015,1937.5
25-11-2015,1924.04
24-11-2015,1897.8
23-11-2015,1918.77
20-11-2015,1925.84
19-11-2015,1923.65
18-11-2015,1911.09
17-11-2015,1908.29
16-11-2015,1860.17
13-11-2015,1856.24
12-11-2015,1870.27
11-11-2015,1898.3
10-11-2015,1892.98
09-11-2015,1887.91
06-11-2015,1917.24
05-11-2015,1907.27
04-11-2015,1904.15
03-11-2015,1901.69
02-11-2015,1899.79
30-10-2015,1890.11
29-10-2015,1893.23
28-10-2015,1892.3
27-10-2015,1873.66
26-10-2015,1895.19
23-10-2015,1896.99
22-10-2015,1865.4
21-10-2015,1838.76
20-10-2015,1830.14
19-10-2015,1832.72
16-10-2015,1829.6
15-10-2015,1817.08
14-10-2015,1795.77
13-10-2015,1809.33
12-10-2015,1822.42
09-10-2015,1831.14
08-10-2015,1819.58
07-10-2015,1815.29
06-10-2015,1811.64
05-10-2015,1795.79
02-10-2015,1743.8
01-10-2015,1731.44
30-09-2015,1747.01
29-09-2015,1712.05
28-09-2015,1710.54
25-09-2015,1743.97
24-09-2015,1694.06
23-09-2015,1731.12
22-09-2015,1721.86
21-09-2015,1773.74
18-09-2015,1757.98
17-09-2015,1792.65
16-09-2015,1790.67
15-09-2015,1763.52
14-09-2015,1752.15
11-09-2015,1763.58
10-09-2015,1781.93
09-09-2015,1801.81
08-09-2015,1781.19
07-09-2015,1760.97
04-09-2015,1754.37
03-09-2015,1795.08
02-09-2015,1761.59
01-09-2015,1755.17
31-08-2015,1794.99
28-08-2015,1803.02
27-08-2015,1799.92
26-08-2015,1744.03
25-08-2015,1761.38
24-08-2015,1694.89
21-08-2015,1793.11
20-08-2015,1846.6
19-08-2015,1876.89
18-08-2015,1907.67
17-08-2015,1908.65
14-08-2015,1905.02
13-08-2015,1908.98
12-08-2015,1891.82
11-08-2015,1938.64
10-08-2015,1967.91
07-08-2015,1949.98
06-08-2015,1962.29
05-08-2015,1963.42
04-08-2015,1949.82
03-08-2015,1955.04
31-07-2015,1933.24
30-07-2015,1932.29
29-07-2015,1923.24
28-07-2015,1912.35
27-07-2015,1893.27
24-07-2015,1931.94
23-07-2015,1944.76
22-07-2015,1948.17
21-07-2015,1955.36
20-07-2015,1974.34
17-07-2015,1962.81
16-07-2015,1968.74
15-07-2015,1937.5
14-07-2015,1929.31
13-07-2015,1924.14
10-07-2015,1893.76
09-07-2015,1840.42
08-07-2015,1795.13
07-07-2015,1776.31
06-07-2015,1810.31
03-07-2015,1847.06
02-07-2015,1855.86
01-07-2015,1863.4
30-06-2015,1834.32
29-06-2015,1858.49
26-06-2015,1922.82
25-06-2015,1915.93
24-06-2015,1918.57
23-06-2015,1928.21
22-06-2015,1908.51
19-06-2015,1845.76
18-06-2015,1843.67
17-06-2015,1831.22
16-06-2015,1844.03
15-06-2015,1835.78
12-06-2015,1863.95
11-06-2015,1886.09
10-06-2015,1872.73
09-06-2015,1842.55
08-06-2015,1846.57
05-06-2015,1870.43
04-06-2015,1892.26
03-06-2015,1905.32
02-06-2015,1898.15
01-06-2015,1903.96
29-05-2015,1903.99
28-05-2015,1934.15
27-05-2015,1952.07
26-05-2015,1929.47
25-05-2015,1942.6
22-05-2015,1955.41
21-05-2015,1960.06
20-05-2015,1957.49
19-05-2015,1957.91
18-05-2015,1925.45
15-05-2015,1931.42
14-05-2015,1939.69
13-05-2015,1918.51
12-05-2015,1922.95
11-05-2015,1947.59
08-05-2015,1955.33
07-05-2015,1909.36
06-05-2015,1913.25
05-05-2015,1921.46
04-05-2015,1973.42
01-05-2015,1959.77
30-04-2015,1959.77
29-04-2015,1954.23
28-04-2015,1999.84
27-04-2015,2026.82
24-04-2015,2003.67
23-04-2015,2001.51
22-04-2015,2017.48
21-04-2015,2034.87
20-04-2015,2032.64
17-04-2015,2011.65
16-04-2015,2048.29
15-04-2015,2066.3
14-04-2015,2062.01
13-04-2015,2076.69
10-04-2015,2068.07
09-04-2015,2052.69
08-04-2015,2030.5
07-04-2015,2033.74
02-04-2015,2000.43
01-04-2015,2003.04
31-03-2015,1996.71
30-03-2015,2013.83
27-03-2015,1997.37
26-03-2015,1994.41
25-03-2015,2006.99
24-03-2015,2022.66
23-03-2015,2011.23
20-03-2015,2017.34
19-03-2015,1991.11
18-03-2015,1989.14
17-03-2015,1986.73
16-03-2015,1999.43
13-03-2015,1980.38
12-03-2015,1982.82
11-03-2015,1988.71
10-03-2015,1962.45
09-03-2015,1976.65
06-03-2015,1982.38
05-03-2015,1990.26
04-03-2015,1973.04
03-03-2015,1961.88
02-03-2015,1984.19
27-02-2015,1986.96
26-02-2015,1989.35
25-02-2015,1978.17
24-02-2015,1977.01
23-02-2015,1958.09
20-02-2015,1940.24
19-02-2015,1939.5
18-02-2015,1929.26
17-02-2015,1918.03
16-02-2015,1917.48
13-02-2015,1922.25
12-02-2015,1916.03
11-02-2015,1893.59
10-02-2015,1899.07
09-02-2015,1876.46
06-02-2015,1904.08
05-02-2015,1907.4
04-02-2015,1906.03
03-02-2015,1906.37
02-02-2015,1883.18
30-01-2015,1877.81
29-01-2015,1892.2
28-01-2015,1882.98
27-01-2015,1882.91
26-01-2015,1900.25
23-01-2015,1880.37
22-01-2015,1850.64
21-01-2015,1824.59
20-01-2015,1815.06
19-01-2015,1807.9
16-01-2015,1802.07
15-01-2015,1772.2
14-01-2015,1734.97
13-01-2015,1761.39
12-01-2015,1739.61
09-01-2015,1722.02
08-01-2015,1757.58
07-01-2015,1713.82
06-01-2015,1704.3
05-01-2015,1710.9
02-01-2015,1765.97
31-12-2014,1767.96
30-12-2014,1765.24
29-12-2014,1787.96
24-12-2014,1793.15
23-12-2014,1795.07
22-12-2014,1776.51
19-12-2014,1764.15
18-12-2014,1760.07
17-12-2014,1711.63
16-12-2014,1712.71
15-12-2014,1678
12-12-2014,1719.91
11-12-2014,1769.21
10-12-2014,1763.91
09-12-2014,1773.42
08-12-2014,1814.47
05-12-2014,1828.57
04-12-2014,1795.22
03-12-2014,1813.87
02-12-2014,1802.67
01-12-2014,1798.07
28-11-2014,1802.27
27-11-2014,1802.58
26-11-2014,1790.32
25-11-2014,1792.92
24-11-2014,1783.99
21-11-2014,1774.27
20-11-2014,1731.7
19-11-2014,1739.53
18-11-2014,1738.32
17-11-2014,1721.32
14-11-2014,1712.01
13-11-2014,1709.45
12-11-2014,1704.81
11-11-2014,1732.02
10-11-2014,1719.77
07-11-2014,1704.12
06-11-2014,1717.28
05-11-2014,1719.78
04-11-2014,1694.79
03-11-2014,1708.06
31-10-2014,1733.13
30-10-2014,1698.55
29-10-2014,1699.38
28-10-2014,1703.61
27-10-2014,1670.05
24-10-2014,1679.7
23-10-2014,1680.43
22-10-2014,1668.14
21-10-2014,1653.33
20-10-2014,1621.51
17-10-2014,1633.9
16-10-2014,1591.7
15-10-2014,1602.79
14-10-2014,1651.63
13-10-2014,1651.01
10-10-2014,1652.75
09-10-2014,1678.56
08-10-2014,1690.08
07-10-2014,1695.9
06-10-2014,1719.75
03-10-2014,1718.94
02-10-2014,1702.94
01-10-2014,1747.2
30-09-2014,1769.45
29-09-2014,1751.49
26-09-2014,1758.46
25-09-2014,1749.2
24-09-2014,1768.99
23-09-2014,1753.41
22-09-2014,1780.05
19-09-2014,1785.04
18-09-2014,1783.03
17-09-2014,1773.2
16-09-2014,1764.17
15-09-2014,1771.39
12-09-2014,1776.67
11-09-2014,1781.54
10-09-2014,1785.08
09-09-2014,1790.01
08-09-2014,1800.62
05-09-2014,1806.56
04-09-2014,1805.16
03-09-2014,1789.66
02-09-2014,1777.82
01-09-2014,1778.47
29-08-2014,1779.22
28-08-2014,1774.1
27-08-2014,1790.23
26-08-2014,1786.27
25-08-2014,1774.7
22-08-2014,1749.37
21-08-2014,1762.59
20-08-2014,1744.51
19-08-2014,1746.61
18-08-2014,1738.56
15-08-2014,1724.68
14-08-2014,1729.01
13-08-2014,1722.08
12-08-2014,1702.9
11-08-2014,1714.34
08-08-2014,1688.01
07-08-2014,1692.9
06-08-2014,1718.36
05-08-2014,1739.78
04-08-2014,1744.7
01-08-2014,1740.85
31-07-2014,1758.51
30-07-2014,1779.51
29-07-2014,1797.9
28-07-2014,1785.9
25-07-2014,1785.09
24-07-2014,1803.16
23-07-2014,1793.31
22-07-2014,1787.57
21-07-2014,1761.14
18-07-2014,1768.8
17-07-2014,1768.49
16-07-2014,1790.56
15-07-2014,1764.04
14-07-2014,1780.03
11-07-2014,1763.78
10-07-2014,1757.65
09-07-2014,1792.47
08-07-2014,1791.95
07-07-2014,1812.31
04-07-2014,1831.42
03-07-2014,1842.27
02-07-2014,1827.81
01-07-2014,1830.25
30-06-2014,1827.75
27-06-2014,1830.2
26-06-2014,1833.02
25-06-2014,1834.31
24-06-2014,1857.52
23-06-2014,1856.03
20-06-2014,1852.07
19-06-2014,1860.88
18-06-2014,1848.28
17-06-2014,1848.62
16-06-2014,1841.13
13-06-2014,1850.86
12-06-2014,1851.61
11-06-2014,1847.36
10-06-2014,1862.98
09-06-2014,1859.81
06-06-2014,1848.58
05-06-2014,1831.95
04-06-2014,1818.65
03-06-2014,1821.92
02-06-2014,1831.9
30-05-2014,1830.96
29-05-2014,1829.29
28-05-2014,1826.23
27-05-2014,1825.65
26-05-2014,1826.46
23-05-2014,1812.62
22-05-2014,1806.43
21-05-2014,1803.81
20-05-2014,1797.97
19-05-2014,1800.38
16-05-2014,1795.95
15-05-2014,1792
14-05-2014,1812.83
13-05-2014,1813.35
12-05-2014,1808.22
09-05-2014,1799.9
08-05-2014,1803.32
07-05-2014,1789.62
06-05-2014,1782.97
05-05-2014,1792.09
02-05-2014,1793.51
01-05-2014,1804.92
30-04-2014,1804.92
29-04-2014,1799.8
28-04-2014,1772.48
25-04-2014,1764.54
24-04-2014,1781.9
23-04-2014,1771.14
22-04-2014,1777.34
17-04-2014,1760.96
16-04-2014,1748.68
15-04-2014,1725.66
14-04-2014,1744.54
11-04-2014,1737.15
10-04-2014,1752.03
09-04-2014,1763.81
08-04-2014,1750.98
07-04-2014,1768.85
04-04-2014,1782.32
03-04-2014,1774.06
02-04-2014,1773.17
01-04-2014,1773.45
31-03-2014,1753.94
28-03-2014,1753.2
27-03-2014,1732.45
26-03-2014,1734.36
25-03-2014,1713.94
24-03-2014,1691.8
21-03-2014,1709.95
20-03-2014,1714.12
19-03-2014,1708.27
18-03-2014,1712.64
17-03-2014,1699.99
14-03-2014,1678.09
13-03-2014,1689.64
12-03-2014,1722.13
11-03-2014,1732.72
10-03-2014,1736.72
07-03-2014,1725.93
06-03-2014,1744.53
05-03-2014,1718.94
04-03-2014,1716.91
03-03-2014,1678.86
28-02-2014,1720.7
27-02-2014,1716.79
26-02-2014,1724.72
25-02-2014,1737.33
24-02-2014,1736.64
21-02-2014,1718.18
20-02-2014,1706.39
19-02-2014,1706.55
18-02-2014,1708.3
17-02-2014,1705.74
14-02-2014,1703.59
13-02-2014,1689.96
12-02-2014,1682.91
11-02-2014,1674.65
10-02-2014,1652.25
07-02-2014,1653.26
06-02-2014,1641.86
05-02-2014,1612.68
04-02-2014,1613.33
03-02-2014,1612.87
31-01-2014,1635.01
30-01-2014,1642.28
29-01-2014,1631.27
28-01-2014,1638.67
27-01-2014,1630.68
24-01-2014,1639.04
23-01-2014,1674.22
22-01-2014,1681.46
21-01-2014,1685.25
20-01-2014,1694.83
17-01-2014,1692.93
16-01-2014,1690.17
15-01-2014,1695.51
14-01-2014,1668.81
13-01-2014,1658.66
10-01-2014,1650.66
09-01-2014,1638.87
08-01-2014,1639.51
07-01-2014,1640.37
06-01-2014,1623.32
03-01-2014,1622.56
02-01-2014,1612.92
31-12-2013,1638.69
30-12-2013,1634.99
27-12-2013,1636.48
24-12-2013,1615.29
23-12-2013,1611.64
20-12-2013,1603.35
19-12-2013,1594.47
18-12-2013,1567.16
17-12-2013,1556.61
16-12-2013,1568.86
13-12-2013,1547.07
12-12-2013,1550.32
11-12-2013,1562.31
10-12-2013,1575.37
09-12-2013,1584.1
06-12-2013,1578.79
05-12-2013,1576.83
04-12-2013,1594.15
03-12-2013,1606.63
02-12-2013,1644.33
29-11-2013,1656.35
28-11-2013,1652.99
27-11-2013,1646.4
26-11-2013,1637.06
25-11-2013,1644.7
22-11-2013,1639.2
21-11-2013,1636.91
20-11-2013,1631.85
19-11-2013,1635.26
18-11-2013,1645.91
15-11-2013,1628.98
14-11-2013,1628.35
13-11-2013,1618.48
12-11-2013,1621.44
11-11-2013,1626.96
08-11-2013,1617.87
07-11-2013,1618.83
06-11-2013,1637.1
05-11-2013,1625.88
04-11-2013,1636.92
01-11-2013,1630.23
31-10-2013,1635.72
30-10-2013,1632.04
29-10-2013,1644.53
28-10-2013,1627.9
25-10-2013,1631.53
24-10-2013,1641.6
23-10-2013,1629.02
22-10-2013,1646.22
21-10-2013,1641.18
18-10-2013,1639.27
17-10-2013,1628.42
16-10-2013,1636.16
15-10-2013,1617.61
14-10-2013,1598.42
11-10-2013,1592.75
10-10-2013,1600.33
09-10-2013,1568.35
08-10-2013,1565.67
07-10-2013,1562.32
04-10-2013,1563.88
03-10-2013,1552.5
02-10-2013,1560.39
01-10-2013,1569.24
30-09-2013,1554.79
27-09-2013,1569.23
26-09-2013,1570.13
25-09-2013,1567.11
24-09-2013,1565.23
23-09-2013,1552.84
20-09-2013,1567.63
19-09-2013,1566.99
18-09-2013,1561.05
17-09-2013,1555.92
16-09-2013,1560.09
13-09-2013,1550.58
12-09-2013,1548.1
11-09-2013,1538.48
10-09-2013,1528.28
09-09-2013,1506.38
06-09-2013,1507.84
05-09-2013,1493.24
04-09-2013,1478.18
03-09-2013,1476.29
02-09-2013,1475.92
30-08-2013,1454.23
29-08-2013,1473.74
28-08-2013,1469.81
27-08-2013,1461.02
26-08-2013,1493.69
23-08-2013,1499.72
22-08-2013,1492.67
21-08-2013,1476.29
20-08-2013,1482.66
19-08-2013,1504.58
16-08-2013,1517.9
15-08-2013,1505.61
14-08-2013,1513.78
13-08-2013,1512.65
12-08-2013,1501.98
09-08-2013,1498.1
08-08-2013,1492.16
07-08-2013,1473.36
06-08-2013,1472.38
05-08-2013,1492.88
02-08-2013,1492.62
01-08-2013,1487.64
31-07-2013,1471.19
30-07-2013,1474.36
29-07-2013,1464.64
26-07-2013,1468
25-07-2013,1461.11
24-07-2013,1466.67
23-07-2013,1456.04
22-07-2013,1445.16
19-07-2013,1447.71
18-07-2013,1441.94
17-07-2013,1426.03
16-07-2013,1420.79
15-07-2013,1424.77
12-07-2013,1420.42
11-07-2013,1427.81
10-07-2013,1414.16
09-07-2013,1413.82
08-07-2013,1403.53
05-07-2013,1382.94
04-07-2013,1403.92
03-07-2013,1371.9
02-07-2013,1388.89
01-07-2013,1395.4
28-06-2013,1390.99
27-06-2013,1393.51
26-06-2013,1386.56
25-06-2013,1363.3
24-06-2013,1346.2
21-06-2013,1368.83
20-06-2013,1389.3
19-06-2013,1432.01
18-06-2013,1439.75
17-06-2013,1438.5
14-06-2013,1424.56
13-06-2013,1420.93
12-06-2013,1418.91
11-06-2013,1427.72
10-06-2013,1440.45
07-06-2013,1443.36
06-06-2013,1422.34
05-06-2013,1438.04
04-06-2013,1458.42
03-06-2013,1456.06
31-05-2013,1468.54
30-05-2013,1486.03
29-05-2013,1480.33
28-05-2013,1501.44
27-05-2013,1479.56
24-05-2013,1465.71
23-05-2013,1467.82
22-05-2013,1495.09
21-05-2013,1490.62
20-05-2013,1489.8
17-05-2013,1493.77
16-05-2013,1489.31
15-05-2013,1489.87
14-05-2013,1490.32
13-05-2013,1489.65
10-05-2013,1488.05
09-05-2013,1481.75
08-05-2013,1488.02
07-05-2013,1484.09
06-05-2013,1483.18
03-05-2013,1491.8
02-05-2013,1471.58
01-05-2013,1474.77
30-04-2013,1475.19
29-04-2013,1485.14
26-04-2013,1470.84
25-04-2013,1482.13
24-04-2013,1472.8
23-04-2013,1456.7
22-04-2013,1431
19-04-2013,1418.25
18-04-2013,1420.61
17-04-2013,1425.83
16-04-2013,1445.38
15-04-2013,1458.74
12-04-2013,1469.25
11-04-2013,1482.23
10-04-2013,1473.92
09-04-2013,1440.51
08-04-2013,1432.58
05-04-2013,1433.59
04-04-2013,1444.6
03-04-2013,1448.07
02-04-2013,1473.21
28-03-2013,1451.15
27-03-2013,1447.2
26-03-2013,1467.6
25-03-2013,1471.7
22-03-2013,1483.21
21-03-2013,1483.55
20-03-2013,1490.49
19-03-2013,1471.75
18-03-2013,1483.56
15-03-2013,1494.81
14-03-2013,1496.11
13-03-2013,1470.88
12-03-2013,1472.01
11-03-2013,1469.39
08-03-2013,1472.07
07-03-2013,1450.38
06-03-2013,1443.95
05-03-2013,1446.66
04-03-2013,1422.08
01-03-2013,1422.87
28-02-2013,1437.97
27-02-2013,1427.89
26-02-2013,1404.63
25-02-2013,1438.38
22-02-2013,1428.08
21-02-2013,1401.05
20-02-2013,1436.02
19-02-2013,1446.79
18-02-2013,1430.29
15-02-2013,1427.82
14-02-2013,1430.61
13-02-2013,1443.11
12-02-2013,1438.11
11-02-2013,1433.01
08-02-2013,1437.71
07-02-2013,1424.41
06-02-2013,1428.83
05-02-2013,1438.95
04-02-2013,1426.84
01-02-2013,1464.59
31-01-2013,1456.93
30-01-2013,1469.95
29-01-2013,1479.55
28-01-2013,1474.54
25-01-2013,1472.36
24-01-2013,1470.64
23-01-2013,1464.71
22-01-2013,1471.29
21-01-2013,1484.64
18-01-2013,1479.84
17-01-2013,1481.05
16-01-2013,1464.03
15-01-2013,1464.63
14-01-2013,1470.91
11-01-2013,1471.13
10-01-2013,1471.44
09-01-2013,1476.4
08-01-2013,1462.07
07-01-2013,1467.16
04-01-2013,1480
03-01-2013,1475.76
02-01-2013,1480.18
31-12-2012,1442.5
28-12-2012,1439.29
27-12-2012,1453.47
24-12-2012,1447.6
21-12-2012,1446.72
20-12-2012,1448.87
19-12-2012,1445.72
18-12-2012,1438.36
17-12-2012,1433.97
14-12-2012,1440.18
13-12-2012,1442.09
12-12-2012,1436.47
11-12-2012,1428.82
10-12-2012,1413.15
07-12-2012,1417
06-12-2012,1419.14
05-12-2012,1416.5
04-12-2012,1404.71
03-12-2012,1405.33
30-11-2012,1404.69
29-11-2012,1411.38
28-11-2012,1381.13
27-11-2012,1376.53
26-11-2012,1380.67
23-11-2012,1385.51
22-11-2012,1373.25
21-11-2012,1365.88
20-11-2012,1353.42
19-11-2012,1350.93
16-11-2012,1330.73
15-11-2012,1356.7
14-11-2012,1367.19
13-11-2012,1369.86
12-11-2012,1371.11
09-11-2012,1373.26
08-11-2012,1376.99
07-11-2012,1386.18
06-11-2012,1414.4
05-11-2012,1408.44
02-11-2012,1421.05
01-11-2012,1419.55
31-10-2012,1411.71
30-10-2012,1410.81
29-10-2012,1399.79
26-10-2012,1414.13
25-10-2012,1399.62
24-10-2012,1411.27
23-10-2012,1407.68
22-10-2012,1432.4
19-10-2012,1442.32
18-10-2012,1458.67
17-10-2012,1460.13
16-10-2012,1443.96
15-10-2012,1420.41
12-10-2012,1413.46
11-10-2012,1422.08
10-10-2012,1412.19
09-10-2012,1417.24
08-10-2012,1430.94
05-10-2012,1447.6
04-10-2012,1428.82
03-10-2012,1439.8
02-10-2012,1444.88
01-10-2012,1439.64
28-09-2012,1426.4
27-09-2012,1451.38
26-09-2012,1448.88
25-09-2012,1481.04
24-09-2012,1471.79
21-09-2012,1485.22
20-09-2012,1469.95
19-09-2012,1475.34
18-09-2012,1473.42
17-09-2012,1493.69
14-09-2012,1506.66
13-09-2012,1485.08
12-09-2012,1495.01
11-09-2012,1483.87
10-09-2012,1470.96
07-09-2012,1471.44
06-09-2012,1462.41
05-09-2012,1427.85
04-09-2012,1432.01
03-09-2012,1440.52
31-08-2012,1433.6
30-08-2012,1413.06
29-08-2012,1429.42
28-08-2012,1438.2
27-08-2012,1449.66
24-08-2012,1435.71
23-08-2012,1429.22
22-08-2012,1437.96
21-08-2012,1455.5
20-08-2012,1446.39
17-08-2012,1450.61
16-08-2012,1438.54
15-08-2012,1416.31
14-08-2012,1420.1
13-08-2012,1412.25
10-08-2012,1415.75
09-08-2012,1421.46
08-08-2012,1422.27
07-08-2012,1425.6
06-08-2012,1404.56
03-08-2012,1386.66
02-08-2012,1335.6
01-08-2012,1378.06
31-07-2012,1374.42
30-07-2012,1387.35
27-07-2012,1372.16
26-07-2012,1347.43
25-07-2012,1288.29
24-07-2012,1284.49
23-07-2012,1308.24
20-07-2012,1345.34
19-07-2012,1384.01
18-07-2012,1379.24
17-07-2012,1370.08
16-07-2012,1369.11
13-07-2012,1368.33
12-07-2012,1342.58
11-07-2012,1353.27
10-07-2012,1348.18
09-07-2012,1343.32
06-07-2012,1341.89
05-07-2012,1365.66
04-07-2012,1380
03-07-2012,1382.46
02-07-2012,1375.38
29-06-2012,1360.43
28-06-2012,1309.63
27-06-2012,1309.62
26-06-2012,1290.24
25-06-2012,1291.65
22-06-2012,1321.58
21-06-2012,1319.27
20-06-2012,1325.55
19-06-2012,1312.14
18-06-2012,1289.57
15-06-2012,1301.55
14-06-2012,1284.73
13-06-2012,1275.7
12-06-2012,1281.29
11-06-2012,1279.34
08-06-2012,1283.34
07-06-2012,1286.04
06-06-2012,1279.37
05-06-2012,1248.14
04-06-2012,1248.42
01-06-2012,1245.03
31-05-2012,1268.17
30-05-2012,1268.5
29-05-2012,1284.99
28-05-2012,1287.41
25-05-2012,1298.49
24-05-2012,1302.52
23-05-2012,1292.13
22-05-2012,1329.22
21-05-2012,1306.48
18-05-2012,1305.51
17-05-2012,1302.94
16-05-2012,1317.11
15-05-2012,1324.93
14-05-2012,1340.47
11-05-2012,1371.99
10-05-2012,1377.53
09-05-2012,1360.05
08-05-2012,1370.36
07-05-2012,1369.64
04-05-2012,1354.17
03-05-2012,1368.93
02-05-2012,1372.37
01-05-2012,1389.09
30-04-2012,1388.63
27-04-2012,1408.65
26-04-2012,1395.52
25-04-2012,1407.42
24-04-2012,1384.32
23-04-2012,1358.82
20-04-2012,1393
19-04-2012,1377.31
18-04-2012,1396.26
17-04-2012,1420.52
16-04-2012,1388.75
13-04-2012,1391.9
12-04-2012,1424.01
11-04-2012,1422.79
10-04-2012,1407.58
05-04-2012,1443.42
04-04-2012,1445.44
03-04-2012,1485.72
02-04-2012,1502.72
30-03-2012,1493.19
29-03-2012,1483.52
28-03-2012,1507.27
27-03-2012,1523.44
26-03-2012,1531.85
23-03-2012,1523.51
22-03-2012,1523.24
21-03-2012,1539.12
20-03-2012,1547.68
19-03-2012,1550.87
16-03-2012,1544.22
15-03-2012,1539.7
14-03-2012,1537.54
13-03-2012,1527.28
12-03-2012,1500.65
09-03-2012,1494.61
08-03-2012,1488.27
07-03-2012,1463.32
06-03-2012,1453.28
05-03-2012,1494.78
02-03-2012,1506.88
01-03-2012,1512.75
29-02-2012,1505.26
28-02-2012,1505.06
27-02-2012,1509.9
24-02-2012,1510.89
23-02-2012,1499.68
22-02-2012,1509.11
21-02-2012,1522.79
20-02-2012,1531.61
17-02-2012,1515.11
16-02-2012,1496.7
15-02-2012,1504.67
14-02-2012,1500.35
13-02-2012,1500.95
10-02-2012,1491.65
09-02-2012,1510.91
08-02-2012,1512.33
07-02-2012,1516.31
06-02-2012,1513.96
03-02-2012,1513.55
02-02-2012,1500.36
01-02-2012,1505.94
31-01-2012,1475.36
30-01-2012,1467.3
27-01-2012,1482.85
26-01-2012,1492.31
25-01-2012,1467.85
24-01-2012,1467.61
23-01-2012,1480.69
20-01-2012,1476.64
19-01-2012,1480.19
18-01-2012,1458.99
17-01-2012,1466.41
16-01-2012,1451.29
13-01-2012,1443.92
12-01-2012,1449.18
11-01-2012,1448.35
10-01-2012,1454.71
09-01-2012,1423.8
06-01-2012,1430.78
05-01-2012,1438.33
04-01-2012,1465.35
03-01-2012,1490.37
02-01-2012,1479.82
30-12-2011,1451.7
29-12-2011,1435.57
28-12-2011,1421.4
27-12-2011,1439.55
23-12-2011,1438.87
22-12-2011,1427.67
21-12-2011,1411.23
20-12-2011,1422.66
19-12-2011,1394.87
16-12-2011,1393.17
15-12-2011,1394.27
14-12-2011,1380.55
13-12-2011,1408.48
12-12-2011,1417.77
09-12-2011,1456.67
08-12-2011,1429.38
07-12-2011,1453.41
06-12-2011,1458.42
05-12-2011,1469.53
02-12-2011,1451.3
01-12-2011,1437.92
30-11-2011,1449.06
29-11-2011,1390.97
28-11-2011,1377.69
25-11-2011,1314.41
24-11-2011,1302.91
23-11-2011,1307.74
22-11-2011,1329.27
21-11-2011,1339.63
18-11-2011,1386.51
17-11-2011,1386.24
16-11-2011,1404.38
15-11-2011,1398.75
14-11-2011,1419.43
11-11-2011,1439.07
10-11-2011,1396.13
09-11-2011,1388.98
08-11-2011,1424.03
07-11-2011,1415.56
04-11-2011,1418.01
03-11-2011,1442.53
02-11-2011,1405.26
01-11-2011,1391.1
31-10-2011,1458.89
28-10-2011,1498.13
27-10-2011,1514.78
26-10-2011,1448.16
25-10-2011,1449.37
24-10-2011,1465.44
21-10-2011,1452.07
20-10-2011,1417.31
19-10-2011,1454.32
18-10-2011,1443.43
17-10-2011,1450.13
14-10-2011,1474.01
13-10-2011,1458.99
12-10-2011,1477.42
11-10-2011,1448.59
10-10-2011,1456.51
07-10-2011,1430.81
06-10-2011,1422.33
05-10-2011,1378.97
04-10-2011,1327.78
03-10-2011,1352.51
30-09-2011,1376.56
29-09-2011,1390.36
28-09-2011,1369.9
27-09-2011,1375.14
26-09-2011,1313.77
23-09-2011,1283.55
22-09-2011,1280.71
21-09-2011,1337.25
20-09-2011,1357.03
19-09-2011,1333.57
16-09-2011,1365.71
15-09-2011,1359.41
14-09-2011,1320.12
13-09-2011,1289.57
12-09-2011,1271.99
09-09-2011,1318.78
08-09-2011,1367.66
07-09-2011,1358.28
06-09-2011,1323.42
05-09-2011,1338.49
02-09-2011,1397.23
01-09-2011,1435.17
31-08-2011,1431.06
30-08-2011,1397.18
29-08-2011,1398.05
26-08-2011,1364.5
25-08-2011,1380.53
24-08-2011,1392.94
23-08-2011,1370.2
22-08-2011,1357.33
19-08-2011,1339.53
18-08-2011,1364.47
17-08-2011,1431.22
16-08-2011,1424.72
15-08-2011,1442.34
12-08-2011,1424.08
11-08-2011,1372.82
10-08-2011,1338.64
09-08-2011,1403.43
08-08-2011,1401.06
05-08-2011,1445.43
04-08-2011,1465.24
03-08-2011,1508.93
02-08-2011,1536.22
01-08-2011,1561.56
29-07-2011,1609.84
28-07-2011,1615.89
27-07-2011,1621.19
26-07-2011,1648.19
25-07-2011,1650.33
22-07-2011,1666.3
21-07-2011,1653.59
20-07-2011,1617.57
19-07-2011,1583.57
18-07-2011,1561.75
15-07-2011,1590.32
14-07-2011,1604.49
13-07-2011,1615.32
12-07-2011,1603.26
11-07-2011,1616.98
08-07-2011,1661.59
07-07-2011,1693.47
06-07-2011,1682.61
05-07-2011,1700.5
04-07-2011,1712.58
01-07-2011,1716.08
30-06-2011,1698.86
29-06-2011,1668.53
28-06-2011,1638.86
27-06-2011,1630.45
24-06-2011,1629.33
23-06-2011,1641.04
22-06-2011,1672.29
21-06-2011,1675.85
20-06-2011,1645.98
17-06-2011,1664.31
16-06-2011,1643.84
15-06-2011,1653.02
14-06-2011,1679.28
13-06-2011,1659.81
10-06-2011,1655.96
09-06-2011,1686.64
08-06-2011,1671.23
07-06-2011,1686.39
06-06-2011,1678
03-06-2011,1693.92
02-06-2011,1696.54
01-06-2011,1717.52
31-05-2011,1734.35
30-05-2011,1709.51
27-05-2011,1714.79
26-05-2011,1704.92
25-05-2011,1713.55
24-05-2011,1706.81
23-05-2011,1705.62
20-05-2011,1738.87
19-05-2011,1750.57
18-05-2011,1737.29
17-05-2011,1730.02
16-05-2011,1747
13-05-2011,1754.65
12-05-2011,1768.98
11-05-2011,1781.94
10-05-2011,1773.56
09-05-2011,1763.13
06-05-2011,1784.94
05-05-2011,1774.43
04-05-2011,1789.29
03-05-2011,1808.19
02-05-2011,1811.22
29-04-2011,1811.83
28-04-2011,1811.27
27-04-2011,1790.63
26-04-2011,1780.42
21-04-2011,1776.68
20-04-2011,1786.4
19-04-2011,1756.62
18-04-2011,1753.43
15-04-2011,1790.71
14-04-2011,1791.95
13-04-2011,1808.17
12-04-2011,1794.01
11-04-2011,1815.2
08-04-2011,1814.91
07-04-2011,1804.1
06-04-2011,1806.68
05-04-2011,1796.76
04-04-2011,1798.91
01-04-2011,1798.71
31-03-2011,1774.93
30-03-2011,1787.49
29-03-2011,1771.65
28-03-2011,1771.23
25-03-2011,1767.05
24-03-2011,1765.66
23-03-2011,1749.15
22-03-2011,1740.91
21-03-2011,1741.63
18-03-2011,1701.86
17-03-2011,1702.09
16-03-2011,1669.11
15-03-2011,1696.62
14-03-2011,1729.06
11-03-2011,1750.87
10-03-2011,1768.41
09-03-2011,1783.74
08-03-2011,1785.21
07-03-2011,1777.38
04-03-2011,1780.17
03-03-2011,1791.52
02-03-2011,1790.16
01-03-2011,1804.64
28-02-2011,1812.47
25-02-2011,1800.1
24-02-2011,1785.41
23-02-2011,1794.53
22-02-2011,1810.04
21-02-2011,1821.14
18-02-2011,1851.97
17-02-2011,1845.05
16-02-2011,1847.08
15-02-2011,1830.99
14-02-2011,1833.77
11-02-2011,1837.08
10-02-2011,1833.17
09-02-2011,1836.15
08-02-2011,1837.07
07-02-2011,1832.53
04-02-2011,1819.56
03-02-2011,1810.73
02-02-2011,1823.11
01-02-2011,1828.61
31-01-2011,1800.97
28-01-2011,1797.87
27-01-2011,1808.85
26-01-2011,1798.03
25-01-2011,1794.24
24-01-2011,1808.37
21-01-2011,1803.71
20-01-2011,1776.08
19-01-2011,1776.91
18-01-2011,1786.82
17-01-2011,1767.58
14-01-2011,1777.01
13-01-2011,1772.34
12-01-2011,1762.89
11-01-2011,1724.59
10-01-2011,1711.83
07-01-2011,1739.62
06-01-2011,1750.74
05-01-2011,1746.88
04-01-2011,1758.22
03-01-2011,1755.61
31-12-2010,1733.26
30-12-2010,1740.26
29-12-2010,1755.76
28-12-2010,1748.2
27-12-2010,1746.62
24-12-2010,1759.96
23-12-2010,1763.25
22-12-2010,1764.62
21-12-2010,1763.75
20-12-2010,1749.48
17-12-2010,1737.8
16-12-2010,1754.29
15-12-2010,1748.88
14-12-2010,1758.99
13-12-2010,1753.65
10-12-2010,1747.74
09-12-2010,1754.79
08-12-2010,1744.3
07-12-2010,1736.92
06-12-2010,1720.88
03-12-2010,1727.23
02-12-2010,1727.3
01-12-2010,1697.69
30-11-2010,1660.54
29-11-2010,1670.59
26-11-2010,1703.66
25-11-2010,1714.97
24-11-2010,1709.41
23-11-2010,1695.5
22-11-2010,1731.25
19-11-2010,1748.14
18-11-2010,1753.08
17-11-2010,1727.79
16-11-2010,1718.76
15-11-2010,1753.26
12-11-2010,1737.55
11-11-2010,1734.03
10-11-2010,1748.98
09-11-2010,1768.01
08-11-2010,1751.94
05-11-2010,1759.66
04-11-2010,1766.45
03-11-2010,1744.08
02-11-2010,1753.97
01-11-2010,1740.62
29-10-2010,1741.77
28-10-2010,1742.72
27-10-2010,1730.56
26-10-2010,1739.73
25-10-2010,1743.16
22-10-2010,1743.55
21-10-2010,1747.33
20-10-2010,1728
19-10-2010,1718.35
18-10-2010,1721.13
15-10-2010,1718.69
14-10-2010,1717.05
13-10-2010,1719.81
12-10-2010,1692.56
11-10-2010,1701.75
08-10-2010,1700.6
07-10-2010,1706.01
06-10-2010,1705.39
05-10-2010,1692.36
04-10-2010,1670.22
01-10-2010,1680.54
30-09-2010,1685.23
29-09-2010,1690.91
28-09-2010,1696.87
27-09-2010,1693.24
24-09-2010,1698.04
23-09-2010,1675.81
22-09-2010,1686.11
21-09-2010,1704.87
20-09-2010,1704.94
17-09-2010,1686.31
16-09-2010,1698.19
15-09-2010,1703.82
14-09-2010,1708.64
13-09-2010,1709.65
10-09-2010,1693.57
09-09-2010,1695.16
08-09-2010,1678.82
07-09-2010,1667.83
06-09-2010,1685.05
03-09-2010,1679.8
02-09-2010,1667.53
01-09-2010,1668.53
31-08-2010,1628.02
30-08-2010,1621.33
27-08-2010,1629.51
26-08-2010,1611.2
25-08-2010,1600.44
24-08-2010,1612.56
23-08-2010,1641.53
20-08-2010,1629.09
19-08-2010,1647.35
18-08-2010,1674.62
17-08-2010,1678.39
16-08-2010,1655.09
13-08-2010,1658.32
12-08-2010,1659.21
11-08-2010,1660.81
10-08-2010,1702.51
09-08-2010,1718.21
06-08-2010,1693.64
05-08-2010,1715.34
04-08-2010,1721.37
03-08-2010,1713.36
02-08-2010,1716.01
30-07-2010,1677.14
29-07-2010,1688.46
28-07-2010,1685.57
27-07-2010,1690.86
26-07-2010,1673.56
23-07-2010,1663.13
22-07-2010,1658.13
21-07-2010,1614.42
20-07-2010,1601.33
19-07-2010,1601.85
16-07-2010,1608.38
15-07-2010,1638.42
14-07-2010,1654.79
13-07-2010,1654.12
12-07-2010,1625.55
09-07-2010,1622.68
08-07-2010,1619.42
07-07-2010,1606.43
06-07-2010,1582.38
05-07-2010,1546.57
02-07-2010,1550.79
01-07-2010,1548.12
30-06-2010,1573.52
29-06-2010,1571.38
28-06-2010,1627.87
25-06-2010,1606.72
24-06-2010,1612.83
23-06-2010,1643.96
22-06-2010,1664.29
21-06-2010,1674.4
18-06-2010,1667.04
17-06-2010,1651.03
16-06-2010,1649.39
15-06-2010,1648.58
14-06-2010,1627.34
11-06-2010,1608.65
10-06-2010,1589.89
09-06-2010,1557.27
08-06-2010,1528.15
07-06-2010,1545.6
04-06-2010,1561.41
03-06-2010,1599.86
02-06-2010,1581.97
01-06-2010,1582.61
31-05-2010,1585.07
28-05-2010,1587.43
27-05-2010,1586.04
26-05-2010,1543.36
25-05-2010,1518.61
24-05-2010,1563.38
21-05-2010,1571.45
20-05-2010,1569.37
19-05-2010,1598.76
18-05-2010,1642.38
17-05-2010,1610.89
14-05-2010,1620.1
13-05-2010,1686.89
12-05-2010,1682.18
11-05-2010,1656.27
10-05-2010,1671.97
07-05-2010,1546.92
06-05-2010,1608.1
05-05-2010,1645.29
04-05-2010,1675.43
03-05-2010,1736.54
30-04-2010,1733.52
29-04-2010,1732.59
28-04-2010,1705.33
27-04-2010,1735.42
26-04-2010,1793.52
23-04-2010,1787.63
22-04-2010,1781.39
21-04-2010,1806.06
20-04-2010,1817.79
19-04-2010,1803.21
16-04-2010,1809.99
15-04-2010,1836.77
14-04-2010,1834.93
13-04-2010,1822.1
12-04-2010,1827.99
09-04-2010,1822.01
08-04-2010,1791.61
07-04-2010,1809.73
06-04-2010,1813.93
01-04-2010,1802.49
31-03-2010,1778.83
30-03-2010,1782.9
29-03-2010,1787.92
26-03-2010,1782.01
25-03-2010,1783.79
24-03-2010,1763.95
23-03-2010,1771.48
22-03-2010,1752.88
19-03-2010,1758.08
18-03-2010,1769.75
17-03-2010,1780.99
16-03-2010,1762.87
15-03-2010,1748.8
12-03-2010,1770.04
11-03-2010,1759.56
10-03-2010,1767.69
09-03-2010,1745.39
08-03-2010,1741.43
05-03-2010,1732.18
04-03-2010,1712.19
03-03-2010,1713.62
02-03-2010,1694.78
01-03-2010,1680.15
26-02-2010,1660.89
25-02-2010,1632.58
24-02-2010,1658.02
23-02-2010,1662.65
22-02-2010,1693.24
19-02-2010,1701.11
18-02-2010,1691.69
17-02-2010,1677.38
16-02-2010,1655.59
15-02-2010,1630.69
12-02-2010,1625.91
11-02-2010,1637.43
10-02-2010,1643.62
09-02-2010,1620.53
08-02-2010,1606.8
05-02-2010,1606.04
04-02-2010,1641.74
03-02-2010,1704.4
02-02-2010,1719.14
01-02-2010,1698.88
29-01-2010,1688.11
28-01-2010,1665.4
27-01-2010,1689.55
26-01-2010,1706.58
25-01-2010,1702.32
22-01-2010,1712.11
21-01-2010,1727.68
20-01-2010,1755.81
19-01-2010,1794.07
18-01-2010,1776.96
15-01-2010,1768.8
14-01-2010,1789.94
13-01-2010,1773.97
12-01-2010,1766.19
11-01-2010,1799.24
08-01-2010,1795.54
07-01-2010,1784.47
06-01-2010,1785.41
05-01-2010,1780.41
04-01-2010,1766.69
31-12-2009,1725.92
30-12-2009,1727.38
29-12-2009,1737.08
28-12-2009,1726.54
24-12-2009,1720.85
23-12-2009,1720.1
22-12-2009,1714.39
21-12-2009,1699.95
18-12-2009,1672.68
17-12-2009,1687.65
16-12-2009,1705.79
15-12-2009,1680.24
14-12-2009,1682.95
11-12-2009,1669.46
10-12-2009,1667.46
09-12-2009,1652.59
08-12-2009,1680.52
07-12-2009,1707.54
04-12-2009,1713.4
03-12-2009,1697.1
02-12-2009,1693.57
01-12-2009,1684.33
30-11-2009,1642.81
27-11-2009,1667.37
26-11-2009,1646.06
25-11-2009,1705.24
24-11-2009,1697.31
23-11-2009,1711.67
20-11-2009,1678.51
19-11-2009,1694.63
18-11-2009,1725.72
17-11-2009,1715.81
16-11-2009,1729.72
13-11-2009,1708.27
12-11-2009,1712.58
11-11-2009,1704.13
10-11-2009,1686.73
09-11-2009,1685.92
06-11-2009,1647.36
05-11-2009,1644.35
04-11-2009,1629.69
03-11-2009,1594.53
02-11-2009,1618.17
30-10-2009,1601.6
29-10-2009,1645.02
28-10-2009,1596.42
27-10-2009,1661.5
26-10-2009,1676.56
23-10-2009,1703.27
22-10-2009,1714
21-10-2009,1739.38
20-10-2009,1740.33
19-10-2009,1744.93
16-10-2009,1723.44
15-10-2009,1740.81
14-10-2009,1741.33
13-10-2009,1701.55
12-10-2009,1720.89
09-10-2009,1705.96
08-10-2009,1705.6
07-10-2009,1685.99
06-10-2009,1694.61
05-10-2009,1638.75
02-10-2009,1619.33
01-10-2009,1656.11
30-09-2009,1697.9
29-09-2009,1699.58
28-09-2009,1707.38
25-09-2009,1672.04
24-09-2009,1686.28
23-09-2009,1714.64
22-09-2009,1711.51
21-09-2009,1701.55
18-09-2009,1723.34
17-09-2009,1724.82
16-09-2009,1709.26
15-09-2009,1670.61
14-09-2009,1665.85
11-09-2009,1675.97
10-09-2009,1661.44
09-09-2009,1659.52
08-09-2009,1643.82
07-09-2009,1634.8
04-09-2009,1605.27
03-09-2009,1577.33
02-09-2009,1569.29
01-09-2009,1593.61
31-08-2009,1637.25
28-08-2009,1659.83
27-08-2009,1638.61
26-08-2009,1643.44
25-08-2009,1659.25
24-08-2009,1638.95
21-08-2009,1600.46
20-08-2009,1554.35
19-08-2009,1522.37
18-08-2009,1523.03
17-08-2009,1506.55
14-08-2009,1543.98
13-08-2009,1557.81
12-08-2009,1520.24
11-08-2009,1503.54
10-08-2009,1529.33
07-08-2009,1536.78
06-08-2009,1520.39
05-08-2009,1508.09
04-08-2009,1505.87
03-08-2009,1506.09
31-07-2009,1475.28
30-07-2009,1466.72
29-07-2009,1431
28-07-2009,1418.58
27-07-2009,1436.91
24-07-2009,1421.22
23-07-2009,1427.03
22-07-2009,1400.17
21-07-2009,1396.25
20-07-2009,1378.53
17-07-2009,1357.21
16-07-2009,1357.65
15-07-2009,1347.39
14-07-2009,1302.41
13-07-2009,1286.24
10-07-2009,1253.22
09-07-2009,1273.03
08-07-2009,1261.41
07-07-2009,1282.38
06-07-2009,1290.31
03-07-2009,1314.23
02-07-2009,1320.4
01-07-2009,1354.95
30-06-2009,1330.03
29-06-2009,1347.9
26-06-2009,1315.3
25-06-2009,1315.57
24-06-2009,1321.8
23-06-2009,1281.37
22-06-2009,1285.92
19-06-2009,1337.43
18-06-2009,1317.51
17-06-2009,1315.27
16-06-2009,1355.7
15-06-2009,1362.4
12-06-2009,1403.96
11-06-2009,1408.22
10-06-2009,1398.32
09-06-2009,1378.74
08-06-2009,1371.56
05-06-2009,1397.68
04-06-2009,1380.66
03-06-2009,1384.56
02-06-2009,1415.56
01-06-2009,1398.59
29-05-2009,1350.42
28-05-2009,1354.84
27-05-2009,1373.01
26-05-2009,1361.27
25-05-2009,1352.65
22-05-2009,1352.59
21-05-2009,1352.24
20-05-2009,1383.28
19-05-2009,1363.99
18-05-2009,1336.18
15-05-2009,1311.64
14-05-2009,1299.66
13-05-2009,1293.24
12-05-2009,1357.46
11-05-2009,1372.35
08-05-2009,1410.29
07-05-2009,1371.24
06-05-2009,1390.73
05-05-2009,1372.99
04-05-2009,1363.2
30-04-2009,1317.88
29-04-2009,1286.1
28-04-2009,1255.69
27-04-2009,1278
24-04-2009,1284.89
23-04-2009,1261.53
22-04-2009,1279.03
21-04-2009,1251.67
20-04-2009,1253.42
17-04-2009,1311.77
16-04-2009,1287.46
15-04-2009,1259.85
14-04-2009,1281.89
09-04-2009,1246.81
08-04-2009,1198.27
07-04-2009,1177.89
06-04-2009,1194.8
03-04-2009,1212.85
02-04-2009,1206.06
01-04-2009,1127.31
31-03-2009,1114.93
30-03-2009,1083.64
27-03-2009,1149.79
26-03-2009,1171.89
25-03-2009,1165.94
24-03-2009,1155.09
23-03-2009,1158.9
20-03-2009,1122.88
19-03-2009,1120.03
18-03-2009,1098.44
17-03-2009,1103.9
16-03-2009,1115.22
13-03-2009,1084.62
12-03-2009,1078.62
11-03-2009,1062.57
10-03-2009,1053.74
09-03-2009,985.65
06-03-2009,995.35
05-03-2009,1009.79
04-03-2009,1072.98
03-03-2009,1032.54
02-03-2009,1048.92
27-02-2009,1103.91
26-02-2009,1125.35
25-02-2009,1090.05
24-02-2009,1096.12
23-02-2009,1110.8
20-02-2009,1130.92
19-02-2009,1186.25
18-02-2009,1180.54
17-02-2009,1184.02
16-02-2009,1229.76
13-02-2009,1249
12-02-2009,1245.77
11-02-2009,1272.58
10-02-2009,1277.23
09-02-2009,1317.34
06-02-2009,1306.19
05-02-2009,1270.24
04-02-2009,1276.44
03-02-2009,1245
02-02-2009,1216.93
30-01-2009,1248.44
29-01-2009,1271.8
28-01-2009,1295
27-01-2009,1232.55
26-01-2009,1233.09
23-01-2009,1189.15
22-01-2009,1203.68
21-01-2009,1211.33
20-01-2009,1205.76
19-01-2009,1244.56
16-01-2009,1276.4
15-01-2009,1262.76
14-01-2009,1290.08
13-01-2009,1345.83
12-01-2009,1376.56
09-01-2009,1384.62
08-01-2009,1399.2
07-01-2009,1412.2
06-01-2009,1435.64
05-01-2009,1426.01
02-01-2009,1416.88
31-12-2008,1364.14
30-12-2008,1360.13
29-12-2008,1334.38
24-12-2008,1327.88
23-12-2008,1323.63
22-12-2008,1330.36
19-12-2008,1336.8
18-12-2008,1350.01
17-12-2008,1341.24
16-12-2008,1363.32
15-12-2008,1351.08
12-12-2008,1361.7
11-12-2008,1400.38
10-12-2008,1414.24
09-12-2008,1400.87
08-12-2008,1383.95
05-12-2008,1301.42
04-12-2008,1345.06
03-12-2008,1344.91
02-12-2008,1336.14
01-12-2008,1292.41
28-11-2008,1368.07
27-11-2008,1355.14
26-11-2008,1315.58
25-11-2008,1311.39
24-11-2008,1293.5
21-11-2008,1184.89
20-11-2008,1202.28
19-11-2008,1233.67
18-11-2008,1300.52
17-11-2008,1306.73
14-11-2008,1359.48
13-11-2008,1360.21
12-11-2008,1358.14
11-11-2008,1413.28
10-11-2008,1480.07
07-11-2008,1467.52
06-11-2008,1431.47
05-11-2008,1540.73
04-11-2008,1565.96
03-11-2008,1491.66
31-10-2008,1476.05
30-10-2008,1412.02
29-10-2008,1377.92
28-10-2008,1237.97
27-10-2008,1276.02
24-10-2008,1379.43
23-10-2008,1452.89
22-10-2008,1466.98
21-10-2008,1549.5
20-10-2008,1536.58
17-10-2008,1498.96
16-10-2008,1466.87
15-10-2008,1555.33
14-10-2008,1667.11
13-10-2008,1622.73
10-10-2008,1476.55
09-10-2008,1607.96
08-10-2008,1626.62
07-10-2008,1761.58
06-10-2008,1815.1
03-10-2008,2008.49
02-10-2008,1923.07
01-10-2008,1931.81
30-09-2008,1897.92
29-09-2008,1838.62
26-09-2008,2021.52
25-09-2008,2068.73
24-09-2008,2007.51
23-09-2008,2006.9
22-09-2008,2057.96
19-09-2008,2099.42
18-09-2008,1857.43
17-09-2008,1887.46
16-09-2008,1952.88
15-09-2008,2024
12-09-2008,2152.91
11-09-2008,2119.9
10-09-2008,2157.75
09-09-2008,2196.56
08-09-2008,2211.68
05-09-2008,2109.12
04-09-2008,2172.29
03-09-2008,2241.39
02-09-2008,2260.99
01-09-2008,2218.9
29-08-2008,2226.84
28-08-2008,2214.53
27-08-2008,2155.27
26-08-2008,2152.77
25-08-2008,2145.91
22-08-2008,2167.07
21-08-2008,2111.21
20-08-2008,2148.25
19-08-2008,2137.53
18-08-2008,2213.24
15-08-2008,2219.38
14-08-2008,2209.68
13-08-2008,2198.94
12-08-2008,2275.92
11-08-2008,2295.74
08-08-2008,2243.15
07-08-2008,2229.48
06-08-2008,2246.77
05-08-2008,2216.5
04-08-2008,2132.84
01-08-2008,2138.59
31-07-2008,2164.85
30-07-2008,2158.62
29-07-2008,2115.03
28-07-2008,2103.77
25-07-2008,2157.19
24-07-2008,2189.92
23-07-2008,2235.13
22-07-2008,2169.47
21-07-2008,2214.81
18-07-2008,2180.61
17-07-2008,2114.68
16-07-2008,2043.45
15-07-2008,2014.72
14-07-2008,2093.73
11-07-2008,2074.96
10-07-2008,2150.47
09-07-2008,2196.71
08-07-2008,2145.53
07-07-2008,2205.96
04-07-2008,2194.22
03-07-2008,2239.16
02-07-2008,2213.32
01-07-2008,2220.46
30-06-2008,2276.45
27-06-2008,2295.14
26-06-2008,2310.15
25-06-2008,2410.58
24-06-2008,2361.59
23-06-2008,2365.6
20-06-2008,2391.73
19-06-2008,2439.24
18-06-2008,2457.77
17-06-2008,2526.04
16-06-2008,2511.41
13-06-2008,2519.84
12-06-2008,2512.5
11-06-2008,2468.47
10-06-2008,2514.91
09-06-2008,2550.4
06-06-2008,2584.23
05-06-2008,2651.14
04-06-2008,2665.52
03-06-2008,2686.68
02-06-2008,2696.36
30-05-2008,2725.62
29-05-2008,2713.46
28-05-2008,2723.33
27-05-2008,2703.92
26-05-2008,2718.38
23-05-2008,2714.37
22-05-2008,2760.37
21-05-2008,2761.88
20-05-2008,2807.44
19-05-2008,2856.86
16-05-2008,2843.84
15-05-2008,2852.34
14-05-2008,2837
13-05-2008,2808.31
12-05-2008,2829.48
09-05-2008,2824.35
08-05-2008,2849.89
07-05-2008,2852.25
06-05-2008,2830.51
05-05-2008,2851.88
02-05-2008,2852.27
30-04-2008,2791.35
29-04-2008,2776.89
28-04-2008,2797.47
25-04-2008,2766.98
24-04-2008,2747.19
23-04-2008,2767.96
22-04-2008,2762.34
21-04-2008,2791.57
18-04-2008,2821.87
17-04-2008,2747.12
16-04-2008,2748.12
15-04-2008,2701.69
14-04-2008,2705.04
11-04-2008,2744.23
10-04-2008,2773.29
09-04-2008,2787.35
08-04-2008,2821.45
07-04-2008,2838.23
04-04-2008,2802.52
03-04-2008,2794.51
02-04-2008,2859.68
01-04-2008,2812.48
31-03-2008,2702.71
28-03-2008,2708.01
27-03-2008,2720.26
26-03-2008,2683.65
25-03-2008,2708.1
20-03-2008,2601.94
19-03-2008,2648.25
18-03-2008,2701.54
17-03-2008,2635.24
14-03-2008,2711.51
13-03-2008,2734.69
12-03-2008,2776.09
11-03-2008,2757.53
10-03-2008,2716.6
07-03-2008,2716.11
06-03-2008,2749.59
05-03-2008,2793.81
04-03-2008,2733.06
03-03-2008,2783.85
29-02-2008,2820.27
28-02-2008,2852.02
27-02-2008,2882.98
26-02-2008,2881.47
25-02-2008,2844.05
22-02-2008,2790.91
21-02-2008,2823.02
20-02-2008,2825.81
19-02-2008,2853.8
18-02-2008,2842.63
15-02-2008,2810.14
14-02-2008,2853.6
13-02-2008,2843.77
12-02-2008,2846.73
11-02-2008,2774.16
08-02-2008,2799.91
07-02-2008,2807.36
06-02-2008,2852.21
05-02-2008,2829.54
04-02-2008,2928.25
01-02-2008,2912.33
31-01-2008,2878.77
30-01-2008,2881.77
29-01-2008,2893.32
28-01-2008,2840.3
25-01-2008,2862.74
24-01-2008,2853.07
23-01-2008,2738.14
22-01-2008,2844.97
21-01-2008,2806.83
18-01-2008,2958.93
17-01-2008,3002.3
16-01-2008,3003.25
15-01-2008,3019.69
14-01-2008,3084.51
11-01-2008,3077.8
10-01-2008,3092.83
09-01-2008,3142.93
08-01-2008,3162.98
07-01-2008,3145.26
04-01-2008,3132.25
03-01-2008,3158.35
02-01-2008,3170.39
31-12-2007,3204.97
28-12-2007,3205.47
27-12-2007,3199.84
21-12-2007,3173.01
20-12-2007,3140.65
19-12-2007,3130.57
18-12-2007,3153.71
17-12-2007,3162.7
14-12-2007,3209.73
13-12-2007,3201.44
12-12-2007,3264.39
11-12-2007,3258.39
10-12-2007,3277.04
07-12-2007,3270.2
06-12-2007,3242.48
05-12-2007,3234.58
04-12-2007,3184.17
03-12-2007,3230.61
30-11-2007,3239.39
29-11-2007,3193.78
28-11-2007,3184.93
27-11-2007,3123.35
26-11-2007,3127.79
23-11-2007,3156.91
22-11-2007,3103.12
21-11-2007,3084.69
20-11-2007,3145.13
19-11-2007,3117.77
16-11-2007,3151.08
15-11-2007,3152.15
14-11-2007,3173.54
13-11-2007,3186.96
12-11-2007,3164.74
09-11-2007,3148.53
08-11-2007,3167.93
07-11-2007,3189.12
06-11-2007,3215.54
05-11-2007,3216.27
02-11-2007,3248.86
01-11-2007,3283.09
31-10-2007,3346.58
30-10-2007,3313.81
29-10-2007,3344.19
26-10-2007,3337.65
25-10-2007,3333.45
24-10-2007,3286.26
23-10-2007,3303.47
22-10-2007,3274.81
19-10-2007,3330.92
18-10-2007,3347.22
17-10-2007,3368.82
16-10-2007,3358.72
15-10-2007,3366.58
12-10-2007,3410.23
11-10-2007,3424.67
10-10-2007,3419.43
09-10-2007,3431.85
08-10-2007,3421.12
05-10-2007,3446.53
04-10-2007,3371.47
03-10-2007,3372.35
02-10-2007,3366.71
01-10-2007,3350.93
28-09-2007,3326.51
27-09-2007,3327.06
26-09-2007,3299.92
25-09-2007,3280.09
24-09-2007,3310.78
21-09-2007,3334.56
20-09-2007,3323.15
19-09-2007,3341.64
18-09-2007,3259.96
17-09-2007,3218.87
14-09-2007,3268.97
13-09-2007,3296.41
12-09-2007,3255.41
11-09-2007,3253.16
10-09-2007,3211.37
07-09-2007,3238.95
06-09-2007,3307.81
05-09-2007,3298.32
04-09-2007,3370.32
03-09-2007,3350.51
31-08-2007,3355.86
30-08-2007,3320.07
29-08-2007,3287.84
28-08-2007,3261.74
27-08-2007,3308.72
24-08-2007,3316.9
23-08-2007,3284.53
22-08-2007,3282.48
21-08-2007,3224.14
20-08-2007,3224.69
17-08-2007,3191.61
16-08-2007,3127.4
15-08-2007,3241.46
14-08-2007,3248.17
13-08-2007,3276.64
10-08-2007,3201.11
09-08-2007,3265.91
08-08-2007,3352.65
07-08-2007,3314.7
06-08-2007,3272.86
03-08-2007,3284.76
02-08-2007,3311.79
01-08-2007,3265.42
31-07-2007,3305.37
30-07-2007,3227.92
27-07-2007,3234.65
26-07-2007,3258.54
25-07-2007,3351.23
24-07-2007,3404.93
23-07-2007,3465.65
20-07-2007,3450.74
19-07-2007,3493.43
18-07-2007,3476
17-07-2007,3528.36
16-07-2007,3543.47
13-07-2007,3535.45
12-07-2007,3531.21
11-07-2007,3494.05
10-07-2007,3516.93
09-07-2007,3553.36
06-07-2007,3551.23
05-07-2007,3523.27
04-07-2007,3559.41
03-07-2007,3549.93
02-07-2007,3529.6
29-06-2007,3543.13
28-06-2007,3512.55
27-06-2007,3479.46
26-06-2007,3507.14
25-06-2007,3526.65
22-06-2007,3562.55
21-06-2007,3555.19
20-06-2007,3599.94
19-06-2007,3596.59
18-06-2007,3598.8
15-06-2007,3627.22
14-06-2007,3586.23
13-06-2007,3535.48
12-06-2007,3538.55
11-06-2007,3555.85
08-06-2007,3519.57
07-06-2007,3520.64
06-06-2007,3570.44
05-06-2007,3640.05
04-06-2007,3674.14
01-06-2007,3690.95
31-05-2007,3657.49
30-05-2007,3632.26
29-05-2007,3647.98
25-05-2007,3613.17
24-05-2007,3616.32
23-05-2007,3653.24
22-05-2007,3629.91
21-05-2007,3623.38
18-05-2007,3641.95
17-05-2007,3594.81
16-05-2007,3585.65
15-05-2007,3616.46
14-05-2007,3593.46
11-05-2007,3620.53
10-05-2007,3567.17
09-05-2007,3585.18
08-05-2007,3585.5
07-05-2007,3605.03
04-05-2007,3600.49
03-05-2007,3603.32
02-05-2007,3596.98
30-04-2007,3555.16
27-04-2007,3558.66
26-04-2007,3568.46
25-04-2007,3564.03
24-04-2007,3558.53
23-04-2007,3557.77
20-04-2007,3572.08
19-04-2007,3507.95
18-04-2007,3533.2
17-04-2007,3557.67
16-04-2007,3557.42
13-04-2007,3519.08
12-04-2007,3498.72
11-04-2007,3512.87
10-04-2007,3519.5
05-04-2007,3481.62
04-04-2007,3472.89
03-04-2007,3465.19
02-04-2007,3422.93
30-03-2007,3414.12
29-03-2007,3396.73
28-03-2007,3353.83
27-03-2007,3378.89
26-03-2007,3382.6
23-03-2007,3397.86
22-03-2007,3395.2
21-03-2007,3343.49
20-03-2007,3339.5
19-03-2007,3328.47
16-03-2007,3290.68
15-03-2007,3325.93
14-03-2007,3267.27
13-03-2007,3372.75
12-03-2007,3417.81
09-03-2007,3423
08-03-2007,3412.61
07-03-2007,3363.97
06-03-2007,3316.84
05-03-2007,3294.76
02-03-2007,3342.86
01-03-2007,3355.94
28-02-2007,3393.18
27-02-2007,3420.43
26-02-2007,3534.77
23-02-2007,3518.87
22-02-2007,3524.83
21-02-2007,3512.11
20-02-2007,3518.03
19-02-2007,3530.91
16-02-2007,3508.05
15-02-2007,3504.06
14-02-2007,3494.29
13-02-2007,3456.44
12-02-2007,3440.74
09-02-2007,3456.15
08-02-2007,3432.62
07-02-2007,3445.87
06-02-2007,3422.87
05-02-2007,3405.15
02-02-2007,3405.84
01-02-2007,3369.61
31-01-2007,3336.64
30-01-2007,3342.12
29-01-2007,3323.04
26-01-2007,3311.46
25-01-2007,3329.17
24-01-2007,3345.07
23-01-2007,3298.53
22-01-2007,3302.8
19-01-2007,3318.64
18-01-2007,3299.67
17-01-2007,3294.28
16-01-2007,3315.06
15-01-2007,3318.68
12-01-2007,3294.79
11-01-2007,3286.14
10-01-2007,3240.82
09-01-2007,3259.58
08-01-2007,3252.7
05-01-2007,3255.64
04-01-2007,3286.02
03-01-2007,3304.66
02-01-2007,3314.9
29-12-2006,3267.6
28-12-2006,3266.47
27-12-2006,3259.01
22-12-2006,3219.63
21-12-2006,3245.97
20-12-2006,3247.51
19-12-2006,3217.46
18-12-2006,3237.27
15-12-2006,3234.84
14-12-2006,3223.38
13-12-2006,3196.42
12-12-2006,3174
11-12-2006,3180.21
08-12-2006,3145.8
07-12-2006,3141.94
06-12-2006,3125.07
05-12-2006,3115.65
04-12-2006,3089.89
01-12-2006,3074.93
30-11-2006,3098.6
29-11-2006,3125.47
28-11-2006,3077.94
27-11-2006,3090.02
24-11-2006,3134
23-11-2006,3143.84
22-11-2006,3154.18
21-11-2006,3148.17
20-11-2006,3141.39
17-11-2006,3141.33
16-11-2006,3160.68
15-11-2006,3151.79
14-11-2006,3132.41
13-11-2006,3139.55
10-11-2006,3128.5
09-11-2006,3129.14
08-11-2006,3136.72
07-11-2006,3135.59
06-11-2006,3128.85
03-11-2006,3099.42
02-11-2006,3088.74
01-11-2006,3107.97
31-10-2006,3105.85
30-10-2006,3091.22
27-10-2006,3106.02
26-10-2006,3108.18
25-10-2006,3090.23
24-10-2006,3084.5
23-10-2006,3073.02
20-10-2006,3062.19
19-10-2006,3057.11
18-10-2006,3058.41
17-10-2006,3027.61
16-10-2006,3065.15
13-10-2006,3051.42
12-10-2006,3057.4
11-10-2006,3028.97
10-10-2006,3021.49
09-10-2006,3007.42
06-10-2006,3001.51
05-10-2006,2991.77
04-10-2006,2978.6
03-10-2006,2955.51
02-10-2006,2951.23
29-09-2006,2948.1
28-09-2006,2938.79
27-09-2006,2935.32
26-09-2006,2902.08
25-09-2006,2864.93
22-09-2006,2863.73
21-09-2006,2888.91
20-09-2006,2874.98
19-09-2006,2837.14
18-09-2006,2850.52
15-09-2006,2853.57
14-09-2006,2842.5
13-09-2006,2829.03
12-09-2006,2815.91
11-09-2006,2796.1
08-09-2006,2805.8
07-09-2006,2801.13
06-09-2006,2823.73
05-09-2006,2847.02
04-09-2006,2857.64
01-09-2006,2849.6
31-08-2006,2837.79
30-08-2006,2843.5
29-08-2006,2830.54
28-08-2006,2829.57
25-08-2006,2811.39
24-08-2006,2808.33
23-08-2006,2801.74
22-08-2006,2813.56
21-08-2006,2804.31
18-08-2006,2810.75
17-08-2006,2816.85
16-08-2006,2811.09
15-08-2006,2790.19
14-08-2006,2770.18
11-08-2006,2741.82
10-08-2006,2755.56
09-08-2006,2780.98
08-08-2006,2769.66
07-08-2006,2763.06
04-08-2006,2790.46
03-08-2006,2762.26
02-08-2006,2777.62
01-08-2006,2743.98
31-07-2006,2759.38
28-07-2006,2766.97
27-07-2006,2753.89
26-07-2006,2715.91
25-07-2006,2694.32
24-07-2006,2698.71
21-07-2006,2656.06
20-07-2006,2685.82
19-07-2006,2675.17
18-07-2006,2611.63
17-07-2006,2626.3
14-07-2006,2635.54
13-07-2006,2673.32
12-07-2006,2710.23
11-07-2006,2689.99
10-07-2006,2716.13
07-07-2006,2696.08
06-07-2006,2698.28
05-07-2006,2675.75
04-07-2006,2709.48
03-07-2006,2701.08
30-06-2006,2689.99
29-06-2006,2643.02
28-06-2006,2594
27-06-2006,2599.73
26-06-2006,2620.96
23-06-2006,2615.96
22-06-2006,2612.72
21-06-2006,2597.38
20-06-2006,2596.46
19-06-2006,2585.84
16-06-2006,2574.32
15-06-2006,2592.5
14-06-2006,2525.64
13-06-2006,2521.6
12-06-2006,2583.78
09-06-2006,2608.12
08-06-2006,2574.81
07-06-2006,2645.78
06-06-2006,2627.3
05-06-2006,2698.52
02-06-2006,2718.49
01-06-2006,2713.33
31-05-2006,2697.21
30-05-2006,2657.12
29-05-2006,2709.83
26-05-2006,2717.55
25-05-2006,2674.54
24-05-2006,2638.4
23-05-2006,2660.32
22-05-2006,2600.81
19-05-2006,2680.92
18-05-2006,2661.12
17-05-2006,2678.87
16-05-2006,2749.89
15-05-2006,2745.84
12-05-2006,2792.96
11-05-2006,2841.46
10-05-2006,2868.13
09-05-2006,2885.99
08-05-2006,2866.46
05-05-2006,2860.21
04-05-2006,2837.88
03-05-2006,2822.09
02-05-2006,2845.69
01-05-2006,2812.2
28-04-2006,2812.2
27-04-2006,2839.54
26-04-2006,2852.69
25-04-2006,2853.83
24-04-2006,2840.24
21-04-2006,2839.22
20-04-2006,2814.63
19-04-2006,2788.2
18-04-2006,2751.82
13-04-2006,2763.76
12-04-2006,2755.03
11-04-2006,2769.99
10-04-2006,2808.49
07-04-2006,2798.6
06-04-2006,2825.66
05-04-2006,2824.12
04-04-2006,2818.83
03-04-2006,2828.09
31-03-2006,2812.17
30-03-2006,2815.99
29-03-2006,2792.66
28-03-2006,2786.64
27-03-2006,2808.42
24-03-2006,2832.63
23-03-2006,2828.41
22-03-2006,2831.24
21-03-2006,2833.01
20-03-2006,2818.34
17-03-2006,2804.81
16-03-2006,2807.06
15-03-2006,2809.88
14-03-2006,2792.71
13-03-2006,2773.39
10-03-2006,2757.73
09-03-2006,2733.36
08-03-2006,2725.99
07-03-2006,2743.78
06-03-2006,2761.54
03-03-2006,2748.2
02-03-2006,2755.69
01-03-2006,2786.8
28-02-2006,2778.18
27-02-2006,2802.35
24-02-2006,2795.4
23-02-2006,2780.32
22-02-2006,2788.07
21-02-2006,2760.09
20-02-2006,2732.48
17-02-2006,2721.87
16-02-2006,2712.47
15-02-2006,2680.99
14-02-2006,2672.71
13-02-2006,2672.52
10-02-2006,2647.58
09-02-2006,2645.48
08-02-2006,2617.95
07-02-2006,2631.12
06-02-2006,2644.67
03-02-2006,2640.08
02-02-2006,2638.64
01-02-2006,2649.66
31-01-2006,2612.56
30-01-2006,2603.26
27-01-2006,2609.99
26-01-2006,2555.19
25-01-2006,2510.09
24-01-2006,2493.03
23-01-2006,2489.69
20-01-2006,2498.73
19-01-2006,2515.62
18-01-2006,2498.07
17-01-2006,2516.67
16-01-2006,2527.08
13-01-2006,2512.09
12-01-2006,2533.14
11-01-2006,2516.96
10-01-2006,2484.84
09-01-2006,2493.37
06-01-2006,2489.83
05-01-2006,2483.99
04-01-2006,2497.91
03-01-2006,2473.58
02-01-2006,2462.73
30-12-2005,2451.25
29-12-2005,2463.72
28-12-2005,2447.85
27-12-2005,2449.42
26-12-2005,2433.17
23-12-2005,2443.14
22-12-2005,2433.17
21-12-2005,2429.94
20-12-2005,2413.67
19-12-2005,2407.74
16-12-2005,2427.91
15-12-2005,2396.63
14-12-2005,2393.33
13-12-2005,2396.33
12-12-2005,2398.92
09-12-2005,2392.09
08-12-2005,2396.01
07-12-2005,2392.38
06-12-2005,2395.41
05-12-2005,2385.56
02-12-2005,2382.94
01-12-2005,2370.95
30-11-2005,2345.4
29-11-2005,2350.51
28-11-2005,2352.6
25-11-2005,2361.22
24-11-2005,2351.03
23-11-2005,2356.74
22-11-2005,2345.45
21-11-2005,2344.47
18-11-2005,2334.49
17-11-2005,2325.34
16-11-2005,2325.34
15-11-2005,2325.05
14-11-2005,2324.05
11-11-2005,2327.43
10-11-2005,2300.05
09-11-2005,2296.94
08-11-2005,2296.15
07-11-2005,2300.76
04-11-2005,2288.19
03-11-2005,2294.49
02-11-2005,2268.66
01-11-2005,2272.34
31-10-2005,2267.93
28-10-2005,2220.1
27-10-2005,2214.94
26-10-2005,2245.27
25-10-2005,2237.66
24-10-2005,2244.47
21-10-2005,2214.23
20-10-2005,2227.85
19-10-2005,2216.88
18-10-2005,2258.33
17-10-2005,2271.24
14-10-2005,2275.61
13-10-2005,2269.43
12-10-2005,2300.59
11-10-2005,2320.61
10-10-2005,2316.98
07-10-2005,2321.02
06-10-2005,2327.03
05-10-2005,2359.85
04-10-2005,2382.15
03-10-2005,2368.55
30-09-2005,2357.67
29-09-2005,2348.37
28-09-2005,2354.81
27-09-2005,2337.63
26-09-2005,2339.83
23-09-2005,2312.38
22-09-2005,2299.21
21-09-2005,2307.81
20-09-2005,2336.31
19-09-2005,2319.23
16-09-2005,2321.23
15-09-2005,2302.49
14-09-2005,2297.29
13-09-2005,2286.6
12-09-2005,2306.57
09-09-2005,2308.65
08-09-2005,2303.34
07-09-2005,2307.96
06-09-2005,2303.58
05-09-2005,2277.71
02-09-2005,2258.98
01-09-2005,2257.6
31-08-2005,2246.67
30-08-2005,2229.6
29-08-2005,2228.99
26-08-2005,2225.02
25-08-2005,2241.97
24-08-2005,2257.99
23-08-2005,2259.67
22-08-2005,2274.78
19-08-2005,2268.33
18-08-2005,2254.91
17-08-2005,2268.1
16-08-2005,2279.08
15-08-2005,2282.58
12-08-2005,2288.79
11-08-2005,2299.96
10-08-2005,2304.76
09-08-2005,2275.01
08-08-2005,2258.65
05-08-2005,2247.95
04-08-2005,2264.49
03-08-2005,2280.47
02-08-2005,2279.86
01-08-2005,2267.6
29-07-2005,2266.58
28-07-2005,2277.69
27-07-2005,2266.49
26-07-2005,2259.58
25-07-2005,2260.67
22-07-2005,2258.29
21-07-2005,2256.61
20-07-2005,2238.34
19-07-2005,2242.7
18-07-2005,2219.72
15-07-2005,2214.86
14-07-2005,2223.98
13-07-2005,2215.3
12-07-2005,2211.77
11-07-2005,2211.84
08-07-2005,2189.32
07-07-2005,2167.61
06-07-2005,2192.81
05-07-2005,2187.26
04-07-2005,2192.84
01-07-2005,2194.65
30-06-2005,2180.45
29-06-2005,2174.13
28-06-2005,2162.84
27-06-2005,2145.98
24-06-2005,2156.8
23-06-2005,2174.34
22-06-2005,2165.02
21-06-2005,2161.89
20-06-2005,2152.57
17-06-2005,2166.62
16-06-2005,2149.72
15-06-2005,2140.41
14-06-2005,2147.92
13-06-2005,2144.21
10-06-2005,2132.72
09-06-2005,2123.63
08-06-2005,2129.11
07-06-2005,2126.07
06-06-2005,2103.02
03-06-2005,2107.97
02-06-2005,2111.16
01-06-2005,2110.84
31-05-2005,2081.63
30-05-2005,2085.46
27-05-2005,2079.53
26-05-2005,2079.74
25-05-2005,2065.58
24-05-2005,2064.69
23-05-2005,2061.85
20-05-2005,2052.68
19-05-2005,2052.64
18-05-2005,2036.45
17-05-2005,2005.74
16-05-2005,2007.32
13-05-2005,2014.01
12-05-2005,2018.6
11-05-2005,2007.97
10-05-2005,2002.62
09-05-2005,2012.95
06-05-2005,2020.99
05-05-2005,2019.81
04-05-2005,2004.76
03-05-2005,1999.48
02-05-2005,1993.13
29-04-2005,1983.27
28-04-2005,1976.58
27-04-2005,1986.2
26-04-2005,2012.57
25-04-2005,2019.42
22-04-2005,2014.13
21-04-2005,2009.07
20-04-2005,2012.69
19-04-2005,2019.28
18-04-2005,2010.66
15-04-2005,2051.54
14-04-2005,2089.99
13-04-2005,2102.22
12-04-2005,2090.96
11-04-2005,2095.75
08-04-2005,2094.45
07-04-2005,2087.71
06-04-2005,2084.73
05-04-2005,2069.51
04-04-2005,2051.59
01-04-2005,2066.62
31-03-2005,2063.44
30-03-2005,2059.23
29-03-2005,2068.73
28-03-2005,2067.58
25-03-2005,2067.58
24-03-2005,2067.58
23-03-2005,2052.85
22-03-2005,2055.17
21-03-2005,2046.05
18-03-2005,2053.32
17-03-2005,2045.68
16-03-2005,2043.25
15-03-2005,2071.71
14-03-2005,2053.81
11-03-2005,2057.07
10-03-2005,2059.68
09-03-2005,2076.64
08-03-2005,2084.14
07-03-2005,2094.23
04-03-2005,2088.19
03-03-2005,2073.82
02-03-2005,2075.5
01-03-2005,2077.2
28-02-2005,2075.17
25-02-2005,2065.92
24-02-2005,2044.63
23-02-2005,2048.04
22-02-2005,2062.5
21-02-2005,2071.35
18-02-2005,2093.11
17-02-2005,2093.71
16-02-2005,2091.21
15-02-2005,2098.03
14-02-2005,2088.21
11-02-2005,2086.53
10-02-2005,2062.36
09-02-2005,2060.6
08-02-2005,2064.38
07-02-2005,2064.7
04-02-2005,2062.51
03-02-2005,2045.51
02-02-2005,2043.64
01-02-2005,2031.75
31-01-2005,2015.19
28-01-2005,2002.06
27-01-2005,2009.36
26-01-2005,2004.1
25-01-2005,2010.68
24-01-2005,1994.5
21-01-2005,1999.54
20-01-2005,1990.91
19-01-2005,1999
18-01-2005,1994.68
17-01-2005,1994.66
14-01-2005,1987.52
13-01-2005,1978.65
12-01-2005,1968.24
11-01-2005,1979.67
10-01-2005,1997.5
07-01-2005,1995.39
06-01-2005,1981.99
05-01-2005,1966.07
04-01-2005,1972.65
03-01-2005,1960.63
31-12-2004,1946.91
30-12-2004,1945.38
29-12-2004,1949.14
28-12-2004,1943.12
27-12-2004,1938.25
24-12-2004,1939.42
23-12-2004,1941.02
22-12-2004,1940.75
21-12-2004,1929.25
20-12-2004,1934
17-12-2004,1918.72
16-12-2004,1928.35
15-12-2004,1924.61
14-12-2004,1922.68
13-12-2004,1911.05
10-12-2004,1899.56
09-12-2004,1898.05
08-12-2004,1905.36
07-12-2004,1909.06
06-12-2004,1907.5
03-12-2004,1908.51
02-12-2004,1910.34
01-12-2004,1902.94
30-11-2004,1877.98
29-11-2004,1881.1
26-11-2004,1885.15
25-11-2004,1890.09
24-11-2004,1880.53
23-11-2004,1877.52
22-11-2004,1871.33
19-11-2004,1872.08
18-11-2004,1878.92
17-11-2004,1885.88
16-11-2004,1866.85
15-11-2004,1878.35
12-11-2004,1883.84
11-11-2004,1881.49
10-11-2004,1873.46
09-11-2004,1879.21
08-11-2004,1883.79
05-11-2004,1883.33
04-11-2004,1876.53
03-11-2004,1875.29
02-11-2004,1872.47
01-11-2004,1861.61
29-10-2004,1848.25
28-10-2004,1847.44
27-10-2004,1837.36
26-10-2004,1818.41
25-10-2004,1815.78
22-10-2004,1839.12
21-10-2004,1836.33
20-10-2004,1825.16
19-10-2004,1840.33
18-10-2004,1831.85
15-10-2004,1832.02
14-10-2004,1829.02
13-10-2004,1832.06
12-10-2004,1830.71
11-10-2004,1840.4
08-10-2004,1842.2
07-10-2004,1844.12
06-10-2004,1840.81
05-10-2004,1841.35
04-10-2004,1830.12
01-10-2004,1816.73
30-09-2004,1793.61
29-09-2004,1803.12
28-09-2004,1788.28
27-09-2004,1784.28
24-09-2004,1792.98
23-09-2004,1795.13
22-09-2004,1808.84
21-09-2004,1817.46
20-09-2004,1812.27
17-09-2004,1808.59
16-09-2004,1806.21
15-09-2004,1813.14
14-09-2004,1810.43
13-09-2004,1808.53
10-09-2004,1795.68
09-09-2004,1784.24
08-09-2004,1788.24
07-09-2004,1788.31
06-09-2004,1793.62
03-09-2004,1794.95
02-09-2004,1781.69
01-09-2004,1764.73
31-08-2004,1758.26
30-08-2004,1761.13
27-08-2004,1761.03
26-08-2004,1749.48
25-08-2004,1742.56
24-08-2004,1741.54
23-08-2004,1741.54
20-08-2004,1726.99
19-08-2004,1719.92
18-08-2004,1718.29
17-08-2004,1714.25
16-08-2004,1706.63
13-08-2004,1700.76
12-08-2004,1699.71
11-08-2004,1692.64
10-08-2004,1700.96
09-08-2004,1692.18
06-08-2004,1703.8
05-08-2004,1731.57
04-08-2004,1721.98
03-08-2004,1732.59
02-08-2004,1715.54
30-07-2004,1714.85
29-07-2004,1709.37
28-07-2004,1692.1
27-07-2004,1690.57
26-07-2004,1677.89
23-07-2004,1685.58
22-07-2004,1680.18
21-07-2004,1698.94
20-07-2004,1692.67
19-07-2004,1690.69
16-07-2004,1695.06
15-07-2004,1695.98
14-07-2004,1706.89
13-07-2004,1719.18
12-07-2004,1719.78
09-07-2004,1718.45
08-07-2004,1717.53
07-07-2004,1706.67
06-07-2004,1700.68
05-07-2004,1710.35
02-07-2004,1716.96
01-07-2004,1714.99
30-06-2004,1723.73
29-06-2004,1719.57
28-06-2004,1721.68
25-06-2004,1711.92
24-06-2004,1714.38
23-06-2004,1713.04
22-06-2004,1711.3
21-06-2004,1714.26
18-06-2004,1710.75
17-06-2004,1707.04
16-06-2004,1707.61
15-06-2004,1699.98
14-06-2004,1685.67
11-06-2004,1701.37
10-06-2004,1699.46
09-06-2004,1697.34
08-06-2004,1703.74
07-06-2004,1707.2
04-06-2004,1694.27
03-06-2004,1680.4
02-06-2004,1678.51
01-06-2004,1669.56
31-05-2004,1679.87
28-05-2004,1677.69
27-05-2004,1685.8
26-05-2004,1675.74
25-05-2004,1662.79
24-05-2004,1673.32
21-05-2004,1662.99
20-05-2004,1661.85
19-05-2004,1671.11
18-05-2004,1649.87
17-05-2004,1641.27
14-05-2004,1657.26
13-05-2004,1663.8
12-05-2004,1653.03
11-05-2004,1669.17
10-05-2004,1644.3
07-05-2004,1686.44
06-05-2004,1695.79
05-05-2004,1715.58
04-05-2004,1708.59
03-05-2004,1703.27
30-04-2004,1693.49
29-04-2004,1708.36
28-04-2004,1726.15
27-04-2004,1743.19
26-04-2004,1748.74
23-04-2004,1741.45
22-04-2004,1738.23
21-04-2004,1728.11
20-04-2004,1745.54
19-04-2004,1734.03
16-04-2004,1742.07
15-04-2004,1738.4
14-04-2004,1743.16
13-04-2004,1756.78
12-04-2004,1745.03
09-04-2004,1745.03
08-04-2004,1745.03
07-04-2004,1740.35
06-04-2004,1745.41
05-04-2004,1741.79
02-04-2004,1737.88
01-04-2004,1711.43
31-03-2004,1689.09
30-03-2004,1688.66
29-03-2004,1714.09
26-03-2004,1697.89
25-03-2004,1695.25
24-03-2004,1675.19
23-03-2004,1675.28
22-03-2004,1673.91
19-03-2004,1696.39
18-03-2004,1695.86
17-03-2004,1708.7
16-03-2004,1684.17
15-03-2004,1686.31
12-03-2004,1715.91
11-03-2004,1715.1
10-03-2004,1751.32
09-03-2004,1747.44
08-03-2004,1763.53
05-03-2004,1751.2
04-03-2004,1749.58
03-03-2004,1734.39
02-03-2004,1733.89
01-03-2004,1718.55
27-02-2004,1707.37
26-02-2004,1695.93
25-02-2004,1690.25
24-02-2004,1692.89
23-02-2004,1712.33
20-02-2004,1701.54
19-02-2004,1714.56
18-02-2004,1699.88
17-02-2004,1696.28
16-02-2004,1692.24
13-02-2004,1683.86
12-02-2004,1687.94
11-02-2004,1690.18
10-02-2004,1683.17
09-02-2004,1680.21
06-02-2004,1670.82
05-02-2004,1665.68
04-02-2004,1666.01
03-02-2004,1659.2
02-02-2004,1664.43
30-01-2004,1662.86
29-01-2004,1668.53
28-01-2004,1677.93
27-01-2004,1675.87
26-01-2004,1666.3
23-01-2004,1674.17
22-01-2004,1675.31
21-01-2004,1672.12
20-01-2004,1655.58
19-01-2004,1665.65
16-01-2004,1661.71
15-01-2004,1652.24
14-01-2004,1644.61
13-01-2004,1626.92
12-01-2004,1622.85
09-01-2004,1614.34
08-01-2004,1613.75
07-01-2004,1605.91
06-01-2004,1613.52
05-01-2004,1614.23
02-01-2004,1600.95
01-01-2004,1583.81
31-12-2003,1583.81
30-12-2003,1581.37
29-12-2003,1577.58
26-12-2003,1568.9
25-12-2003,1568.9
24-12-2003,1568.9
23-12-2003,1569.13
22-12-2003,1557.3
19-12-2003,1563.79
18-12-2003,1563.65
17-12-2003,1558.23
16-12-2003,1557.67
15-12-2003,1561.58
12-12-2003,1554.63
11-12-2003,1550.09
10-12-2003,1549.14
09-12-2003,1555.91
08-12-2003,1548.53
05-12-2003,1549.36
04-12-2003,1549.77
03-12-2003,1552.74
02-12-2003,1550
01-12-2003,1546.45
28-11-2003,1527.77
27-11-2003,1525.87
26-11-2003,1524.42
25-11-2003,1527.36
24-11-2003,1513.14
21-11-2003,1499.72
20-11-2003,1496.5
19-11-2003,1502.72
18-11-2003,1506.74
17-11-2003,1509.21
14-11-2003,1529.33
13-11-2003,1526.59
12-11-2003,1525.03
11-11-2003,1519.22
10-11-2003,1526.29
07-11-2003,1525.69
06-11-2003,1506.72
05-11-2003,1508.92
04-11-2003,1510.34
03-11-2003,1508.57
31-10-2003,1486.97
30-10-2003,1482.93
29-10-2003,1473.67
28-10-2003,1468.09
27-10-2003,1459.91
24-10-2003,1454.81
23-10-2003,1458.84
22-10-2003,1458.38
21-10-2003,1474
20-10-2003,1468.66
17-10-2003,1466.66
16-10-2003,1467.95
15-10-2003,1473.85
14-10-2003,1460.22
13-10-2003,1460.8
10-10-2003,1452.72
09-10-2003,1460.85
08-10-2003,1446.29
07-10-2003,1443.59
06-10-2003,1450.28
03-10-2003,1455.34
02-10-2003,1432.97
01-10-2003,1430.66
30-09-2003,1419.78
29-09-2003,1426.83
26-09-2003,1431.95
25-09-2003,1421.59
24-09-2003,1431.39
23-09-2003,1437.91
22-09-2003,1444.29
19-09-2003,1461.63
18-09-2003,1464.66
17-09-2003,1465.27
16-09-2003,1455.22
15-09-2003,1446.95
12-09-2003,1448.1
11-09-2003,1452.49
10-09-2003,1447.8
09-09-2003,1462.45
08-09-2003,1478.21
05-09-2003,1470.93
04-09-2003,1476.05
03-09-2003,1479.29
02-09-2003,1468.25
01-09-2003,1467.76
29-08-2003,1451.63
28-08-2003,1454.11
27-08-2003,1453.74
26-08-2003,1445.85
25-08-2003,1454.77
22-08-2003,1461.3
21-08-2003,1458.57
20-08-2003,1443.02
19-08-2003,1441.1
18-08-2003,1433.25
15-08-2003,1425.18
14-08-2003,1421.8
13-08-2003,1403.23
12-08-2003,1403.76
11-08-2003,1401.97
08-08-2003,1398.34
07-08-2003,1394.45
06-08-2003,1389.9
05-08-2003,1401.61
04-08-2003,1399.71
01-08-2003,1400.96
31-07-2003,1407.02
30-07-2003,1407.5
29-07-2003,1403.13
28-07-2003,1416.31
25-07-2003,1406.18
24-07-2003,1416.01
23-07-2003,1402.96
22-07-2003,1404.04
21-07-2003,1404.23
18-07-2003,1415.08
17-07-2003,1408.21
16-07-2003,1406.34
15-07-2003,1416.26
14-07-2003,1420.21
11-07-2003,1400.91
10-07-2003,1390
09-07-2003,1393.78
08-07-2003,1404.3
07-07-2003,1402.89
04-07-2003,1375.26
03-07-2003,1380.83
02-07-2003,1373.87
01-07-2003,1356.9
30-06-2003,1373.49
27-06-2003,1377.24
26-06-2003,1371.69
25-06-2003,1372.43
24-06-2003,1362.93
23-06-2003,1370.49
20-06-2003,1388.61
19-06-2003,1379.19
18-06-2003,1396.97
17-06-2003,1400.04
16-06-2003,1393.02
13-06-2003,1376.39
12-06-2003,1385.93
11-06-2003,1372.64
10-06-2003,1360.41
09-06-2003,1367.39
06-06-2003,1375.3
05-06-2003,1357.36
04-06-2003,1364.61
03-06-2003,1352.27
02-06-2003,1350.83
30-05-2003,1333.75
29-05-2003,1323.54
28-05-2003,1321.27
27-05-2003,1308.76
26-05-2003,1307.12
23-05-2003,1310.53
22-05-2003,1310.33
21-05-2003,1302.53
20-05-2003,1309.9
19-05-2003,1306.67
16-05-2003,1332.46
15-05-2003,1337.17
14-05-2003,1326.03
13-05-2003,1322.93
12-05-2003,1320.7
09-05-2003,1319.23
08-05-2003,1312.51
07-05-2003,1334.8
06-05-2003,1337.16
05-05-2003,1315.98
02-05-2003,1307.3
01-05-2003,1300.56
30-04-2003,1300.56
29-04-2003,1299.2
28-04-2003,1299.15
25-04-2003,1288.28
24-04-2003,1299.37
23-04-2003,1314.26
22-04-2003,1294.21
21-04-2003,1291.23
18-04-2003,1291.23
17-04-2003,1291.23
16-04-2003,1291.48
15-04-2003,1293.95
14-04-2003,1278.94
11-04-2003,1275.37
10-04-2003,1266.95
09-04-2003,1275.32
08-04-2003,1279.92
07-04-2003,1292.07
04-04-2003,1259.24
03-04-2003,1252.91
02-04-2003,1239.54
01-04-2003,1214.93
31-03-2003,1205.25
28-03-2003,1224.71
27-03-2003,1224.01
26-03-2003,1232.24
25-03-2003,1235.5
24-03-2003,1223.65
21-03-2003,1255.06
20-03-2003,1223.09
19-03-2003,1241.92
18-03-2003,1225.98
17-03-2003,1214.27
14-03-2003,1202.88
13-03-2003,1170.54
12-03-2003,1135.82
11-03-2003,1166.92
10-03-2003,1173.63
07-03-2003,1194.95
06-03-2003,1194.9
05-03-2003,1200.7
04-03-2003,1217.07
03-03-2003,1230.07
28-02-2003,1236.37
27-02-2003,1220.92
26-02-2003,1207.04
25-02-2003,1224.15
24-02-2003,1257.27
21-02-2003,1273.57
20-02-2003,1263.65
19-02-2003,1268.37
18-02-2003,1276.64
17-02-2003,1266.11
14-02-2003,1260.41
13-02-2003,1243.37
12-02-2003,1242.97
11-02-2003,1262.17
10-02-2003,1245.8
07-02-2003,1248.05
06-02-2003,1261.04
05-02-2003,1276.74
04-02-2003,1268.24
03-02-2003,1291.91
31-01-2003,1280.58
30-01-2003,1267.78
29-01-2003,1256.34
28-01-2003,1260.96
27-01-2003,1268.56
24-01-2003,1299.67
23-01-2003,1307.24
22-01-2003,1308.66
21-01-2003,1312.77
20-01-2003,1325.07
17-01-2003,1324.98
16-01-2003,1346.47
15-01-2003,1338.93
14-01-2003,1342.39
13-01-2003,1333.99
10-01-2003,1330.46
09-01-2003,1327.54
08-01-2003,1322.27
07-01-2003,1334.37
06-01-2003,1345.12
03-01-2003,1342.42
02-01-2003,1336.58
01-01-2003,1290.02
31-12-2002,1290.02
30-12-2002,1288.75
27-12-2002,1282.82
26-12-2002,1302.88
25-12-2002,1302.88
24-12-2002,1302.88
23-12-2002,1303.61
20-12-2002,1301.81
19-12-2002,1293.93
18-12-2002,1299.02
17-12-2002,1314.55
16-12-2002,1317.37
13-12-2002,1300.61
12-12-2002,1321.75
11-12-2002,1336.25
10-12-2002,1328.1
09-12-2002,1319.24
06-12-2002,1345.72
05-12-2002,1352.99
04-12-2002,1359.26
03-12-2002,1370.4
02-12-2002,1390.01
29-11-2002,1386.85
28-11-2002,1370.51
27-11-2002,1362.47
26-11-2002,1338.74
25-11-2002,1349.21
22-11-2002,1343.53
21-11-2002,1347.24
20-11-2002,1324.68
19-11-2002,1325.37
18-11-2002,1331.5
15-11-2002,1324.99
14-11-2002,1331.17
13-11-2002,1309.34
12-11-2002,1317.29
11-11-2002,1308.55
08-11-2002,1318.36
07-11-2002,1321.69
06-11-2002,1342.07
05-11-2002,1350.61
04-11-2002,1358.36
01-11-2002,1325.72
31-10-2002,1323.55
30-10-2002,1296.6
29-10-2002,1280
28-10-2002,1313.47
25-10-2002,1299.39
24-10-2002,1309.13
23-10-2002,1287.59
22-10-2002,1311.6
21-10-2002,1318.51
18-10-2002,1316.71
17-10-2002,1311.26
16-10-2002,1287
15-10-2002,1292.72
14-10-2002,1251.1
11-10-2002,1257.79
10-10-2002,1213.87
09-10-2002,1194.53
08-10-2002,1208.62
07-10-2002,1217.35
04-10-2002,1237.57
03-10-2002,1253.62
02-10-2002,1264.39
01-10-2002,1243.29
30-09-2002,1228.52
27-09-2002,1271.15
26-09-2002,1276.81
25-09-2002,1238.04
24-09-2002,1229.29
23-09-2002,1262.96
20-09-2002,1302.04
19-09-2002,1299.24
18-09-2002,1316.15
17-09-2002,1355.31
16-09-2002,1361.57
13-09-2002,1365.33
12-09-2002,1380.38
11-09-2002,1408.66
10-09-2002,1387.24
09-09-2002,1369.38
06-09-2002,1383.32
05-09-2002,1362.14
04-09-2002,1369.45
03-09-2002,1376.26
02-09-2002,1413.74
30-08-2002,1419.75
29-08-2002,1408.35
28-08-2002,1430.72
27-08-2002,1458.32
26-08-2002,1441.57
23-08-2002,1451.84
22-08-2002,1451.42
21-08-2002,1440.88
20-08-2002,1428.06
19-08-2002,1436.83
16-08-2002,1415.46
15-08-2002,1410.24
14-08-2002,1389.16
13-08-2002,1397.88
12-08-2002,1391.45
09-08-2002,1406.73
08-08-2002,1395.38
07-08-2002,1368.79
06-08-2002,1361.87
05-08-2002,1340.01
02-08-2002,1373.37
01-08-2002,1376.37
31-07-2002,1402.01
30-07-2002,1393.97
29-07-2002,1392.09
26-07-2002,1346.93
25-07-2002,1338.5
24-07-2002,1318.4
23-07-2002,1360.78
22-07-2002,1387.71
19-07-2002,1425.42
18-07-2002,1457.29
17-07-2002,1449.08
16-07-2002,1433.57
15-07-2002,1444.31
12-07-2002,1486.38
11-07-2002,1490.2
10-07-2002,1525.91
09-07-2002,1548.64
08-07-2002,1549.38
05-07-2002,1543.9
04-07-2002,1526.75
03-07-2002,1517.35
02-07-2002,1538.66
01-07-2002,1556.71
28-06-2002,1552.99
27-06-2002,1521.75
26-06-2002,1515.16
25-06-2002,1543.37
24-06-2002,1531.11
21-06-2002,1564.4
20-06-2002,1568.09
19-06-2002,1591.59
18-06-2002,1611.43
17-06-2002,1608.52
14-06-2002,1587.27
13-06-2002,1621.11
12-06-2002,1634.41
11-06-2002,1651.25
10-06-2002,1643.97
07-06-2002,1637.91
06-06-2002,1657.54
05-06-2002,1661.23
04-06-2002,1655.56
03-06-2002,1672.77
31-05-2002,1680.02
30-05-2002,1678.32
29-05-2002,1690.25
28-05-2002,1694.18
27-05-2002,1692.2
24-05-2002,1693.71
23-05-2002,1693.89
22-05-2002,1684.54
21-05-2002,1686.53
20-05-2002,1689.55
17-05-2002,1698.92
16-05-2002,1699.57
15-05-2002,1707.64
14-05-2002,1705.38
13-05-2002,1692.09
10-05-2002,1676.83
09-05-2002,1682.33
08-05-2002,1684.24
07-05-2002,1660.19
06-05-2002,1664.49
03-05-2002,1670.84
02-05-2002,1669.32
01-05-2002,1668.86
30-04-2002,1668.86
29-04-2002,1660.66
26-04-2002,1663.67
25-04-2002,1664.48
24-04-2002,1677.87
23-04-2002,1675.53
22-04-2002,1681.23
19-04-2002,1686.22
18-04-2002,1681.37
17-04-2002,1680.23
16-04-2002,1682.36
15-04-2002,1669.13
12-04-2002,1663.58
11-04-2002,1661.29
10-04-2002,1671.77
09-04-2002,1661.04
08-04-2002,1660.88
05-04-2002,1678
04-04-2002,1674.03
03-04-2002,1681.65
02-04-2002,1685.29
01-04-2002,1685.78
29-03-2002,1685.78
28-03-2002,1685.78
27-03-2002,1668.15
26-03-2002,1665.86
25-03-2002,1664.25
22-03-2002,1670.7
21-03-2002,1657.08
20-03-2002,1656.85
19-03-2002,1668.69
18-03-2002,1661.78
15-03-2002,1652.06
14-03-2002,1646.05
13-03-2002,1643.79
12-03-2002,1643.16
11-03-2002,1651.11
08-03-2002,1647.61
07-03-2002,1631.6
06-03-2002,1622.37
05-03-2002,1624.32
04-03-2002,1630.97
01-03-2002,1607.1
28-02-2002,1596.3
27-02-2002,1597.21
26-02-2002,1591.46
25-02-2002,1579.65
22-02-2002,1571.15
21-02-2002,1578.34
20-02-2002,1569.33
19-02-2002,1573.15
18-02-2002,1593.83
15-02-2002,1603.27
14-02-2002,1600.26
13-02-2002,1583.67
12-02-2002,1573.06
11-02-2002,1562.54
08-02-2002,1557.32
07-02-2002,1550.51
06-02-2002,1557.15
05-02-2002,1581.77
04-02-2002,1595.24
01-02-2002,1596.09
31-01-2002,1586.67
30-01-2002,1567.92
29-01-2002,1581.93
28-01-2002,1582.44
25-01-2002,1571.87
24-01-2002,1564.26
23-01-2002,1553.55
22-01-2002,1549.76
21-01-2002,1540.83
18-01-2002,1551.42
17-01-2002,1547.49
16-01-2002,1534.13
15-01-2002,1539.74
14-01-2002,1530.46
11-01-2002,1544.07
10-01-2002,1537.85
09-01-2002,1553.15
08-01-2002,1555.76
07-01-2002,1553.84
04-01-2002,1549.4
03-01-2002,1546.3
02-01-2002,1527.26
01-01-2002,1528.29
31-12-2001,1528.29
28-12-2001,1528.84
27-12-2001,1520.16
26-12-2001,1508.76
25-12-2001,1508.76
24-12-2001,1508.76
21-12-2001,1509.84
20-12-2001,1488.62
19-12-2001,1483.28
18-12-2001,1491.47
17-12-2001,1493.57
14-12-2001,1468.96
13-12-2001,1480.65
12-12-2001,1497.88
11-12-2001,1511.95
10-12-2001,1522.98
07-12-2001,1534.79
06-12-2001,1541.73
05-12-2001,1539.43
04-12-2001,1510.37
03-12-2001,1493.81
30-11-2001,1498.42
29-11-2001,1491.75
28-11-2001,1490.19
27-11-2001,1498.41
26-11-2001,1513.66
23-11-2001,1512.45
22-11-2001,1515.73
21-11-2001,1500.86
20-11-2001,1502.12
19-11-2001,1506.9
16-11-2001,1481.97
15-11-2001,1475.81
14-11-2001,1474.52
13-11-2001,1457.44
12-11-2001,1434.71
09-11-2001,1453.26
08-11-2001,1456.43
07-11-2001,1432.16
06-11-2001,1423.62
05-11-2001,1432.82
02-11-2001,1414.31
01-11-2001,1421.31
31-10-2001,1427.36
30-10-2001,1407.75
29-10-2001,1433.91
26-10-2001,1444
25-10-2001,1436.17
24-10-2001,1455.23
23-10-2001,1443.55
22-10-2001,1414.64
19-10-2001,1403.77
18-10-2001,1418.54
17-10-2001,1439.3
16-10-2001,1417.83
15-10-2001,1407.52
12-10-2001,1422.65
11-10-2001,1418.52
10-10-2001,1393.82
09-10-2001,1362.85
08-10-2001,1355.47
05-10-2001,1355.97
04-10-2001,1356.53
03-10-2001,1326.18
02-10-2001,1324.98
01-10-2001,1320.64
28-09-2001,1343.08
27-09-2001,1312.92
26-09-2001,1296.14
25-09-2001,1275.74
24-09-2001,1252.68
21-09-2001,1202.85
20-09-2001,1240.93
19-09-2001,1302.62
18-09-2001,1317.69
17-09-2001,1329.22
14-09-2001,1343.7
13-09-2001,1391.12
12-09-2001,1386.14
11-09-2001,1403.43
10-09-2001,1473.88
07-09-2001,1500.19
06-09-2001,1520.69
05-09-2001,1535.18
04-09-2001,1546.11
03-09-2001,1544.26
31-08-2001,1557.96
30-08-2001,1563.53
29-08-2001,1583.73
28-08-2001,1582.52
27-08-2001,1590.34
24-08-2001,1593.51
23-08-2001,1578.9
22-08-2001,1574.64
21-08-2001,1569.11
20-08-2001,1560.03
17-08-2001,1562.85
16-08-2001,1578.67
15-08-2001,1583.67
14-08-2001,1589.71
13-08-2001,1584.92
10-08-2001,1574.76
09-08-2001,1576.91
08-08-2001,1592.69
07-08-2001,1596.81
06-08-2001,1592.54
03-08-2001,1583.25
02-08-2001,1579.68
01-08-2001,1579.31
31-07-2001,1567.15
30-07-2001,1563.18
27-07-2001,1558.56
26-07-2001,1552.38
25-07-2001,1547.4
24-07-2001,1565.02
23-07-2001,1577.33
20-07-2001,1577.98
19-07-2001,1582.16
18-07-2001,1571.03
17-07-2001,1580.83
16-07-2001,1597.81
13-07-2001,1595.55
12-07-2001,1583.2
11-07-2001,1582.68
10-07-2001,1600.06
09-07-2001,1601.91
06-07-2001,1590.92
05-07-2001,1616.49
04-07-2001,1625.65
03-07-2001,1623.05
02-07-2001,1625.14
29-06-2001,1615.65
28-06-2001,1606.4
27-06-2001,1602.6
26-06-2001,1600.16
25-06-2001,1635.02
22-06-2001,1628.57
21-06-2001,1618.6
20-06-2001,1619.96
19-06-2001,1633.85
18-06-2001,1620.13
15-06-2001,1633.64
14-06-2001,1643.11
13-06-2001,1661.43
12-06-2001,1666
11-06-2001,1690.33
08-06-2001,1700.71
07-06-2001,1699.38
06-06-2001,1696.17
05-06-2001,1707.68
04-06-2001,1695.05
01-06-2001,1694.41
31-05-2001,1687.53
30-05-2001,1680.99
29-05-2001,1689.42
28-05-2001,1702.05
25-05-2001,1691.94
24-05-2001,1699.13
23-05-2001,1698.01
22-05-2001,1705.42
21-05-2001,1700.39
18-05-2001,1716.81
17-05-2001,1706.67
16-05-2001,1681.29
15-05-2001,1685.19
14-05-2001,1684.12
11-05-2001,1683.09
10-05-2001,1669.29
09-05-2001,1655.77
08-05-2001,1655.85
07-05-2001,1656.77
04-05-2001,1649.35
03-05-2001,1652.19
02-05-2001,1671.04
01-05-2001,1678.05
30-04-2001,1678.05
27-04-2001,1658.32
26-04-2001,1648.67
25-04-2001,1638.69
24-04-2001,1640.73
23-04-2001,1619.5
20-04-2001,1625.03
19-04-2001,1628.2
18-04-2001,1620.88
17-04-2001,1594.46
16-04-2001,1612.45
13-04-2001,1612.45
12-04-2001,1612.45
11-04-2001,1607.09
10-04-2001,1596.62
09-04-2001,1578.72
06-04-2001,1565.31
05-04-2001,1581.87
04-04-2001,1563.81
03-04-2001,1553.76
02-04-2001,1597.29
30-03-2001,1594.44
29-03-2001,1576.26
28-03-2001,1577.51
27-03-2001,1584.35
26-03-2001,1551.07
23-03-2001,1512.42
22-03-2001,1486.15
21-03-2001,1563.4
20-03-2001,1597.45
19-03-2001,1594.83
16-03-2001,1598.46
15-03-2001,1617.93
14-03-2001,1613.32
13-03-2001,1640.43
12-03-2001,1661.22
09-03-2001,1685.46
08-03-2001,1685.25
07-03-2001,1683.12
06-03-2001,1669.22
05-03-2001,1656.36
02-03-2001,1658.63
01-03-2001,1662.32
28-02-2001,1675.51
27-02-2001,1666.32
26-02-2001,1654.23
23-02-2001,1651.67
22-02-2001,1669.25
21-02-2001,1673.36
20-02-2001,1675.41
19-02-2001,1670.14
16-02-2001,1667.4
15-02-2001,1668.64
14-02-2001,1656.63
13-02-2001,1661.13
12-02-2001,1667.69
09-02-2001,1666.14
08-02-2001,1677.65
07-02-2001,1667.81
06-02-2001,1675.44
05-02-2001,1664.58
02-02-2001,1668.58
01-02-2001,1672.29
31-01-2001,1675.34
30-01-2001,1660.26
29-01-2001,1640.04
26-01-2001,1641.09
25-01-2001,1646.98
24-01-2001,1633.62
23-01-2001,1627.62
22-01-2001,1623.9
19-01-2001,1618.24
18-01-2001,1624.13
17-01-2001,1620.09
16-01-2001,1601.26
15-01-2001,1609.93
12-01-2001,1611.17
11-01-2001,1611.72
10-01-2001,1607.3
09-01-2001,1616.3
08-01-2001,1630.29
05-01-2001,1637.44
04-01-2001,1640.37
03-01-2001,1626.06
02-01-2001,1641.92
01-01-2001,1637.66
29-12-2000,1637.66
28-12-2000,1640.92
27-12-2000,1630.75
26-12-2000,1604.97
25-12-2000,1604.97
22-12-2000,1604.97
21-12-2000,1595.96
20-12-2000,1586.34
19-12-2000,1595.92
18-12-2000,1573.19
15-12-2000,1564.04
14-12-2000,1577.65
13-12-2000,1590.92
12-12-2000,1602.89
11-12-2000,1608.29
08-12-2000,1594.58
07-12-2000,1599.62
06-12-2000,1612.49
05-12-2000,1608.95
04-12-2000,1593.4
01-12-2000,1609.06
30-11-2000,1600.76
29-11-2000,1614.33
28-11-2000,1612.39
27-11-2000,1602.98
24-11-2000,1594.77
23-11-2000,1580.21
22-11-2000,1576.86
21-11-2000,1588.04
20-11-2000,1583.76
17-11-2000,1591.7
16-11-2000,1588.1
15-11-2000,1584.18
14-11-2000,1581.11
13-11-2000,1556.65
10-11-2000,1570.86
09-11-2000,1572.6
08-11-2000,1579.75
07-11-2000,1580.23
06-11-2000,1574.59
03-11-2000,1558.16
02-11-2000,1553.53
01-11-2000,1560.29
31-10-2000,1557.45
30-10-2000,1541.65
27-10-2000,1531.98
26-10-2000,1517.91
25-10-2000,1515.52
24-10-2000,1515.37
23-10-2000,1495.66
20-10-2000,1496.28
19-10-2000,1503.64
18-10-2000,1485.88
17-10-2000,1505.69
16-10-2000,1504.06
13-10-2000,1503.5
12-10-2000,1510.64
11-10-2000,1518
10-10-2000,1538.51
09-10-2000,1525.61
06-10-2000,1536.58
05-10-2000,1542.17
