Date,STOXX Global ESG Impact USD
2019-10-09T00:00:00Z,1318.72
2019-10-08T00:00:00Z,1319.15
2019-10-07T00:00:00Z,1335.68
2019-10-04T00:00:00Z,1335.91
2019-10-03T00:00:00Z,1321.84
2019-10-02T00:00:00Z,1316.69
2019-10-01T00:00:00Z,1341.16
2019-09-30T00:00:00Z,1353.98
2019-09-27T00:00:00Z,1350.67
2019-09-26T00:00:00Z,1354.33
2019-09-25T00:00:00Z,1355.37
2019-09-24T00:00:00Z,1353.49
2019-09-23T00:00:00Z,1361.28
2019-09-20T00:00:00Z,1363.59
2019-09-19T00:00:00Z,1368.49
2019-09-18T00:00:00Z,1365.32
2019-09-17T00:00:00Z,1365.53
2019-09-16T00:00:00Z,1361.16
2019-09-13T00:00:00Z,1370.45
2019-09-12T00:00:00Z,1367.69
2019-09-11T00:00:00Z,1362.37
2019-09-10T00:00:00Z,1352.09
2019-09-09T00:00:00Z,1352.33
2019-09-06T00:00:00Z,1352.53
2019-09-05T00:00:00Z,1350.24
2019-09-04T00:00:00Z,1333.57
2019-09-03T00:00:00Z,1318.24
2019-09-02T00:00:00Z,1324.52
2019-08-30T00:00:00Z,1325.27
2019-08-29T00:00:00Z,1322.09
2019-08-28T00:00:00Z,1308.7
2019-08-27T00:00:00Z,1305.01
2019-08-26T00:00:00Z,1304.64
2019-08-23T00:00:00Z,1297.82
2019-08-22T00:00:00Z,1320.77
2019-08-21T00:00:00Z,1324.54
2019-08-20T00:00:00Z,1314.88
2019-08-19T00:00:00Z,1322.81
2019-08-16T00:00:00Z,1307.66
2019-08-15T00:00:00Z,1291.28
2019-08-14T00:00:00Z,1295.57
2019-08-13T00:00:00Z,1325.13
2019-08-12T00:00:00Z,1312.68
2019-08-09T00:00:00Z,1322.71
2019-08-08T00:00:00Z,1329.92
2019-08-07T00:00:00Z,1309.99
2019-08-06T00:00:00Z,1307.28
2019-08-05T00:00:00Z,1300.53
2019-08-02T00:00:00Z,1334.85
2019-08-01T00:00:00Z,1351.3
2019-07-31T00:00:00Z,1359.05
2019-07-30T00:00:00Z,1368.5
2019-07-29T00:00:00Z,1374.68
2019-07-26T00:00:00Z,1376.02
2019-07-25T00:00:00Z,1370.79
2019-07-24T00:00:00Z,1378.16
2019-07-23T00:00:00Z,1373.63
2019-07-22T00:00:00Z,1366.51
2019-07-19T00:00:00Z,1362.13
2019-07-18T00:00:00Z,1365.02
2019-07-17T00:00:00Z,1365.39
2019-07-16T00:00:00Z,1370.72
2019-07-15T00:00:00Z,1374.26
2019-07-12T00:00:00Z,1372.57
2019-07-11T00:00:00Z,1366.85
2019-07-10T00:00:00Z,1364.72
2019-07-09T00:00:00Z,1358.11
2019-07-08T00:00:00Z,1358.68
2019-07-05T00:00:00Z,1365.51
2019-07-04T00:00:00Z,1371.67
2019-07-03T00:00:00Z,1370.54
2019-07-02T00:00:00Z,1361.73
2019-07-01T00:00:00Z,1356.33
2019-06-28T00:00:00Z,1346.73
2019-06-27T00:00:00Z,1340.82
2019-06-26T00:00:00Z,1336.68
2019-06-25T00:00:00Z,1337.62
2019-06-24T00:00:00Z,1348.79
2019-06-21T00:00:00Z,1346.68
2019-06-20T00:00:00Z,1350.68
2019-06-19T00:00:00Z,1338.2
2019-06-18T00:00:00Z,1331.71
2019-06-17T00:00:00Z,1319.07
2019-06-14T00:00:00Z,1319.87
2019-06-13T00:00:00Z,1323.52
2019-06-12T00:00:00Z,1322.12
2019-06-11T00:00:00Z,1325.28
2019-06-10T00:00:00Z,1320.44
2019-06-07T00:00:00Z,1314.38
2019-06-06T00:00:00Z,1298.12
2019-06-05T00:00:00Z,1292.18
2019-06-04T00:00:00Z,1280.72
2019-06-03T00:00:00Z,1260.22
2019-05-31T00:00:00Z,1263.08
2019-05-30T00:00:00Z,1277.67
2019-05-29T00:00:00Z,1276.89
2019-05-28T00:00:00Z,1288.55
2019-05-27T00:00:00Z,1294.77
2019-05-24T00:00:00Z,1294.03
2019-05-23T00:00:00Z,1289.23
2019-05-22T00:00:00Z,1304.94
2019-05-21T00:00:00Z,1308.61
2019-05-20T00:00:00Z,1301.13
2019-05-17T00:00:00Z,1308.52
2019-05-16T00:00:00Z,1313.53
2019-05-15T00:00:00Z,1303.34
2019-05-14T00:00:00Z,1295.96
2019-05-13T00:00:00Z,1287.88
2019-05-10T00:00:00Z,1314.11
2019-05-09T00:00:00Z,1310.52
2019-05-08T00:00:00Z,1319.52
2019-05-07T00:00:00Z,1321.94
2019-05-06T00:00:00Z,1340.68
2019-05-03T00:00:00Z,1348.22
2019-05-02T00:00:00Z,1337.56
2019-05-01T00:00:00Z,1344.68
2019-04-30T00:00:00Z,1346.99
2019-04-29T00:00:00Z,1346.25
2019-04-26T00:00:00Z,1344.87
2019-04-25T00:00:00Z,1339.2
2019-04-24T00:00:00Z,1340.72
2019-04-23T00:00:00Z,1344.02
2019-04-22T00:00:00Z,1337.02
2019-04-18T00:00:00Z,1336.31
2019-04-17T00:00:00Z,1336.72
2019-04-16T00:00:00Z,1335.33
2019-04-15T00:00:00Z,1333.06
2019-04-12T00:00:00Z,1331.52
2019-04-11T00:00:00Z,1322.39
2019-04-10T00:00:00Z,1323.6
2019-04-09T00:00:00Z,1320.17
2019-04-08T00:00:00Z,1325.24
2019-04-05T00:00:00Z,1321.95
2019-04-04T00:00:00Z,1318.51
2019-04-03T00:00:00Z,1319.6
2019-04-02T00:00:00Z,1310.93
2019-04-01T00:00:00Z,1310.45
2019-03-29T00:00:00Z,1295.44
2019-03-28T00:00:00Z,1288.09
2019-03-27T00:00:00Z,1287.84
2019-03-26T00:00:00Z,1292.84
2019-03-25T00:00:00Z,1284.45
2019-03-22T00:00:00Z,1290.49
2019-03-21T00:00:00Z,1311
2019-03-20T00:00:00Z,1300.84
2019-03-19T00:00:00Z,1306.36
2019-03-18T00:00:00Z,1304.13
2019-03-15T00:00:00Z,1297.56
2019-03-14T00:00:00Z,1288.68
2019-03-13T00:00:00Z,1286.53
2019-03-12T00:00:00Z,1278.77
2019-03-11T00:00:00Z,1273.05
2019-03-08T00:00:00Z,1257.4
2019-03-07T00:00:00Z,1263.25
2019-03-06T00:00:00Z,1274.39
2019-03-05T00:00:00Z,1279.83
2019-03-04T00:00:00Z,1282.26
2019-03-01T00:00:00Z,1284.7
2019-02-28T00:00:00Z,1278.27
2019-02-27T00:00:00Z,1282.49
2019-02-26T00:00:00Z,1281.88
2019-02-25T00:00:00Z,1280.51
2019-02-22T00:00:00Z,1276.78
2019-02-21T00:00:00Z,1270.43
2019-02-20T00:00:00Z,1272.78
2019-02-19T00:00:00Z,1268.53
2019-02-18T00:00:00Z,1266.64
2019-02-15T00:00:00Z,1262.57
2019-02-14T00:00:00Z,1251.17
2019-02-13T00:00:00Z,1254.61
2019-02-12T00:00:00Z,1249.77
2019-02-11T00:00:00Z,1236.15
2019-02-08T00:00:00Z,1235.9
2019-02-07T00:00:00Z,1240.95
2019-02-06T00:00:00Z,1254.49
2019-02-05T00:00:00Z,1256.84
2019-02-04T00:00:00Z,1247.53
2019-02-01T00:00:00Z,1242.86
2019-01-31T00:00:00Z,1244.77
2019-01-30T00:00:00Z,1234.88
2019-01-29T00:00:00Z,1220.41
2019-01-28T00:00:00Z,1221.36
2019-01-25T00:00:00Z,1229.82
2019-01-24T00:00:00Z,1219.54
2019-01-23T00:00:00Z,1219.3
2019-01-22T00:00:00Z,1216.87
2019-01-21T00:00:00Z,1230.05
2019-01-18T00:00:00Z,1230.05
2019-01-17T00:00:00Z,1216.07
2019-01-16T00:00:00Z,1211.53
2019-01-15T00:00:00Z,1208.89
2019-01-14T00:00:00Z,1198.13
2019-01-11T00:00:00Z,1204.63
2019-01-10T00:00:00Z,1204.6
2019-01-09T00:00:00Z,1202.18
2019-01-08T00:00:00Z,1193.64
2019-01-07T00:00:00Z,1185.15
2019-01-04T00:00:00Z,1175.47
2019-01-03T00:00:00Z,1143.38
2019-01-02T00:00:00Z,1161.43
2018-12-31T00:00:00Z,1162.96
2018-12-28T00:00:00Z,1154.58
2018-12-27T00:00:00Z,1147.68
2018-12-26T00:00:00Z,1142.87
2018-12-24T00:00:00Z,1114.95
2018-12-21T00:00:00Z,1133.22
2018-12-20T00:00:00Z,1152.24
2018-12-19T00:00:00Z,1171.07
2018-12-18T00:00:00Z,1180.35
2018-12-17T00:00:00Z,1182.66
2018-12-14T00:00:00Z,1199.12
2018-12-13T00:00:00Z,1219.08
2018-12-12T00:00:00Z,1218.29
2018-12-11T00:00:00Z,1204.3
2018-12-10T00:00:00Z,1201.54
2018-12-07T00:00:00Z,1208.64
2018-12-06T00:00:00Z,1225.5
2018-12-05T00:00:00Z,1236.94
2018-12-04T00:00:00Z,1242.73
2018-12-03T00:00:00Z,1272.86
2018-11-30T00:00:00Z,1256.43
2018-11-29T00:00:00Z,1252.99
2018-11-28T00:00:00Z,1250.06
2018-11-27T00:00:00Z,1230.56
2018-11-26T00:00:00Z,1229.34
2018-11-23T00:00:00Z,1212.62
2018-11-22T00:00:00Z,1218.64
2018-11-21T00:00:00Z,1219.57
2018-11-20T00:00:00Z,1214.85
2018-11-19T00:00:00Z,1235.4
2018-11-16T00:00:00Z,1250.78
2018-11-15T00:00:00Z,1247.49
2018-11-14T00:00:00Z,1240.5
2018-11-13T00:00:00Z,1249.2
2018-11-12T00:00:00Z,1249.28
2018-11-09T00:00:00Z,1273.02
2018-11-08T00:00:00Z,1287.01
2018-11-07T00:00:00Z,1286.79
2018-11-06T00:00:00Z,1263.14
2018-11-05T00:00:00Z,1257.58
2018-11-02T00:00:00Z,1257.8
2018-11-01T00:00:00Z,1261.25
2018-10-31T00:00:00Z,1251.96
2018-10-30T00:00:00Z,1233.37
2018-10-29T00:00:00Z,1224.07
2018-10-26T00:00:00Z,1229.7
2018-10-25T00:00:00Z,1245.66
2018-10-24T00:00:00Z,1232.23
2018-10-23T00:00:00Z,1261.64
2018-10-22T00:00:00Z,1273.43
2018-10-19T00:00:00Z,1276.74
2018-10-18T00:00:00Z,1276.45
2018-10-17T00:00:00Z,1293.48
2018-10-16T00:00:00Z,1294.14
2018-10-15T00:00:00Z,1271.3
2018-10-12T00:00:00Z,1278.84
2018-10-11T00:00:00Z,1265.63
2018-10-10T00:00:00Z,1292
2018-10-09T00:00:00Z,1323.23
2018-10-08T00:00:00Z,1325.06
2018-10-05T00:00:00Z,1331.48
2018-10-04T00:00:00Z,1340.97
2018-10-03T00:00:00Z,1353.72
2018-10-02T00:00:00Z,1353.64
2018-10-01T00:00:00Z,1357.58
2018-09-28T00:00:00Z,1355.24
2018-09-27T00:00:00Z,1360.02
2018-09-26T00:00:00Z,1358.76
2018-09-25T00:00:00Z,1360.4
2018-09-24T00:00:00Z,1358.88
2018-09-21T00:00:00Z,1360.44
2018-09-20T00:00:00Z,1358.73
2018-09-19T00:00:00Z,1345.97
2018-09-18T00:00:00Z,1341.38
2018-09-17T00:00:00Z,1335.28
2018-09-14T00:00:00Z,1340.54
2018-09-13T00:00:00Z,1338.62
2018-09-12T00:00:00Z,1331.32
2018-09-11T00:00:00Z,1328.18
2018-09-10T00:00:00Z,1323.44
2018-09-07T00:00:00Z,1320.89
2018-09-06T00:00:00Z,1325.56
2018-09-05T00:00:00Z,1333.05
2018-09-04T00:00:00Z,1341.76
2018-09-03T00:00:00Z,1349.35
2018-08-31T00:00:00Z,1350.68
2018-08-30T00:00:00Z,1353.92
2018-08-29T00:00:00Z,1358.19
2018-08-28T00:00:00Z,1351.42
2018-08-27T00:00:00Z,1349.07
2018-08-24T00:00:00Z,1336.83
2018-08-23T00:00:00Z,1329.87
2018-08-22T00:00:00Z,1333.38
2018-08-21T00:00:00Z,1329.5
2018-08-20T00:00:00Z,1326.1
2018-08-17T00:00:00Z,1322.9
2018-08-16T00:00:00Z,1318.86
2018-08-15T00:00:00Z,1310.62
2018-08-14T00:00:00Z,1324.5
2018-08-13T00:00:00Z,1317.81
2018-08-10T00:00:00Z,1325.68
2018-08-09T00:00:00Z,1342.58
2018-08-08T00:00:00Z,1343.89
2018-08-07T00:00:00Z,1342.96
2018-08-06T00:00:00Z,1336.29
2018-08-03T00:00:00Z,1334.57
2018-08-02T00:00:00Z,1329.07
2018-08-01T00:00:00Z,1329.53
2018-07-31T00:00:00Z,1329.27
2018-07-30T00:00:00Z,1326.94
2018-07-27T00:00:00Z,1331.98
2018-07-26T00:00:00Z,1335.17
2018-07-25T00:00:00Z,1341.26
2018-07-24T00:00:00Z,1333.42
2018-07-23T00:00:00Z,1323.56
2018-07-20T00:00:00Z,1323.45
2018-07-19T00:00:00Z,1318.92
2018-07-18T00:00:00Z,1324.31
2018-07-17T00:00:00Z,1322.57
2018-07-16T00:00:00Z,1319.18
2018-07-13T00:00:00Z,1318.36
2018-07-12T00:00:00Z,1314.14
2018-07-11T00:00:00Z,1303.73
2018-07-10T00:00:00Z,1314.46
2018-07-09T00:00:00Z,1312.05
2018-07-06T00:00:00Z,1300.23
2018-07-05T00:00:00Z,1288.6
2018-07-04T00:00:00Z,1279.69
2018-07-03T00:00:00Z,1279.69
2018-07-02T00:00:00Z,1280.42
2018-06-29T00:00:00Z,1284.95
2018-06-28T00:00:00Z,1279.91
2018-06-27T00:00:00Z,1277.07
2018-06-26T00:00:00Z,1284.52
2018-06-25T00:00:00Z,1282.05
2018-06-22T00:00:00Z,1301.54
2018-06-21T00:00:00Z,1296.13
2018-06-20T00:00:00Z,1302.45
2018-06-19T00:00:00Z,1298.58
2018-06-18T00:00:00Z,1307.53
2018-06-15T00:00:00Z,1312.53
2018-06-14T00:00:00Z,1317.81
2018-06-13T00:00:00Z,1318.19
2018-06-12T00:00:00Z,1321.34
2018-06-11T00:00:00Z,1321.08
2018-06-08T00:00:00Z,1316.82
2018-06-07T00:00:00Z,1317.78
2018-06-06T00:00:00Z,1316.99
2018-06-05T00:00:00Z,1306.59
2018-06-04T00:00:00Z,1309.02
2018-06-01T00:00:00Z,1300.49
2018-05-31T00:00:00Z,1289.73
2018-05-30T00:00:00Z,1293.18
2018-05-29T00:00:00Z,1284.61
2018-05-28T00:00:00Z,1300.57
2018-05-25T00:00:00Z,1303.05
2018-05-24T00:00:00Z,1306.64
2018-05-23T00:00:00Z,1309.96
2018-05-22T00:00:00Z,1314.89
2018-05-21T00:00:00Z,1314.6
2018-05-18T00:00:00Z,1308.4
2018-05-17T00:00:00Z,1312.97
2018-05-16T00:00:00Z,1311.87
2018-05-15T00:00:00Z,1310.6
2018-05-14T00:00:00Z,1321.97
2018-05-11T00:00:00Z,1317.89
2018-05-10T00:00:00Z,1312.9
2018-05-09T00:00:00Z,1303.69
2018-05-08T00:00:00Z,1294.39
2018-05-07T00:00:00Z,1295.18
2018-05-04T00:00:00Z,1290.37
2018-05-03T00:00:00Z,1278.92
2018-05-02T00:00:00Z,1282.06
2018-05-01T00:00:00Z,1285.74
2018-04-30T00:00:00Z,1287.53
2018-04-27T00:00:00Z,1293.57
2018-04-26T00:00:00Z,1291.87
2018-04-25T00:00:00Z,1283.04
2018-04-24T00:00:00Z,1287.55
2018-04-23T00:00:00Z,1295.46
2018-04-20T00:00:00Z,1297.15
2018-04-19T00:00:00Z,1309.06
2018-04-18T00:00:00Z,1314.25
2018-04-17T00:00:00Z,1311.8
2018-04-16T00:00:00Z,1302.17
2018-04-13T00:00:00Z,1296.68
2018-04-12T00:00:00Z,1297.77
2018-04-11T00:00:00Z,1291.99
2018-04-10T00:00:00Z,1297.53
2018-04-09T00:00:00Z,1278.96
2018-04-06T00:00:00Z,1272.5
2018-04-05T00:00:00Z,1288.17
2018-04-04T00:00:00Z,1277.07
2018-04-03T00:00:00Z,1268.23
2018-04-02T00:00:00Z,1262.92
2018-03-29T00:00:00Z,1277.95
2018-03-28T00:00:00Z,1268.1
2018-03-27T00:00:00Z,1270.49
2018-03-26T00:00:00Z,1278.2
2018-03-23T00:00:00Z,1256.62
2018-03-22T00:00:00Z,1280.24
2018-03-21T00:00:00Z,1301.94
2018-03-20T00:00:00Z,1304.94
2018-03-19T00:00:00Z,1306.04
2018-03-16T00:00:00Z,1320.79
2018-03-15T00:00:00Z,1321.21
2018-03-14T00:00:00Z,1321.58
2018-03-13T00:00:00Z,1328.42
2018-03-12T00:00:00Z,1335.48
2018-03-09T00:00:00Z,1330.5
2018-03-08T00:00:00Z,1315.22
2018-03-07T00:00:00Z,1309.69
2018-03-06T00:00:00Z,1311.01
2018-03-05T00:00:00Z,1303.86
2018-03-02T00:00:00Z,1294.44
2018-03-01T00:00:00Z,1295.97
2018-02-28T00:00:00Z,1314.3
2018-02-27T00:00:00Z,1326.9
2018-02-26T00:00:00Z,1337.43
2018-02-23T00:00:00Z,1323.78
2018-02-22T00:00:00Z,1309.67
2018-02-21T00:00:00Z,1309.84
2018-02-20T00:00:00Z,1314.85
2018-02-19T00:00:00Z,1319.73
2018-02-16T00:00:00Z,1321.68
2018-02-15T00:00:00Z,1317.48
2018-02-14T00:00:00Z,1301.29
2018-02-13T00:00:00Z,1285.94
2018-02-12T00:00:00Z,1282.37
2018-02-09T00:00:00Z,1265.86
2018-02-08T00:00:00Z,1263.33
2018-02-07T00:00:00Z,1296.51
2018-02-06T00:00:00Z,1296.17
2018-02-05T00:00:00Z,1299.19
2018-02-02T00:00:00Z,1340.09
2018-02-01T00:00:00Z,1365.34
2018-01-31T00:00:00Z,1367.28
2018-01-30T00:00:00Z,1367.83
2018-01-29T00:00:00Z,1380.4
2018-01-26T00:00:00Z,1388.35
2018-01-25T00:00:00Z,1379.24
2018-01-24T00:00:00Z,1377.79
2018-01-23T00:00:00Z,1376.99
2018-01-22T00:00:00Z,1370.44
2018-01-19T00:00:00Z,1362.04
2018-01-18T00:00:00Z,1356.54
2018-01-17T00:00:00Z,1358.7
2018-01-16T00:00:00Z,1351.96
2018-01-15T00:00:00Z,1355.33
2018-01-12T00:00:00Z,1349.77
2018-01-11T00:00:00Z,1339.57
2018-01-10T00:00:00Z,1334.17
2018-01-09T00:00:00Z,1333.11
2018-01-08T00:00:00Z,1330.62
2018-01-05T00:00:00Z,1330.74
2018-01-04T00:00:00Z,1322.46
2018-01-03T00:00:00Z,1310.53
2018-01-02T00:00:00Z,1305.44
2017-12-29T00:00:00Z,1297.34
2017-12-28T00:00:00Z,1299.2
2017-12-27T00:00:00Z,1297.31
2017-12-26T00:00:00Z,1294.92
2017-12-22T00:00:00Z,1295.91
2017-12-21T00:00:00Z,1296.58
2017-12-20T00:00:00Z,1292.34
2017-12-19T00:00:00Z,1293.69
2017-12-18T00:00:00Z,1298.32
2017-12-15T00:00:00Z,1285.55
2017-12-14T00:00:00Z,1280.19
2017-12-13T00:00:00Z,1283.43
2017-12-12T00:00:00Z,1283.34
2017-12-11T00:00:00Z,1282.04
2017-12-08T00:00:00Z,1275.29
2017-12-07T00:00:00Z,1269.24
2017-12-06T00:00:00Z,1267.51
2017-12-05T00:00:00Z,1271.45
2017-12-04T00:00:00Z,1275.54
2017-12-01T00:00:00Z,1274.63
2017-11-30T00:00:00Z,1279.83
2017-11-29T00:00:00Z,1273.56
2017-11-28T00:00:00Z,1275.31
2017-11-27T00:00:00Z,1268.91
2017-11-24T00:00:00Z,1271.12
2017-11-23T00:00:00Z,1267.55
2017-11-22T00:00:00Z,1265.13
2017-11-21T00:00:00Z,1262.06
2017-11-20T00:00:00Z,1254.9
2017-11-17T00:00:00Z,1253.32
2017-11-16T00:00:00Z,1255.48
2017-11-15T00:00:00Z,1246.96
2017-11-14T00:00:00Z,1253.65
2017-11-13T00:00:00Z,1256.77
2017-11-10T00:00:00Z,1260.95
2017-11-09T00:00:00Z,1261.98
2017-11-08T00:00:00Z,1267.33
2017-11-07T00:00:00Z,1264.49
2017-11-06T00:00:00Z,1264.43
2017-11-03T00:00:00Z,1264.16
2017-11-02T00:00:00Z,1262.19
2017-11-01T00:00:00Z,1260.17
2017-10-31T00:00:00Z,1257.96
2017-10-30T00:00:00Z,1256.33
2017-10-27T00:00:00Z,1255.6
2017-10-26T00:00:00Z,1247.62
2017-10-25T00:00:00Z,1245.83
2017-10-24T00:00:00Z,1250.62
2017-10-23T00:00:00Z,1250.05
2017-10-20T00:00:00Z,1253.8
2017-10-19T00:00:00Z,1253.13
2017-10-18T00:00:00Z,1252.55
2017-10-17T00:00:00Z,1250
2017-10-16T00:00:00Z,1252.16
2017-10-13T00:00:00Z,1249.51
2017-10-12T00:00:00Z,1245.33
2017-10-11T00:00:00Z,1246.29
2017-10-10T00:00:00Z,1244.79
2017-10-09T00:00:00Z,1239.76
2017-10-06T00:00:00Z,1240.03
2017-10-05T00:00:00Z,1241.31
2017-10-04T00:00:00Z,1237.36
2017-10-03T00:00:00Z,1237.12
2017-10-02T00:00:00Z,1233.81
2017-09-29T00:00:00Z,1230.96
2017-09-28T00:00:00Z,1226.16
2017-09-27T00:00:00Z,1222.89
2017-09-26T00:00:00Z,1220.69
2017-09-25T00:00:00Z,1224.59
2017-09-22T00:00:00Z,1228.63
2017-09-21T00:00:00Z,1226.1
2017-09-20T00:00:00Z,1232.46
2017-09-19T00:00:00Z,1231.96
2017-09-18T00:00:00Z,1228.06
2017-09-15T00:00:00Z,1226.53
2017-09-14T00:00:00Z,1222.98
2017-09-13T00:00:00Z,1226.2
2017-09-12T00:00:00Z,1226.2
2017-09-11T00:00:00Z,1221.87
2017-09-08T00:00:00Z,1210.38
2017-09-07T00:00:00Z,1211.99
2017-09-06T00:00:00Z,1207.99
2017-09-05T00:00:00Z,1205.48
2017-09-04T00:00:00Z,1210.45
2017-09-01T00:00:00Z,1212.01
2017-08-31T00:00:00Z,1208.25
2017-08-30T00:00:00Z,1200.89
2017-08-29T00:00:00Z,1199.8
2017-08-28T00:00:00Z,1200.53
2017-08-25T00:00:00Z,1199.12
2017-08-24T00:00:00Z,1195.52
2017-08-23T00:00:00Z,1197.68
2017-08-22T00:00:00Z,1199.8
2017-08-21T00:00:00Z,1192.25
2017-08-18T00:00:00Z,1191.75
2017-08-17T00:00:00Z,1196.21
2017-08-16T00:00:00Z,1206.09
2017-08-15T00:00:00Z,1203.54
2017-08-14T00:00:00Z,1205.28
2017-08-11T00:00:00Z,1195.7
2017-08-10T00:00:00Z,1196.82
2017-08-09T00:00:00Z,1209.95
2017-08-08T00:00:00Z,1213.58
2017-08-07T00:00:00Z,1216.38
2017-08-04T00:00:00Z,1212.69
2017-08-03T00:00:00Z,1212.79
2017-08-02T00:00:00Z,1213.6
2017-08-01T00:00:00Z,1211.34
2017-07-31T00:00:00Z,1204.78
2017-07-28T00:00:00Z,1204.35
2017-07-27T00:00:00Z,1206.56
2017-07-26T00:00:00Z,1205.41
2017-07-25T00:00:00Z,1204.97
2017-07-24T00:00:00Z,1200.29
2017-07-21T00:00:00Z,1202.58
2017-07-20T00:00:00Z,1206.92
2017-07-19T00:00:00Z,1203.2
2017-07-18T00:00:00Z,1198.43
2017-07-17T00:00:00Z,1197.13
2017-07-14T00:00:00Z,1196.6
2017-07-13T00:00:00Z,1189.15
2017-07-12T00:00:00Z,1186.03
2017-07-11T00:00:00Z,1174.86
2017-07-10T00:00:00Z,1175.55
2017-07-07T00:00:00Z,1172.49
2017-07-06T00:00:00Z,1169.86
2017-07-05T00:00:00Z,1176.78
2017-07-04T00:00:00Z,1174.58
2017-07-03T00:00:00Z,1175.78
2017-06-30T00:00:00Z,1173.68
2017-06-29T00:00:00Z,1176.08
2017-06-28T00:00:00Z,1183.89
2017-06-27T00:00:00Z,1175.43
2017-06-26T00:00:00Z,1181.78
2017-06-23T00:00:00Z,1180.66
2017-06-22T00:00:00Z,1177.98
2017-06-21T00:00:00Z,1178.05
2017-06-20T00:00:00Z,1179.35
2017-06-19T00:00:00Z,1188.04
2017-06-16T00:00:00Z,1179.11
2017-06-15T00:00:00Z,1174.77
2017-06-14T00:00:00Z,1184.05
2017-06-13T00:00:00Z,1182.34
2017-06-12T00:00:00Z,1176.93
2017-06-09T00:00:00Z,1179.73
2017-06-08T00:00:00Z,1181.33
2017-06-07T00:00:00Z,1184.03
2017-06-06T00:00:00Z,1183.62
2017-06-05T00:00:00Z,1186.93
2017-06-02T00:00:00Z,1188.69
2017-06-01T00:00:00Z,1179.82
2017-05-31T00:00:00Z,1174.26
2017-05-30T00:00:00Z,1173.38
2017-05-29T00:00:00Z,1173.87
2017-05-26T00:00:00Z,1174.4
2017-05-25T00:00:00Z,1175.82
2017-05-24T00:00:00Z,1172.24
2017-05-23T00:00:00Z,1172.22
2017-05-22T00:00:00Z,1170.98
2017-05-19T00:00:00Z,1164.82
2017-05-18T00:00:00Z,1156.6
2017-05-17T00:00:00Z,1158.65
2017-05-16T00:00:00Z,1173.69
2017-05-15T00:00:00Z,1169.11
2017-05-12T00:00:00Z,1164.84
2017-05-11T00:00:00Z,1162.68
2017-05-10T00:00:00Z,1165.35
2017-05-09T00:00:00Z,1164.36
2017-05-08T00:00:00Z,1167.36
2017-05-05T00:00:00Z,1165.81
2017-05-04T00:00:00Z,1159.71
2017-05-03T00:00:00Z,1157.35
2017-05-02T00:00:00Z,1158.06
2017-05-01T00:00:00Z,1156.14
2017-04-28T00:00:00Z,1152.37
2017-04-27T00:00:00Z,1153.73
2017-04-26T00:00:00Z,1154.55
2017-04-25T00:00:00Z,1154.59
2017-04-24T00:00:00Z,1148.22
2017-04-21T00:00:00Z,1128.06
2017-04-20T00:00:00Z,1131.03
2017-04-19T00:00:00Z,1124.25
2017-04-18T00:00:00Z,1126
2017-04-17T00:00:00Z,1130.89
2017-04-13T00:00:00Z,1123.98
2017-04-12T00:00:00Z,1129.98
2017-04-11T00:00:00Z,1131.83
2017-04-10T00:00:00Z,1131.41
2017-04-07T00:00:00Z,1131.34
2017-04-06T00:00:00Z,1132.18
2017-04-05T00:00:00Z,1133.57
2017-04-04T00:00:00Z,1136.04
2017-04-03T00:00:00Z,1135.02
2017-03-31T00:00:00Z,1137.74
2017-03-30T00:00:00Z,1141.7
2017-03-29T00:00:00Z,1139.53
2017-03-28T00:00:00Z,1140.92
2017-03-27T00:00:00Z,1132.16
2017-03-24T00:00:00Z,1132.3
2017-03-23T00:00:00Z,1132.3
2017-03-22T00:00:00Z,1130.75
2017-03-21T00:00:00Z,1132.99
2017-03-20T00:00:00Z,1139.97
2017-03-17T00:00:00Z,1140.62
2017-03-16T00:00:00Z,1141.34
2017-03-15T00:00:00Z,1133.98
2017-03-14T00:00:00Z,1128.2
2017-03-13T00:00:00Z,1132.08
2017-03-10T00:00:00Z,1130.55
2017-03-09T00:00:00Z,1124.07
2017-03-08T00:00:00Z,1122.99
2017-03-07T00:00:00Z,1125.66
2017-03-06T00:00:00Z,1128.35
2017-03-03T00:00:00Z,1130.36
2017-03-02T00:00:00Z,1130.21
2017-03-01T00:00:00Z,1133.91
2017-02-28T00:00:00Z,1123.16
2017-02-27T00:00:00Z,1124.46
2017-02-24T00:00:00Z,1124.93
2017-02-23T00:00:00Z,1128.33
2017-02-22T00:00:00Z,1126.15
2017-02-21T00:00:00Z,1125.2
2017-02-20T00:00:00Z,1122.14
2017-02-17T00:00:00Z,1121.97
2017-02-16T00:00:00Z,1122.01
2017-02-15T00:00:00Z,1118.9
2017-02-14T00:00:00Z,1112.34
2017-02-13T00:00:00Z,1112.19
2017-02-10T00:00:00Z,1106.24
2017-02-09T00:00:00Z,1102.86
2017-02-08T00:00:00Z,1100.27
2017-02-07T00:00:00Z,1097.14
2017-02-06T00:00:00Z,1097.35
2017-02-03T00:00:00Z,1102.12
2017-02-02T00:00:00Z,1096.32
2017-02-01T00:00:00Z,1096.04
2017-01-31T00:00:00Z,1093.12
2017-01-30T00:00:00Z,1093.7
2017-01-27T00:00:00Z,1100.42
2017-01-26T00:00:00Z,1100.25
2017-01-25T00:00:00Z,1101.21
2017-01-24T00:00:00Z,1091.14
2017-01-23T00:00:00Z,1086.46
2017-01-20T00:00:00Z,1087.31
2017-01-19T00:00:00Z,1082.51
2017-01-18T00:00:00Z,1088.94
2017-01-17T00:00:00Z,1087.71
2017-01-16T00:00:00Z,1087.76
2017-01-13T00:00:00Z,1090.74
2017-01-12T00:00:00Z,1088.05
2017-01-11T00:00:00Z,1084.2
2017-01-10T00:00:00Z,1085.15
2017-01-09T00:00:00Z,1084.35
2017-01-06T00:00:00Z,1087.28
2017-01-05T00:00:00Z,1086.92
2017-01-04T00:00:00Z,1081.65
2017-01-03T00:00:00Z,1072.8
2017-01-02T00:00:00Z,1070.96
2016-12-30T00:00:00Z,1069.61
2016-12-29T00:00:00Z,1070.59
2016-12-28T00:00:00Z,1069.1
2016-12-27T00:00:00Z,1074.99
2016-12-26T00:00:00Z,1074.06
2016-12-23T00:00:00Z,1074.53
2016-12-22T00:00:00Z,1074.31
2016-12-21T00:00:00Z,1075.53
2016-12-20T00:00:00Z,1076.31
2016-12-19T00:00:00Z,1075.08
2016-12-16T00:00:00Z,1071.89
2016-12-15T00:00:00Z,1071.63
2016-12-14T00:00:00Z,1077.87
2016-12-13T00:00:00Z,1083.03
2016-12-12T00:00:00Z,1073.79
2016-12-09T00:00:00Z,1073.37
2016-12-08T00:00:00Z,1067.49
2016-12-07T00:00:00Z,1065.76
2016-12-06T00:00:00Z,1051.22
2016-12-05T00:00:00Z,1044.48
2016-12-02T00:00:00Z,1039.07
2016-12-01T00:00:00Z,1038.93
2016-11-30T00:00:00Z,1041.23
2016-11-29T00:00:00Z,1044.27
2016-11-28T00:00:00Z,1042.69
2016-11-25T00:00:00Z,1047.43
2016-11-24T00:00:00Z,1041.65
2016-11-23T00:00:00Z,1038.55
2016-11-22T00:00:00Z,1041.53
2016-11-21T00:00:00Z,1040.88
2016-11-18T00:00:00Z,1034.04
2016-11-17T00:00:00Z,1040.44
2016-11-16T00:00:00Z,1035.37
2016-11-15T00:00:00Z,1036.46
2016-11-14T00:00:00Z,1030.61
2016-11-11T00:00:00Z,1035.27
2016-11-10T00:00:00Z,1036.8
2016-11-09T00:00:00Z,1034.18
2016-11-08T00:00:00Z,1034.02
2016-11-07T00:00:00Z,1030.5
2016-11-04T00:00:00Z,1014.72
2016-11-03T00:00:00Z,1019.83
2016-11-02T00:00:00Z,1024.47
2016-11-01T00:00:00Z,1029.64
2016-10-31T00:00:00Z,1034.15
2016-10-28T00:00:00Z,1034.67
2016-10-27T00:00:00Z,1037.04
2016-10-26T00:00:00Z,1040.46
2016-10-25T00:00:00Z,1042.18
2016-10-24T00:00:00Z,1044.32
2016-10-21T00:00:00Z,1040.85
2016-10-20T00:00:00Z,1042.09
2016-10-19T00:00:00Z,1043.8
2016-10-18T00:00:00Z,1042.25
2016-10-17T00:00:00Z,1034.84
2016-10-14T00:00:00Z,1038.74
2016-10-13T00:00:00Z,1035.47
2016-10-12T00:00:00Z,1039.33
2016-10-11T00:00:00Z,1042.76
2016-10-10T00:00:00Z,1052.97
2016-10-07T00:00:00Z,1048.35
2016-10-06T00:00:00Z,1050.86
2016-10-05T00:00:00Z,1052.12
2016-10-04T00:00:00Z,1050.36
2016-10-03T00:00:00Z,1052.46
2016-09-30T00:00:00Z,1053.93
2016-09-29T00:00:00Z,1050.35
2016-09-28T00:00:00Z,1053.88
2016-09-27T00:00:00Z,1050.66
2016-09-26T00:00:00Z,1046.73
2016-09-23T00:00:00Z,1056.19
2016-09-22T00:00:00Z,1062.88
2016-09-21T00:00:00Z,1051.09
2016-09-20T00:00:00Z,1041.65
2016-09-19T00:00:00Z,1040.65
2016-09-16T00:00:00Z,1037.17
2016-09-15T00:00:00Z,1042.28
2016-09-14T00:00:00Z,1034.7
2016-09-13T00:00:00Z,1035.39
2016-09-12T00:00:00Z,1046.14
2016-09-09T00:00:00Z,1042.4
2016-09-08T00:00:00Z,1063.28
2016-09-07T00:00:00Z,1066.32
2016-09-06T00:00:00Z,1065.45
2016-09-05T00:00:00Z,1061.23
2016-09-02T00:00:00Z,1059.6
2016-09-01T00:00:00Z,1053.17
2016-08-31T00:00:00Z,1050.88
2016-08-30T00:00:00Z,1053.56
2016-08-29T00:00:00Z,1054.16
2016-08-26T00:00:00Z,1055.28
2016-08-25T00:00:00Z,1055.49
2016-08-24T00:00:00Z,1057.7
2016-08-23T00:00:00Z,1061.05
2016-08-22T00:00:00Z,1057.18
2016-08-19T00:00:00Z,1057.03
2016-08-18T00:00:00Z,1059.6
2016-08-17T00:00:00Z,1056.66
2016-08-16T00:00:00Z,1056.85
2016-08-15T00:00:00Z,1061.31
2016-08-12T00:00:00Z,1059.35
2016-08-11T00:00:00Z,1059.35
2016-08-10T00:00:00Z,1054.33
2016-08-09T00:00:00Z,1055.27
2016-08-08T00:00:00Z,1049.54
2016-08-05T00:00:00Z,1047.07
2016-08-04T00:00:00Z,1040.18
2016-08-03T00:00:00Z,1036.84
2016-08-02T00:00:00Z,1039.47
2016-08-01T00:00:00Z,1045.95
2016-07-29T00:00:00Z,1048.27
2016-07-28T00:00:00Z,1038.81
2016-07-27T00:00:00Z,1038.18
2016-07-26T00:00:00Z,1036.75
2016-07-25T00:00:00Z,1035.71
2016-07-22T00:00:00Z,1036.83
2016-07-21T00:00:00Z,1036.95
2016-07-20T00:00:00Z,1038.52
2016-07-19T00:00:00Z,1032.27
2016-07-18T00:00:00Z,1035.31
2016-07-15T00:00:00Z,1032.99
2016-07-14T00:00:00Z,1034.86
2016-07-13T00:00:00Z,1028.68
2016-07-12T00:00:00Z,1026.65
2016-07-11T00:00:00Z,1017.43
2016-07-08T00:00:00Z,1008.89
2016-07-07T00:00:00Z,998.23
2016-07-06T00:00:00Z,995.41
2016-07-05T00:00:00Z,999.52
2016-07-04T00:00:00Z,1008.63
2016-07-01T00:00:00Z,1008.6
2016-06-30T00:00:00Z,1004.43
2016-06-29T00:00:00Z,992.2
2016-06-28T00:00:00Z,970.07
2016-06-27T00:00:00Z,953.65
2016-06-24T00:00:00Z,976.42
2016-06-23T00:00:00Z,1029.53
2016-06-22T00:00:00Z,1015.33
2016-06-21T00:00:00Z,1015.79
2016-06-20T00:00:00Z,1011.89
2016-06-17T00:00:00Z,993.3
2016-06-16T00:00:00Z,987.66
2016-06-15T00:00:00Z,991.11
2016-06-14T00:00:00Z,988.62
2016-06-13T00:00:00Z,998.59
2016-06-10T00:00:00Z,1011.81
2016-06-09T00:00:00Z,1025.27
2016-06-08T00:00:00Z,1031.67
2016-06-07T00:00:00Z,1029.04
2016-06-06T00:00:00Z,1023.88
2016-06-03T00:00:00Z,1019.27
2016-06-02T00:00:00Z,1016.39
2016-06-01T00:00:00Z,1016.88
2016-05-31T00:00:00Z,1019.21
2016-05-30T00:00:00Z,1021.39
2016-05-27T00:00:00Z,1020.64
2016-05-26T00:00:00Z,1018.75
2016-05-25T00:00:00Z,1016.4
2016-05-24T00:00:00Z,1006.44
2016-05-23T00:00:00Z,995.05
2016-05-20T00:00:00Z,997.16
2016-05-19T00:00:00Z,990.66
2016-05-18T00:00:00Z,1000
2016-05-17T00:00:00Z,999.26
2016-05-16T00:00:00Z,1003.4
2016-05-13T00:00:00Z,995.72
2016-05-12T00:00:00Z,1005.02
2016-05-11T00:00:00Z,1007.67
2016-05-10T00:00:00Z,1012.62
2016-05-09T00:00:00Z,1001.1
2016-05-06T00:00:00Z,1001.4
2016-05-05T00:00:00Z,999.84
2016-05-04T00:00:00Z,1002.41
2016-05-03T00:00:00Z,1011.8
2016-05-02T00:00:00Z,1020.55
2016-04-29T00:00:00Z,1018.12
2016-04-28T00:00:00Z,1022.52
2016-04-27T00:00:00Z,1027.15
2016-04-26T00:00:00Z,1029.3
2016-04-25T00:00:00Z,1028.59
2016-04-22T00:00:00Z,1030.01
2016-04-21T00:00:00Z,1036.38
2016-04-20T00:00:00Z,1039.62
2016-04-19T00:00:00Z,1038.26
2016-04-18T00:00:00Z,1026.35
2016-04-15T00:00:00Z,1024.36
2016-04-14T00:00:00Z,1025.51
2016-04-13T00:00:00Z,1021.27
2016-04-12T00:00:00Z,1007.22
2016-04-11T00:00:00Z,1000.93
2016-04-08T00:00:00Z,1000.23
2016-04-07T00:00:00Z,994.16
2016-04-06T00:00:00Z,1001.62
2016-04-05T00:00:00Z,993.32
2016-04-04T00:00:00Z,1006.89
2016-04-01T00:00:00Z,1005.55
2016-03-31T00:00:00Z,1011.85
2016-03-30T00:00:00Z,1015.24
2016-03-29T00:00:00Z,1003.42
2016-03-28T00:00:00Z,999.3
2016-03-24T00:00:00Z,994.71
2016-03-23T00:00:00Z,1001.2
2016-03-22T00:00:00Z,1007.6
2016-03-21T00:00:00Z,1007.82
2016-03-18T00:00:00Z,1009.17
2016-03-17T00:00:00Z,1008.19
2016-03-16T00:00:00Z,994.99
2016-03-15T00:00:00Z,995.13
2016-03-14T00:00:00Z,999.25
2016-03-11T00:00:00Z,998.03
2016-03-10T00:00:00Z,981.14
2016-03-09T00:00:00Z,982.05
2016-03-08T00:00:00Z,979.65
2016-03-07T00:00:00Z,986.16
2016-03-04T00:00:00Z,987.99
2016-03-03T00:00:00Z,980.74
2016-03-02T00:00:00Z,975.77
2016-03-01T00:00:00Z,967.69
2016-02-29T00:00:00Z,950.24
2016-02-26T00:00:00Z,954.41
2016-02-25T00:00:00Z,954.27
2016-02-24T00:00:00Z,941.97
2016-02-23T00:00:00Z,947.2
2016-02-22T00:00:00Z,957.94
2016-02-19T00:00:00Z,946.81
2016-02-18T00:00:00Z,951.2
2016-02-17T00:00:00Z,951.38
2016-02-16T00:00:00Z,937.35
2016-02-15T00:00:00Z,928.93
2016-02-12T00:00:00Z,916.84
2016-02-11T00:00:00Z,906.71
2016-02-10T00:00:00Z,917.13
2016-02-09T00:00:00Z,918.2
2016-02-08T00:00:00Z,924.3
2016-02-05T00:00:00Z,939
2016-02-04T00:00:00Z,953.05
2016-02-03T00:00:00Z,948.85
2016-02-02T00:00:00Z,949.74
2016-02-01T00:00:00Z,966.94
2016-01-29T00:00:00Z,964.28
2016-01-28T00:00:00Z,945.69
2016-01-27T00:00:00Z,944.55
2016-01-26T00:00:00Z,947.18
2016-01-25T00:00:00Z,938.51
2016-01-22T00:00:00Z,947.32
2016-01-21T00:00:00Z,922.91
2016-01-20T00:00:00Z,919.21
2016-01-19T00:00:00Z,937.98
2016-01-18T00:00:00Z,932.81
2016-01-15T00:00:00Z,936.91
2016-01-14T00:00:00Z,955.68
2016-01-13T00:00:00Z,954.38
2016-01-12T00:00:00Z,962.33
2016-01-11T00:00:00Z,959.32
2016-01-08T00:00:00Z,959.75
2016-01-07T00:00:00Z,968.2
2016-01-06T00:00:00Z,989.82
2016-01-05T00:00:00Z,1002.38
2016-01-04T00:00:00Z,1004.24
2015-12-31T00:00:00Z,1024.8
2015-12-30T00:00:00Z,1034.18
2015-12-29T00:00:00Z,1039.44
2015-12-28T00:00:00Z,1029.61
2015-12-24T00:00:00Z,1031.75
2015-12-23T00:00:00Z,1029.8
2015-12-22T00:00:00Z,1017.21
2015-12-21T00:00:00Z,1011.15
2015-12-18T00:00:00Z,1008.16
2015-12-17T00:00:00Z,1022.68
2015-12-16T00:00:00Z,1030.49
2015-12-15T00:00:00Z,1016.65
2015-12-14T00:00:00Z,1008.54
2015-12-11T00:00:00Z,1011.91
2015-12-10T00:00:00Z,1027.53
2015-12-09T00:00:00Z,1028.1
2015-12-08T00:00:00Z,1031.27
2015-12-07T00:00:00Z,1042.27
2015-12-04T00:00:00Z,1045.03
2015-12-03T00:00:00Z,1034.09
2015-12-02T00:00:00Z,1043.72
2015-12-01T00:00:00Z,1051.19
2015-11-30T00:00:00Z,1041.81
2015-11-27T00:00:00Z,1044.88
2015-11-26T00:00:00Z,1046.76
2015-11-25T00:00:00Z,1042.91
2015-11-24T00:00:00Z,1042.1
2015-11-23T00:00:00Z,1044.07
2015-11-20T00:00:00Z,1048.02
2015-11-19T00:00:00Z,1047.58
2015-11-18T00:00:00Z,1040.16
2015-11-17T00:00:00Z,1031.18
2015-11-16T00:00:00Z,1025.52
2015-11-13T00:00:00Z,1018.81
2015-11-12T00:00:00Z,1030.41
2015-11-11T00:00:00Z,1042.05
2015-11-10T00:00:00Z,1039.98
2015-11-09T00:00:00Z,1042.01
2015-11-06T00:00:00Z,1050.33
2015-11-05T00:00:00Z,1052.96
2015-11-04T00:00:00Z,1053.22
2015-11-03T00:00:00Z,1055.33
2015-11-02T00:00:00Z,1053.65
2015-10-30T00:00:00Z,1048.2
2015-10-29T00:00:00Z,1049.25
2015-10-28T00:00:00Z,1055.01
2015-10-27T00:00:00Z,1044.25
2015-10-26T00:00:00Z,1049.98
2015-10-23T00:00:00Z,1051.14
2015-10-22T00:00:00Z,1037.56
2015-10-21T00:00:00Z,1025.69
2015-10-20T00:00:00Z,1026.89
2015-10-19T00:00:00Z,1027.81
2015-10-16T00:00:00Z,1029.54
2015-10-15T00:00:00Z,1024.19
2015-10-14T00:00:00Z,1009.92
2015-10-13T00:00:00Z,1014.75
2015-10-12T00:00:00Z,1022.4
2015-10-09T00:00:00Z,1022.38
2015-10-08T00:00:00Z,1014.77
2015-10-07T00:00:00Z,1009.53
2015-10-06T00:00:00Z,1003.42
2015-10-05T00:00:00Z,1000.1
2015-10-02T00:00:00Z,981.06
2015-10-01T00:00:00Z,970.99
2015-09-30T00:00:00Z,967.66
2015-09-29T00:00:00Z,949.73
2015-09-28T00:00:00Z,957.1
2015-09-25T00:00:00Z,975.66
2015-09-24T00:00:00Z,969.84
2015-09-23T00:00:00Z,974.98
2015-09-22T00:00:00Z,976.55
2015-09-21T00:00:00Z,994.28
2015-09-18T00:00:00Z,994.61
2015-09-17T00:00:00Z,1007.92
2015-09-16T00:00:00Z,1010.06
2015-09-15T00:00:00Z,997.7
2015-09-14T00:00:00Z,989.43
2015-09-11T00:00:00Z,992.6
2015-09-10T00:00:00Z,992.05
2015-09-09T00:00:00Z,993.9
2015-09-08T00:00:00Z,992.52
2015-09-07T00:00:00Z,975.16
2015-09-04T00:00:00Z,972.65
2015-09-03T00:00:00Z,990.19
2015-09-02T00:00:00Z,985.74
2015-09-01T00:00:00Z,975.86
2015-08-31T00:00:00Z,1003.69
2015-08-28T00:00:00Z,1010.65
2015-08-27T00:00:00Z,1006.45
2015-08-26T00:00:00Z,986.65
2015-08-25T00:00:00Z,966.86
2015-08-24T00:00:00Z,968.9
2015-08-21T00:00:00Z,1004.69
2015-08-20T00:00:00Z,1033.53
2015-08-19T00:00:00Z,1050.32
2015-08-18T00:00:00Z,1061.96
2015-08-17T00:00:00Z,1065.16
2015-08-14T00:00:00Z,1062.02
2015-08-13T00:00:00Z,1060.89
2015-08-12T00:00:00Z,1060.82
2015-08-11T00:00:00Z,1066.26
2015-08-10T00:00:00Z,1079
2015-08-07T00:00:00Z,1067.11
2015-08-06T00:00:00Z,1071.45
2015-08-05T00:00:00Z,1077.01
2015-08-04T00:00:00Z,1074.58
2015-08-03T00:00:00Z,1077.08
2015-07-31T00:00:00Z,1079.74
2015-07-30T00:00:00Z,1075.98
2015-07-29T00:00:00Z,1077.1
2015-07-28T00:00:00Z,1069.01
2015-07-27T00:00:00Z,1062.64
2015-07-24T00:00:00Z,1069.43
2015-07-23T00:00:00Z,1079.18
2015-07-22T00:00:00Z,1080.05
2015-07-21T00:00:00Z,1089.02
2015-07-20T00:00:00Z,1091.77
2015-07-17T00:00:00Z,1089.28
2015-07-16T00:00:00Z,1089.42
2015-07-15T00:00:00Z,1080.08
2015-07-14T00:00:00Z,1079.88
2015-07-13T00:00:00Z,1073.63
2015-07-10T00:00:00Z,1063.88
2015-07-09T00:00:00Z,1047.28
2015-07-08T00:00:00Z,1041.15
2015-07-07T00:00:00Z,1050.68
2015-07-06T00:00:00Z,1054.96
2015-07-03T00:00:00Z,1064.27
2015-07-02T00:00:00Z,1066.81
2015-07-01T00:00:00Z,1067.15
2015-06-30T00:00:00Z,1059.86
2015-06-29T00:00:00Z,1062.35
2015-06-26T00:00:00Z,1085.57
2015-06-25T00:00:00Z,1089.44
2015-06-24T00:00:00Z,1092.22
2015-06-23T00:00:00Z,1097.38
2015-06-22T00:00:00Z,1097.5
2015-06-19T00:00:00Z,1083.71
2015-06-18T00:00:00Z,1087.13
2015-06-17T00:00:00Z,1075.6
2015-06-16T00:00:00Z,1077.16
2015-06-15T00:00:00Z,1072.59
2015-06-12T00:00:00Z,1081.8
2015-06-11T00:00:00Z,1087.46
2015-06-10T00:00:00Z,1086.59
2015-06-09T00:00:00Z,1070.34
2015-06-08T00:00:00Z,1070.36
2015-06-05T00:00:00Z,1074.67
2015-06-04T00:00:00Z,1086.03
2015-06-03T00:00:00Z,1095.31
2015-06-02T00:00:00Z,1090.49
2015-06-01T00:00:00Z,1087.86
2015-05-29T00:00:00Z,1089.18
2015-05-28T00:00:00Z,1096.56
2015-05-27T00:00:00Z,1097.37
2015-05-26T00:00:00Z,1088.79
2015-05-25T00:00:00Z,1102.84
2015-05-22T00:00:00Z,1102.53
2015-05-21T00:00:00Z,1107.56
2015-05-20T00:00:00Z,1103.53
2015-05-19T00:00:00Z,1103.77
2015-05-18T00:00:00Z,1106.28
2015-05-15T00:00:00Z,1106.18
2015-05-14T00:00:00Z,1104.82
2015-05-13T00:00:00Z,1095.71
2015-05-12T00:00:00Z,1090.99
2015-05-11T00:00:00Z,1093.65
2015-05-08T00:00:00Z,1098.12
2015-05-07T00:00:00Z,1081.47
2015-05-06T00:00:00Z,1084.02
2015-05-05T00:00:00Z,1085.15
2015-05-04T00:00:00Z,1095.59
2015-05-01T00:00:00Z,1094.12
2015-04-30T00:00:00Z,1088.28
2015-04-29T00:00:00Z,1098.8
2015-04-28T00:00:00Z,1103.21
2015-04-27T00:00:00Z,1102.18
2015-04-24T00:00:00Z,1098.72
2015-04-23T00:00:00Z,1090.91
2015-04-22T00:00:00Z,1087.64
2015-04-21T00:00:00Z,1084.13
2015-04-20T00:00:00Z,1083.13
2015-04-17T00:00:00Z,1082.45
2015-04-16T00:00:00Z,1093.23
2015-04-15T00:00:00Z,1091.51
2015-04-14T00:00:00Z,1089.52
2015-04-13T00:00:00Z,1085.07
2015-04-10T00:00:00Z,1090.12
2015-04-09T00:00:00Z,1084.07
2015-04-08T00:00:00Z,1080.42
2015-04-07T00:00:00Z,1080.65
2015-04-06T00:00:00Z,1074.18
2015-04-02T00:00:00Z,1065.9
2015-04-01T00:00:00Z,1059.44
2015-03-31T00:00:00Z,1061.42
2015-03-30T00:00:00Z,1071.61
2015-03-27T00:00:00Z,1065.01
2015-03-26T00:00:00Z,1064.91
2015-03-25T00:00:00Z,1072.62
2015-03-24T00:00:00Z,1081.9
2015-03-23T00:00:00Z,1084.77
2015-03-20T00:00:00Z,1080.47
2015-03-19T00:00:00Z,1066.13
2015-03-18T00:00:00Z,1068.06
2015-03-17T00:00:00Z,1058.61
2015-03-16T00:00:00Z,1060.09
2015-03-13T00:00:00Z,1048.98
2015-03-12T00:00:00Z,1054.45
2015-03-11T00:00:00Z,1044.09
2015-03-10T00:00:00Z,1045.63
2015-03-09T00:00:00Z,1063.79
2015-03-06T00:00:00Z,1064.36
2015-03-05T00:00:00Z,1077.24
2015-03-04T00:00:00Z,1076.96
2015-03-03T00:00:00Z,1081.65
2015-03-02T00:00:00Z,1086.63
2015-02-27T00:00:00Z,1084.2
2015-02-26T00:00:00Z,1084.67
2015-02-25T00:00:00Z,1085.78
2015-02-24T00:00:00Z,1085.77
2015-02-23T00:00:00Z,1082.05
2015-02-20T00:00:00Z,1080.29
2015-02-19T00:00:00Z,1076.62
2015-02-18T00:00:00Z,1075.76
2015-02-17T00:00:00Z,1073.57
2015-02-16T00:00:00Z,1072.77
2015-02-13T00:00:00Z,1072.44
2015-02-12T00:00:00Z,1065.49
2015-02-11T00:00:00Z,1052.58
2015-02-10T00:00:00Z,1054.65
2015-02-09T00:00:00Z,1047.8
2015-02-06T00:00:00Z,1051.9
2015-02-05T00:00:00Z,1055.39
2015-02-04T00:00:00Z,1048.88
2015-02-03T00:00:00Z,1046.88
2015-02-02T00:00:00Z,1034.91
2015-01-30T00:00:00Z,1024.99
2015-01-29T00:00:00Z,1036.53
2015-01-28T00:00:00Z,1032.08
2015-01-27T00:00:00Z,1040.53
2015-01-26T00:00:00Z,1047.62
2015-01-23T00:00:00Z,1046.01
2015-01-22T00:00:00Z,1048.33
2015-01-21T00:00:00Z,1037.7
2015-01-20T00:00:00Z,1032.97
2015-01-19T00:00:00Z,1030.71
2015-01-16T00:00:00Z,1025.98
2015-01-15T00:00:00Z,1019.66
2015-01-14T00:00:00Z,1021.19
2015-01-13T00:00:00Z,1030.12
2015-01-12T00:00:00Z,1028.73
2015-01-09T00:00:00Z,1032.41
2015-01-08T00:00:00Z,1038.18
2015-01-07T00:00:00Z,1017.57
2015-01-06T00:00:00Z,1013.21
2015-01-05T00:00:00Z,1023.89
2015-01-02T00:00:00Z,1043.28
2014-12-31T00:00:00Z,1047.43
2014-12-30T00:00:00Z,1054.34
2014-12-29T00:00:00Z,1060.86
2014-12-26T00:00:00Z,1060.61
2014-12-24T00:00:00Z,1058.74
2014-12-23T00:00:00Z,1057.65
2014-12-22T00:00:00Z,1057.68
2014-12-19T00:00:00Z,1051.73
2014-12-18T00:00:00Z,1046.86
2014-12-17T00:00:00Z,1025.9
2014-12-16T00:00:00Z,1018.57
2014-12-15T00:00:00Z,1018.07
2014-12-12T00:00:00Z,1031.73
2014-12-11T00:00:00Z,1046.75
2014-12-10T00:00:00Z,1046.42
2014-12-09T00:00:00Z,1059.36
2014-12-08T00:00:00Z,1064.28
2014-12-05T00:00:00Z,1070.76
2014-12-04T00:00:00Z,1068.86
2014-12-03T00:00:00Z,1069.45
2014-12-02T00:00:00Z,1068.11
2014-12-01T00:00:00Z,1065.27
2014-11-28T00:00:00Z,1070.95
2014-11-27T00:00:00Z,1071.7
2014-11-26T00:00:00Z,1072.63
2014-11-25T00:00:00Z,1068.13
2014-11-24T00:00:00Z,1066.29
2014-11-21T00:00:00Z,1064.61
2014-11-20T00:00:00Z,1058.31
2014-11-19T00:00:00Z,1058.02
2014-11-18T00:00:00Z,1060.56
2014-11-17T00:00:00Z,1052.76
2014-11-14T00:00:00Z,1053.91
2014-11-13T00:00:00Z,1053.01
2014-11-12T00:00:00Z,1050.94
2014-11-11T00:00:00Z,1052.4
2014-11-10T00:00:00Z,1051.36
2014-11-07T00:00:00Z,1046.5
2014-11-06T00:00:00Z,1047.5
2014-11-05T00:00:00Z,1046.67
2014-11-04T00:00:00Z,1041.8
2014-11-03T00:00:00Z,1039.97
2014-10-31T00:00:00Z,1045.03
2014-10-30T00:00:00Z,1033.69
2014-10-29T00:00:00Z,1033.94
2014-10-28T00:00:00Z,1031.71
2014-10-27T00:00:00Z,1021.98
2014-10-24T00:00:00Z,1022.3
2014-10-23T00:00:00Z,1017.27
2014-10-22T00:00:00Z,1011.04
2014-10-21T00:00:00Z,1011.12
2014-10-20T00:00:00Z,997.08
2014-10-17T00:00:00Z,989.83
2014-10-16T00:00:00Z,976.34
2014-10-15T00:00:00Z,980.48
2014-10-14T00:00:00Z,992.03
2014-10-13T00:00:00Z,994.35
2014-10-10T00:00:00Z,1001.3
2014-10-09T00:00:00Z,1017.74
2014-10-08T00:00:00Z,1028.77
2014-10-07T00:00:00Z,1022.36
2014-10-06T00:00:00Z,1033.5
2014-10-03T00:00:00Z,1029.56
2014-10-02T00:00:00Z,1025.42
2014-10-01T00:00:00Z,1033.25
2014-09-30T00:00:00Z,1045.12
2014-09-29T00:00:00Z,1046.26
2014-09-26T00:00:00Z,1049.69
2014-09-25T00:00:00Z,1047.6
2014-09-24T00:00:00Z,1060.47
2014-09-23T00:00:00Z,1056.29
2014-09-22T00:00:00Z,1062.18
2014-09-19T00:00:00Z,1068.97
2014-09-18T00:00:00Z,1069.92
2014-09-17T00:00:00Z,1064.67
2014-09-16T00:00:00Z,1062.46
2014-09-15T00:00:00Z,1060.07
2014-09-12T00:00:00Z,1060.95
2014-09-11T00:00:00Z,1064.19
2014-09-10T00:00:00Z,1063
2014-09-09T00:00:00Z,1060.31
2014-09-08T00:00:00Z,1066.75
2014-09-05T00:00:00Z,1070.73
2014-09-04T00:00:00Z,1069.79
2014-09-03T00:00:00Z,1070.79
2014-09-02T00:00:00Z,1068.23
2014-09-01T00:00:00Z,1068.51
2014-08-29T00:00:00Z,1068.42
2014-08-28T00:00:00Z,1066.21
2014-08-27T00:00:00Z,1070.48
2014-08-26T00:00:00Z,1069.59
2014-08-25T00:00:00Z,1066.51
2014-08-22T00:00:00Z,1060.73
2014-08-21T00:00:00Z,1064.84
2014-08-20T00:00:00Z,1059.94
2014-08-19T00:00:00Z,1060.25
2014-08-18T00:00:00Z,1055.79
2014-08-15T00:00:00Z,1047.37
2014-08-14T00:00:00Z,1048.75
2014-08-13T00:00:00Z,1045.15
2014-08-12T00:00:00Z,1039.15
2014-08-11T00:00:00Z,1040.17
2014-08-08T00:00:00Z,1032.87
2014-08-07T00:00:00Z,1030.97
2014-08-06T00:00:00Z,1036.35
2014-08-05T00:00:00Z,1039.17
2014-08-04T00:00:00Z,1046.64
2014-08-01T00:00:00Z,1044.27
2014-07-31T00:00:00Z,1049.94
2014-07-30T00:00:00Z,1066.31
2014-07-29T00:00:00Z,1069.67
2014-07-28T00:00:00Z,1072.49
2014-07-25T00:00:00Z,1072.81
2014-07-24T00:00:00Z,1077.67
2014-07-23T00:00:00Z,1075.79
2014-07-22T00:00:00Z,1073.63
2014-07-21T00:00:00Z,1067.09
2014-07-18T00:00:00Z,1069.81
2014-07-17T00:00:00Z,1064.98
2014-07-16T00:00:00Z,1074.61
2014-07-15T00:00:00Z,1067.61
2014-07-14T00:00:00Z,1070.68
2014-07-11T00:00:00Z,1063.16
2014-07-10T00:00:00Z,1061.81
2014-07-09T00:00:00Z,1068.6
2014-07-08T00:00:00Z,1066.4
2014-07-07T00:00:00Z,1074.88
2014-07-04T00:00:00Z,1079.1
2014-07-03T00:00:00Z,1079.68
2014-07-02T00:00:00Z,1075.25
2014-07-01T00:00:00Z,1073.46
2014-06-30T00:00:00Z,1065.95
2014-06-27T00:00:00Z,1064.71
2014-06-26T00:00:00Z,1062.42
2014-06-25T00:00:00Z,1063.44
2014-06-24T00:00:00Z,1062.9
2014-06-23T00:00:00Z,1067.68
2014-06-20T00:00:00Z,1067.89
2014-06-19T00:00:00Z,1069.13
2014-06-18T00:00:00Z,1062.18
2014-06-17T00:00:00Z,1057.27
2014-06-16T00:00:00Z,1056.59
2014-06-13T00:00:00Z,1056.87
2014-06-12T00:00:00Z,1056.21
2014-06-11T00:00:00Z,1060.48
2014-06-10T00:00:00Z,1063.83
2014-06-09T00:00:00Z,1063.52
2014-06-06T00:00:00Z,1061.8
2014-06-05T00:00:00Z,1056.09
2014-06-04T00:00:00Z,1051.19
2014-06-03T00:00:00Z,1050.16
2014-06-02T00:00:00Z,1051.46
2014-05-30T00:00:00Z,1050.59
2014-05-29T00:00:00Z,1048.86
2014-05-28T00:00:00Z,1044.22
2014-05-27T00:00:00Z,1045.43
2014-05-26T00:00:00Z,1042.83
2014-05-23T00:00:00Z,1039.26
2014-05-22T00:00:00Z,1035.77
2014-05-21T00:00:00Z,1032.68
2014-05-20T00:00:00Z,1027.36
2014-05-19T00:00:00Z,1031.8
2014-05-16T00:00:00Z,1031.59
2014-05-15T00:00:00Z,1030.59
2014-05-14T00:00:00Z,1038.47
2014-05-13T00:00:00Z,1039.92
2014-05-12T00:00:00Z,1037.94
2014-05-09T00:00:00Z,1032.03
2014-05-08T00:00:00Z,1035.37
2014-05-07T00:00:00Z,1032.28
2014-05-06T00:00:00Z,1031.99
2014-05-05T00:00:00Z,1035.89
2014-05-02T00:00:00Z,1036.62
2014-05-01T00:00:00Z,1038
2014-04-30T00:00:00Z,1037.19
2014-04-29T00:00:00Z,1034.43
2014-04-28T00:00:00Z,1029.19
2014-04-25T00:00:00Z,1026.24
2014-04-24T00:00:00Z,1030.93
2014-04-23T00:00:00Z,1028.81
2014-04-22T00:00:00Z,1030.81
2014-04-21T00:00:00Z,1024.39
2014-04-17T00:00:00Z,1022.31
2014-04-16T00:00:00Z,1019.22
2014-04-15T00:00:00Z,1009.08
2014-04-14T00:00:00Z,1008.17
2014-04-11T00:00:00Z,1005.29
2014-04-10T00:00:00Z,1016.03
2014-04-09T00:00:00Z,1026.43
2014-04-08T00:00:00Z,1020.01
2014-04-07T00:00:00Z,1018.18
2014-04-04T00:00:00Z,1026.97
2014-04-03T00:00:00Z,1031.2
2014-04-02T00:00:00Z,1033.09
2014-04-01T00:00:00Z,1031.32
2014-03-31T00:00:00Z,1026.31
2014-03-28T00:00:00Z,1019.36
2014-03-27T00:00:00Z,1014.48
2014-03-26T00:00:00Z,1015.91
2014-03-25T00:00:00Z,1015.35
2014-03-24T00:00:00Z,1007.6
2014-03-21T00:00:00Z,1012.11
2014-03-20T00:00:00Z,1012.16
2014-03-19T00:00:00Z,1013.77
2014-03-18T00:00:00Z,1017.63
2014-03-17T00:00:00Z,1010.44
2014-03-14T00:00:00Z,1001.88
2014-03-13T00:00:00Z,1009.41
2014-03-12T00:00:00Z,1017.56
2014-03-11T00:00:00Z,1022.11
2014-03-10T00:00:00Z,1024.5
2014-03-07T00:00:00Z,1026.99
2014-03-06T00:00:00Z,1029.83
2014-03-05T00:00:00Z,1025.07
2014-03-04T00:00:00Z,1024.23
2014-03-03T00:00:00Z,1009.86
2014-02-28T00:00:00Z,1023.89
2014-02-27T00:00:00Z,1018.67
2014-02-26T00:00:00Z,1016.1
2014-02-25T00:00:00Z,1019.11
2014-02-24T00:00:00Z,1018.96
2014-02-21T00:00:00Z,1013.53
2014-02-20T00:00:00Z,1010.68
2014-02-19T00:00:00Z,1010.62
2014-02-18T00:00:00Z,1013.83
2014-02-17T00:00:00Z,1011.18
2014-02-14T00:00:00Z,1008.96
2014-02-13T00:00:00Z,1003.98
2014-02-12T00:00:00Z,1001.43
2014-02-11T00:00:00Z,999.36
2014-02-10T00:00:00Z,988.18
2014-02-07T00:00:00Z,984.56
2014-02-06T00:00:00Z,973.27
2014-02-05T00:00:00Z,960.74
2014-02-04T00:00:00Z,958.05
2014-02-03T00:00:00Z,960.73
2014-01-31T00:00:00Z,976.05
2014-01-30T00:00:00Z,981.51
2014-01-29T00:00:00Z,981.48
2014-01-28T00:00:00Z,985.5
2014-01-27T00:00:00Z,982.36
2014-01-24T00:00:00Z,990.3
2014-01-23T00:00:00Z,1009.08
2014-01-22T00:00:00Z,1014.97
2014-01-21T00:00:00Z,1014.9
2014-01-20T00:00:00Z,1014.48
2014-01-17T00:00:00Z,1014.83
2014-01-16T00:00:00Z,1016.8
2014-01-15T00:00:00Z,1017.56
2014-01-14T00:00:00Z,1011.83
2014-01-13T00:00:00Z,1007.94
2014-01-10T00:00:00Z,1012.48
2014-01-09T00:00:00Z,1007.1
2014-01-08T00:00:00Z,1010.1
2014-01-07T00:00:00Z,1009.25
2014-01-06T00:00:00Z,1006.05
2014-01-03T00:00:00Z,1008.7
2014-01-02T00:00:00Z,1007.24
2013-12-31T00:00:00Z,1017.52
2013-12-30T00:00:00Z,1015.19
2013-12-27T00:00:00Z,1014.09
2013-12-26T00:00:00Z,1007.98
2013-12-24T00:00:00Z,1003.61
2013-12-23T00:00:00Z,1002.46
2013-12-20T00:00:00Z,996.28
2013-12-19T00:00:00Z,991.69
2013-12-18T00:00:00Z,988.6
2013-12-17T00:00:00Z,975.05
2013-12-16T00:00:00Z,979.13
2013-12-13T00:00:00Z,972.47
2013-12-12T00:00:00Z,973.5
2013-12-11T00:00:00Z,981.81
2013-12-10T00:00:00Z,990.03
2013-12-09T00:00:00Z,992.69
2013-12-06T00:00:00Z,989.09
2013-12-05T00:00:00Z,979.76
2013-12-04T00:00:00Z,984.26
2013-12-03T00:00:00Z,989.4
2013-12-02T00:00:00Z,994.51
2013-11-29T00:00:00Z,999.16
2013-11-28T00:00:00Z,999.03
2013-11-27T00:00:00Z,996.24
2013-11-26T00:00:00Z,994.16
2013-11-25T00:00:00Z,995.96
2013-11-22T00:00:00Z,994.95
2013-11-21T00:00:00Z,991.16
2013-11-20T00:00:00Z,989.03
2013-11-19T00:00:00Z,991.74
2013-11-18T00:00:00Z,995.51
2013-11-15T00:00:00Z,993.74
2013-11-14T00:00:00Z,988.38
2013-11-13T00:00:00Z,981.64
2013-11-12T00:00:00Z,980.56
2013-11-11T00:00:00Z,982.08
2013-11-08T00:00:00Z,979.41
2013-11-07T00:00:00Z,975.2
2013-11-06T00:00:00Z,985.91
2013-11-05T00:00:00Z,978.96
2013-11-04T00:00:00Z,980.79
2013-11-01T00:00:00Z,977.24
2013-10-31T00:00:00Z,980.09
2013-10-30T00:00:00Z,985.65
2013-10-29T00:00:00Z,986.68
2013-10-28T00:00:00Z,984.43
2013-10-25T00:00:00Z,981.88
2013-10-24T00:00:00Z,981.37
2013-10-23T00:00:00Z,977.74
2013-10-22T00:00:00Z,983.41
2013-10-21T00:00:00Z,975.88
2013-10-18T00:00:00Z,975.1
2013-10-17T00:00:00Z,967.12
2013-10-16T00:00:00Z,957.25
2013-10-15T00:00:00Z,950.6
2013-10-14T00:00:00Z,952.71
2013-10-11T00:00:00Z,949.14
2013-10-10T00:00:00Z,942.45
2013-10-09T00:00:00Z,927.47
2013-10-08T00:00:00Z,929.44
2013-10-07T00:00:00Z,936.59
2013-10-04T00:00:00Z,943.27
2013-10-03T00:00:00Z,941.44
2013-10-02T00:00:00Z,945.58
2013-10-01T00:00:00Z,946.91
2013-09-30T00:00:00Z,941.26
2013-09-27T00:00:00Z,948.42
2013-09-26T00:00:00Z,949.82
2013-09-25T00:00:00Z,948.66
2013-09-24T00:00:00Z,950.01
2013-09-23T00:00:00Z,952.42
2013-09-20T00:00:00Z,955.95
2013-09-19T00:00:00Z,961.73
2013-09-18T00:00:00Z,954.88
2013-09-17T00:00:00Z,946.35
2013-09-16T00:00:00Z,946.43
2013-09-13T00:00:00Z,938.1
2013-09-12T00:00:00Z,937.38
2013-09-11T00:00:00Z,939.26
2013-09-10T00:00:00Z,935.05
2013-09-09T00:00:00Z,926.38
2013-09-06T00:00:00Z,918.6
2013-09-05T00:00:00Z,915.46
2013-09-04T00:00:00Z,914.84
2013-09-03T00:00:00Z,908.91
2013-09-02T00:00:00Z,907.08
2013-08-30T00:00:00Z,900.94
2013-08-29T00:00:00Z,906.37
2013-08-28T00:00:00Z,905.86
2013-08-27T00:00:00Z,909.93
2013-08-26T00:00:00Z,922.22
2013-08-23T00:00:00Z,925.8
2013-08-22T00:00:00Z,918.19
2013-08-21T00:00:00Z,913.91
2013-08-20T00:00:00Z,920.96
2013-08-19T00:00:00Z,922.58
2013-08-16T00:00:00Z,926.34
2013-08-15T00:00:00Z,925.45
2013-08-14T00:00:00Z,936.96
2013-08-13T00:00:00Z,936.34
2013-08-12T00:00:00Z,934.52
2013-08-09T00:00:00Z,935.67
2013-08-08T00:00:00Z,936.68
2013-08-07T00:00:00Z,931.48
2013-08-06T00:00:00Z,936.95
2013-08-05T00:00:00Z,937.49
2013-08-02T00:00:00Z,939.84
2013-08-01T00:00:00Z,934.1
2013-07-31T00:00:00Z,925.21
2013-07-30T00:00:00Z,926.72
2013-07-29T00:00:00Z,925.58
2013-07-26T00:00:00Z,929.99
2013-07-25T00:00:00Z,930.65
2013-07-24T00:00:00Z,932.53
2013-07-23T00:00:00Z,931.94
2013-07-22T00:00:00Z,932.4
2013-07-19T00:00:00Z,927.66
2013-07-18T00:00:00Z,927.13
2013-07-17T00:00:00Z,922.56
2013-07-16T00:00:00Z,920.93
2013-07-15T00:00:00Z,920.81
2013-07-12T00:00:00Z,918.88
2013-07-11T00:00:00Z,918.18
2013-07-10T00:00:00Z,904.16
2013-07-09T00:00:00Z,901.29
2013-07-08T00:00:00Z,894.76
2013-07-05T00:00:00Z,888.45
2013-07-04T00:00:00Z,888.79
2013-07-03T00:00:00Z,883.18
2013-07-02T00:00:00Z,886.68
2013-07-01T00:00:00Z,886.31
2013-06-28T00:00:00Z,879.61
2013-06-27T00:00:00Z,882.78
2013-06-26T00:00:00Z,876.85
2013-06-25T00:00:00Z,868.56
2013-06-24T00:00:00Z,861.9
2013-06-21T00:00:00Z,875.01
2013-06-20T00:00:00Z,876.56
2013-06-19T00:00:00Z,909.55
2013-06-18T00:00:00Z,914.09
2013-06-17T00:00:00Z,910.3
2013-06-14T00:00:00Z,901.78
2013-06-13T00:00:00Z,901.9
2013-06-12T00:00:00Z,898.97
2013-06-11T00:00:00Z,901.63
2013-06-10T00:00:00Z,906.99
2013-06-07T00:00:00Z,905.03
2013-06-06T00:00:00Z,895.66
2013-06-05T00:00:00Z,894
2013-06-04T00:00:00Z,907.67
2013-06-03T00:00:00Z,907.01
2013-05-31T00:00:00Z,905.58
2013-05-30T00:00:00Z,917.84
2013-05-29T00:00:00Z,916.08
2013-05-28T00:00:00Z,921.63
2013-05-27T00:00:00Z,915.61
2013-05-24T00:00:00Z,918.05
2013-05-23T00:00:00Z,918.2
2013-05-22T00:00:00Z,930.7
2013-05-21T00:00:00Z,933.61
2013-05-20T00:00:00Z,931.96
2013-05-17T00:00:00Z,927.5
2013-05-16T00:00:00Z,925.8
2013-05-15T00:00:00Z,926.14
2013-05-14T00:00:00Z,921.86
2013-05-13T00:00:00Z,916.88
2013-05-10T00:00:00Z,915.35
2013-05-09T00:00:00Z,915.47
2013-05-08T00:00:00Z,921.16
2013-05-07T00:00:00Z,913.39
2013-05-06T00:00:00Z,906.69
2013-05-03T00:00:00Z,907.7
2013-05-02T00:00:00Z,900.31
2013-05-01T00:00:00Z,899.82
2013-04-30T00:00:00Z,905.95
2013-04-29T00:00:00Z,902.28
2013-04-26T00:00:00Z,894.88
2013-04-25T00:00:00Z,894.89
2013-04-24T00:00:00Z,890.32
2013-04-23T00:00:00Z,886.82
2013-04-22T00:00:00Z,875.5
2013-04-19T00:00:00Z,872.28
2013-04-18T00:00:00Z,867.74
2013-04-17T00:00:00Z,871.92
2013-04-16T00:00:00Z,882.9
2013-04-15T00:00:00Z,879
2013-04-12T00:00:00Z,892.36
2013-04-11T00:00:00Z,896.43
2013-04-10T00:00:00Z,890.02
2013-04-09T00:00:00Z,877.01
2013-04-08T00:00:00Z,872.02
2013-04-05T00:00:00Z,868.4
2013-04-04T00:00:00Z,871.49
2013-04-03T00:00:00Z,874.93
2013-04-02T00:00:00Z,880.38
2013-04-01T00:00:00Z,874.99
2013-03-28T00:00:00Z,877.86
2013-03-27T00:00:00Z,875.39
2013-03-26T00:00:00Z,878.63
2013-03-25T00:00:00Z,875.62
2013-03-22T00:00:00Z,879.26
2013-03-21T00:00:00Z,876.11
2013-03-20T00:00:00Z,881.32
2013-03-19T00:00:00Z,876.92
2013-03-18T00:00:00Z,879.28
2013-03-15T00:00:00Z,887.88
2013-03-14T00:00:00Z,884.79
2013-03-13T00:00:00Z,878.32
2013-03-12T00:00:00Z,880.96
2013-03-11T00:00:00Z,882.2
2013-03-08T00:00:00Z,878.55
2013-03-07T00:00:00Z,876.64
2013-03-06T00:00:00Z,874.58
2013-03-05T00:00:00Z,873.76
2013-03-04T00:00:00Z,863.19
2013-03-01T00:00:00Z,861.92
2013-02-28T00:00:00Z,864.73
2013-02-27T00:00:00Z,861.25
2013-02-26T00:00:00Z,853.26
2013-02-25T00:00:00Z,858.2
2013-02-22T00:00:00Z,863.99
2013-02-21T00:00:00Z,858.16
2013-02-20T00:00:00Z,870.35
2013-02-19T00:00:00Z,875.42
2013-02-18T00:00:00Z,867.34
2013-02-15T00:00:00Z,866.62
2013-02-14T00:00:00Z,868.96
2013-02-13T00:00:00Z,870.21
2013-02-12T00:00:00Z,869.67
2013-02-11T00:00:00Z,864.61
2013-02-08T00:00:00Z,866.91
2013-02-07T00:00:00Z,861.48
2013-02-06T00:00:00Z,866.33
2013-02-05T00:00:00Z,864.3
2013-02-04T00:00:00Z,861.15
2013-02-01T00:00:00Z,872.71
2013-01-31T00:00:00Z,865.41
2013-01-30T00:00:00Z,868.27
2013-01-29T00:00:00Z,868.92
2013-01-28T00:00:00Z,863.81
2013-01-25T00:00:00Z,865.07
2013-01-24T00:00:00Z,858.81
2013-01-23T00:00:00Z,856.87
2013-01-22T00:00:00Z,856.58
2013-01-21T00:00:00Z,855.21
2013-01-18T00:00:00Z,854.17
2013-01-17T00:00:00Z,853.49
2013-01-16T00:00:00Z,849.22
2013-01-15T00:00:00Z,851.4
2013-01-14T00:00:00Z,850.68
2013-01-11T00:00:00Z,852.33
2013-01-10T00:00:00Z,849.67
2013-01-09T00:00:00Z,842.28
2013-01-08T00:00:00Z,839.85
2013-01-07T00:00:00Z,842.79
2013-01-04T00:00:00Z,844.2
2013-01-03T00:00:00Z,841.39
2013-01-02T00:00:00Z,843.28
2012-12-31T00:00:00Z,825.02
2012-12-28T00:00:00Z,818.65
2012-12-27T00:00:00Z,824.2
2012-12-26T00:00:00Z,823.36
2012-12-24T00:00:00Z,824.87
2012-12-21T00:00:00Z,826.9
2012-12-20T00:00:00Z,834.04
2012-12-19T00:00:00Z,832.7
2012-12-18T00:00:00Z,831.94
2012-12-17T00:00:00Z,824.23
2012-12-14T00:00:00Z,818.19
2012-12-13T00:00:00Z,819.79
2012-12-12T00:00:00Z,821.95
2012-12-11T00:00:00Z,820.54
2012-12-10T00:00:00Z,814.41
2012-12-07T00:00:00Z,814.03
2012-12-06T00:00:00Z,813.55
2012-12-05T00:00:00Z,811.11
2012-12-04T00:00:00Z,809.93
2012-12-03T00:00:00Z,809.9
2012-11-30T00:00:00Z,809.79
2012-11-29T00:00:00Z,809.84
2012-11-28T00:00:00Z,802.64
2012-11-27T00:00:00Z,800.17
2012-11-26T00:00:00Z,802.65
2012-11-23T00:00:00Z,803.67
2012-11-22T00:00:00Z,794.6
2012-11-21T00:00:00Z,790.27
2012-11-20T00:00:00Z,788.24
2012-11-19T00:00:00Z,788.08
2012-11-16T00:00:00Z,770.16
2012-11-15T00:00:00Z,771.62
2012-11-14T00:00:00Z,773.51
2012-11-13T00:00:00Z,782.17
2012-11-12T00:00:00Z,784.11
2012-11-09T00:00:00Z,785.45
2012-11-08T00:00:00Z,785.74
2012-11-07T00:00:00Z,792.92
2012-11-06T00:00:00Z,807.53
2012-11-05T00:00:00Z,802.71
2012-11-02T00:00:00Z,804.37
2012-11-01T00:00:00Z,808.06
2012-10-31T00:00:00Z,800.78
2012-10-30T00:00:00Z,801.27
2012-10-29T00:00:00Z,797.76
2012-10-26T00:00:00Z,800.09
2012-10-25T00:00:00Z,801.88
2012-10-24T00:00:00Z,799.68
2012-10-23T00:00:00Z,800.09
2012-10-22T00:00:00Z,813.35
2012-10-19T00:00:00Z,813.99
2012-10-18T00:00:00Z,824.77
2012-10-17T00:00:00Z,825.59
2012-10-16T00:00:00Z,819.75
2012-10-15T00:00:00Z,809.35
2012-10-12T00:00:00Z,804.28
2012-10-11T00:00:00Z,805.57
2012-10-10T00:00:00Z,803.63
2012-10-09T00:00:00Z,808.81
2012-10-08T00:00:00Z,817.03
2012-10-05T00:00:00Z,823.08
2012-10-04T00:00:00Z,818.89
2012-10-03T00:00:00Z,812.78
2012-10-02T00:00:00Z,812.7
2012-10-01T00:00:00Z,812.61
2012-09-28T00:00:00Z,807.29
2012-09-27T00:00:00Z,813.73
2012-09-26T00:00:00Z,807.49
2012-09-25T00:00:00Z,819.84
2012-09-24T00:00:00Z,821.4
2012-09-21T00:00:00Z,825.65
2012-09-20T00:00:00Z,823.08
2012-09-19T00:00:00Z,827.32
2012-09-18T00:00:00Z,824.25
2012-09-17T00:00:00Z,827.13
2012-09-14T00:00:00Z,829.8
2012-09-13T00:00:00Z,818.23
2012-09-12T00:00:00Z,811.04
2012-09-11T00:00:00Z,808.19
2012-09-10T00:00:00Z,804.66
2012-09-07T00:00:00Z,808.39
2012-09-06T00:00:00Z,799.38
2012-09-05T00:00:00Z,783.49
2012-09-04T00:00:00Z,783.96
2012-09-03T00:00:00Z,788.47
2012-08-31T00:00:00Z,787.39
2012-08-30T00:00:00Z,783.4
2012-08-29T00:00:00Z,790.37
2012-08-28T00:00:00Z,790.93
2012-08-27T00:00:00Z,792.62
2012-08-24T00:00:00Z,791.85
2012-08-23T00:00:00Z,791.86
2012-08-22T00:00:00Z,793.31
2012-08-21T00:00:00Z,797.5
2012-08-20T00:00:00Z,794.9
2012-08-17T00:00:00Z,795.01
2012-08-16T00:00:00Z,793.68
2012-08-15T00:00:00Z,785.98
2012-08-14T00:00:00Z,786.94
2012-08-13T00:00:00Z,785.92
2012-08-10T00:00:00Z,786.81
2012-08-09T00:00:00Z,787.06
2012-08-08T00:00:00Z,785.84
2012-08-07T00:00:00Z,785.72
2012-08-06T00:00:00Z,781.4
2012-08-03T00:00:00Z,775.6
2012-08-02T00:00:00Z,759.22
2012-08-01T00:00:00Z,768.17
2012-07-31T00:00:00Z,769.44
2012-07-30T00:00:00Z,769.84
2012-07-27T00:00:00Z,767.38
2012-07-26T00:00:00Z,753.7
2012-07-25T00:00:00Z,737.09
2012-07-24T00:00:00Z,738.11
2012-07-23T00:00:00Z,743.58
2012-07-20T00:00:00Z,755.48
2012-07-19T00:00:00Z,765.74
2012-07-18T00:00:00Z,759.44
2012-07-17T00:00:00Z,752.74
2012-07-16T00:00:00Z,751.14
2012-07-13T00:00:00Z,751.22
2012-07-12T00:00:00Z,739.63
2012-07-11T00:00:00Z,747.38
2012-07-10T00:00:00Z,747.89
2012-07-09T00:00:00Z,750.85
2012-07-06T00:00:00Z,754.03
2012-07-05T00:00:00Z,761.93
2012-07-04T00:00:00Z,766.95
2012-07-03T00:00:00Z,768.02
2012-07-02T00:00:00Z,762.16
2012-06-29T00:00:00Z,759.62
2012-06-28T00:00:00Z,736.6
2012-06-27T00:00:00Z,738.4
2012-06-26T00:00:00Z,731.86
2012-06-25T00:00:00Z,730.98
2012-06-22T00:00:00Z,742.46
2012-06-21T00:00:00Z,743.43
2012-06-20T00:00:00Z,756.09
2012-06-19T00:00:00Z,753.68
2012-06-18T00:00:00Z,744.01
2012-06-15T00:00:00Z,742.23
2012-06-14T00:00:00Z,734.99
2012-06-13T00:00:00Z,731.7
2012-06-12T00:00:00Z,731.59
2012-06-11T00:00:00Z,726.99
2012-06-08T00:00:00Z,728.88
2012-06-07T00:00:00Z,730.23
2012-06-06T00:00:00Z,724.89
2012-06-05T00:00:00Z,709.4
2012-06-04T00:00:00Z,706.16
2012-06-01T00:00:00Z,707.26
2012-05-31T00:00:00Z,722.27
2012-05-30T00:00:00Z,724.86
2012-05-29T00:00:00Z,736.94
2012-05-28T00:00:00Z,730.15
2012-05-25T00:00:00Z,729.14
2012-05-24T00:00:00Z,731.6
2012-05-23T00:00:00Z,728.79
2012-05-22T00:00:00Z,738.12
2012-05-21T00:00:00Z,732.01
2012-05-18T00:00:00Z,725.13
2012-05-17T00:00:00Z,733.49
2012-05-16T00:00:00Z,740.55
2012-05-15T00:00:00Z,745.7
2012-05-14T00:00:00Z,751.82
2012-05-11T00:00:00Z,763.37
2012-05-10T00:00:00Z,764.44
2012-05-09T00:00:00Z,762.14
2012-05-08T00:00:00Z,767.94
2012-05-07T00:00:00Z,774.43
2012-05-04T00:00:00Z,776.94
2012-05-03T00:00:00Z,788.94
2012-05-02T00:00:00Z,791.94
2012-05-01T00:00:00Z,795.19
2012-04-30T00:00:00Z,793.8
2012-04-27T00:00:00Z,797.28
2012-04-26T00:00:00Z,794.52
2012-04-25T00:00:00Z,790.62
2012-04-24T00:00:00Z,782.61
2012-04-23T00:00:00Z,777.38
2012-04-20T00:00:00Z,788.53
2012-04-19T00:00:00Z,785.45
2012-04-18T00:00:00Z,789.4
2012-04-17T00:00:00Z,791.7
2012-04-16T00:00:00Z,778.67
2012-04-13T00:00:00Z,778.91
2012-04-12T00:00:00Z,789.79
2012-04-11T00:00:00Z,779.54
2012-04-10T00:00:00Z,775.06
2012-04-09T00:00:00Z,788.19
2012-04-05T00:00:00Z,793.71
2012-04-04T00:00:00Z,795.05
2012-04-03T00:00:00Z,811.07
2012-04-02T00:00:00Z,815.66
2012-03-30T00:00:00Z,808.18
2012-03-29T00:00:00Z,803.65
2012-03-28T00:00:00Z,809.17
2012-03-27T00:00:00Z,814.29
2012-03-26T00:00:00Z,814.58
2012-03-23T00:00:00Z,804.69
2012-03-22T00:00:00Z,802.81
2012-03-21T00:00:00Z,806.78
2012-03-20T00:00:00Z,809.62
2012-03-19T00:00:00Z,814.49
2012-03-16T00:00:00Z,810.98
2012-03-15T00:00:00Z,806.9
2012-03-14T00:00:00Z,801.3
2012-03-13T00:00:00Z,802.24
2012-03-12T00:00:00Z,789.71
2012-03-09T00:00:00Z,789.78
2012-03-08T00:00:00Z,789.51
2012-03-07T00:00:00Z,776.73
2012-03-06T00:00:00Z,773.68
2012-03-05T00:00:00Z,790.54
2012-03-02T00:00:00Z,794.31
2012-03-01T00:00:00Z,798
2012-02-29T00:00:00Z,794.74
2012-02-28T00:00:00Z,797.37
2012-02-27T00:00:00Z,793.72
2012-02-24T00:00:00Z,795.27
2012-02-23T00:00:00Z,790.89
2012-02-22T00:00:00Z,787.94
2012-02-21T00:00:00Z,791.94
2012-02-20T00:00:00Z,792.81
2012-02-17T00:00:00Z,786.79
2012-02-16T00:00:00Z,780.74
2012-02-15T00:00:00Z,777.74
2012-02-14T00:00:00Z,777.67
2012-02-13T00:00:00Z,781.6
2012-02-10T00:00:00Z,775.43
2012-02-09T00:00:00Z,785.19
2012-02-08T00:00:00Z,783.37
2012-02-07T00:00:00Z,781.37
2012-02-06T00:00:00Z,778.17
2012-02-03T00:00:00Z,778.04
2012-02-02T00:00:00Z,769.68
2012-02-01T00:00:00Z,768.58
2012-01-31T00:00:00Z,758.15
2012-01-30T00:00:00Z,757.02
2012-01-27T00:00:00Z,761.52
2012-01-26T00:00:00Z,764.15
2012-01-25T00:00:00Z,758.31
2012-01-24T00:00:00Z,755.22
2012-01-23T00:00:00Z,758.87
2012-01-20T00:00:00Z,754.58
2012-01-19T00:00:00Z,752.06
2012-01-18T00:00:00Z,745.07
2012-01-17T00:00:00Z,738.93
2012-01-16T00:00:00Z,732.8
2012-01-13T00:00:00Z,731.81
2012-01-12T00:00:00Z,735.57
2012-01-11T00:00:00Z,733.33
2012-01-10T00:00:00Z,735.32
2012-01-09T00:00:00Z,726.25
2012-01-06T00:00:00Z,726.39
2012-01-05T00:00:00Z,729.75
2012-01-04T00:00:00Z,734.37
2012-01-03T00:00:00Z,735.65
2012-01-02T00:00:00Z,723.1
2011-12-30T00:00:00Z,720.65
2011-12-29T00:00:00Z,717.25
2011-12-28T00:00:00Z,711.46
2011-12-27T00:00:00Z,720.45
2011-12-23T00:00:00Z,719.53
2011-12-22T00:00:00Z,714.11
2011-12-21T00:00:00Z,708.53
2011-12-20T00:00:00Z,708.99
2011-12-19T00:00:00Z,692.17
2011-12-16T00:00:00Z,698.21
2011-12-15T00:00:00Z,697.18
2011-12-14T00:00:00Z,694.47
2011-12-13T00:00:00Z,706.54
2011-12-12T00:00:00Z,711.86
2011-12-09T00:00:00Z,723.54
2011-12-08T00:00:00Z,715.94
2011-12-07T00:00:00Z,729
2011-12-06T00:00:00Z,725.8
2011-12-05T00:00:00Z,729.5
2011-12-02T00:00:00Z,722.03
2011-12-01T00:00:00Z,719.44
2011-11-30T00:00:00Z,718.75
2011-11-29T00:00:00Z,692.53
2011-11-28T00:00:00Z,687.96
2011-11-25T00:00:00Z,666.47
2011-11-24T00:00:00Z,667.91
2011-11-23T00:00:00Z,669.86
2011-11-22T00:00:00Z,684.47
2011-11-21T00:00:00Z,686.95
2011-11-18T00:00:00Z,703.82
2011-11-17T00:00:00Z,707.42
2011-11-16T00:00:00Z,716.03
2011-11-15T00:00:00Z,722.62
2011-11-14T00:00:00Z,724.72
2011-11-11T00:00:00Z,731.29
2011-11-10T00:00:00Z,714.85
2011-11-09T00:00:00Z,716.9
2011-11-08T00:00:00Z,737.53
2011-11-07T00:00:00Z,731.13
2011-11-04T00:00:00Z,730.3
2011-11-03T00:00:00Z,732.77
2011-11-02T00:00:00Z,722.13
2011-11-01T00:00:00Z,714.12
2011-10-31T00:00:00Z,741.46
2011-10-28T00:00:00Z,764.31
2011-10-27T00:00:00Z,762.85
2011-10-26T00:00:00Z,731.42
2011-10-25T00:00:00Z,729.66
2011-10-24T00:00:00Z,738.63
2011-10-21T00:00:00Z,727.8
2011-10-20T00:00:00Z,711.31
2011-10-19T00:00:00Z,717.38
2011-10-18T00:00:00Z,718.49
2011-10-17T00:00:00Z,717.07
2011-10-14T00:00:00Z,725.48
2011-10-13T00:00:00Z,714.75
2011-10-12T00:00:00Z,718.88
2011-10-11T00:00:00Z,707.54
2011-10-10T00:00:00Z,705.59
2011-10-07T00:00:00Z,687.06
2011-10-06T00:00:00Z,683.69
2011-10-05T00:00:00Z,667.3
2011-10-04T00:00:00Z,654.28
2011-10-03T00:00:00Z,655.65
2011-09-30T00:00:00Z,673.57
2011-09-29T00:00:00Z,689.77
2011-09-28T00:00:00Z,685.02
2011-09-27T00:00:00Z,694.19
2011-09-26T00:00:00Z,673.97
2011-09-23T00:00:00Z,665.36
2011-09-22T00:00:00Z,661.56
2011-09-21T00:00:00Z,690.7
2011-09-20T00:00:00Z,704.54
2011-09-19T00:00:00Z,700.16
2011-09-16T00:00:00Z,712.24
2011-09-15T00:00:00Z,707.43
2011-09-14T00:00:00Z,691.69
2011-09-13T00:00:00Z,685.39
2011-09-12T00:00:00Z,677.78
2011-09-09T00:00:00Z,685.61
2011-09-08T00:00:00Z,706.73
2011-09-07T00:00:00Z,708.62
2011-09-06T00:00:00Z,689.73
2011-09-05T00:00:00Z,698.06
2011-09-02T00:00:00Z,713.03
2011-09-01T00:00:00Z,730.2
2011-08-31T00:00:00Z,734.39
2011-08-30T00:00:00Z,724.82
2011-08-29T00:00:00Z,722.56
2011-08-26T00:00:00Z,706.11
2011-08-25T00:00:00Z,701.91
2011-08-24T00:00:00Z,709.42
2011-08-23T00:00:00Z,702.91
2011-08-22T00:00:00Z,686.79
2011-08-19T00:00:00Z,687.26
2011-08-18T00:00:00Z,698.15
2011-08-17T00:00:00Z,730.08
2011-08-16T00:00:00Z,727.76
2011-08-15T00:00:00Z,732.06
2011-08-12T00:00:00Z,717.96
2011-08-11T00:00:00Z,708.4
2011-08-10T00:00:00Z,686.55
2011-08-09T00:00:00Z,709.55
2011-08-08T00:00:00Z,691.95
2011-08-05T00:00:00Z,727.31
2011-08-04T00:00:00Z,735.86
2011-08-03T00:00:00Z,767.17
2011-08-02T00:00:00Z,771.48
2011-08-01T00:00:00Z,787.63
2011-07-29T00:00:00Z,793.46
2011-07-28T00:00:00Z,797.7
2011-07-27T00:00:00Z,801.45
2011-07-26T00:00:00Z,815.33
2011-07-25T00:00:00Z,813.97
2011-07-22T00:00:00Z,818.59
2011-07-21T00:00:00Z,815.5
2011-07-20T00:00:00Z,803.77
2011-07-19T00:00:00Z,798.75
2011-07-18T00:00:00Z,786.46
2011-07-15T00:00:00Z,796.42
2011-07-14T00:00:00Z,795.74
2011-07-13T00:00:00Z,801
2011-07-12T00:00:00Z,792.3
2011-07-11T00:00:00Z,797.85
2011-07-08T00:00:00Z,814.69
2011-07-07T00:00:00Z,819.87
2011-07-06T00:00:00Z,813.64
2011-07-05T00:00:00Z,815.55
2011-07-04T00:00:00Z,817.11
2011-07-01T00:00:00Z,814.57
2011-06-30T00:00:00Z,806.88
2011-06-29T00:00:00Z,796.25
2011-06-28T00:00:00Z,785.75
2011-06-27T00:00:00Z,777.28
2011-06-24T00:00:00Z,773.15
2011-06-23T00:00:00Z,775.94
2011-06-22T00:00:00Z,787.93
2011-06-21T00:00:00Z,789.01
2011-06-20T00:00:00Z,776.97
2011-06-17T00:00:00Z,776.85
2011-06-16T00:00:00Z,772.31
2011-06-15T00:00:00Z,779.08
2011-06-14T00:00:00Z,792.36
2011-06-13T00:00:00Z,782.44
2011-06-10T00:00:00Z,781.26
2011-06-09T00:00:00Z,792.81
2011-06-08T00:00:00Z,789.62
2011-06-07T00:00:00Z,795.66
2011-06-06T00:00:00Z,794.41
2011-06-03T00:00:00Z,799.21
2011-06-02T00:00:00Z,802.01
2011-06-01T00:00:00Z,809.33
2011-05-31T00:00:00Z,819.52
2011-05-30T00:00:00Z,809.06
2011-05-27T00:00:00Z,809.32
2011-05-26T00:00:00Z,801.52
2011-05-25T00:00:00Z,797.68
2011-05-24T00:00:00Z,795.51
2011-05-23T00:00:00Z,794.36
2011-05-20T00:00:00Z,808.64
2011-05-19T00:00:00Z,815.54
2011-05-18T00:00:00Z,813.21
2011-05-17T00:00:00Z,806.02
2011-05-16T00:00:00Z,810.27
2011-05-13T00:00:00Z,813.95
2011-05-12T00:00:00Z,818.98
2011-05-11T00:00:00Z,823.33
2011-05-10T00:00:00Z,828.07
2011-05-09T00:00:00Z,820.18
2011-05-06T00:00:00Z,825.72
2011-05-05T00:00:00Z,823.83
2011-05-04T00:00:00Z,833.48
2011-05-03T00:00:00Z,839.89
2011-05-02T00:00:00Z,844.28
2011-04-29T00:00:00Z,841.85
2011-04-28T00:00:00Z,840.05
2011-04-27T00:00:00Z,831.12
2011-04-26T00:00:00Z,828.32
2011-04-25T00:00:00Z,822.57
2011-04-21T00:00:00Z,823.42
2011-04-20T00:00:00Z,816.5
2011-04-19T00:00:00Z,799.71
2011-04-18T00:00:00Z,794.98
2011-04-15T00:00:00Z,807.95
2011-04-14T00:00:00Z,808.06
2011-04-13T00:00:00Z,810.39
2011-04-12T00:00:00Z,807.35
2011-04-11T00:00:00Z,815.84
2011-04-08T00:00:00Z,816.66
2011-04-07T00:00:00Z,812.5
2011-04-06T00:00:00Z,814.98
2011-04-05T00:00:00Z,810.46
2011-04-04T00:00:00Z,812.35
2011-04-01T00:00:00Z,809.76
2011-03-31T00:00:00Z,805.72
2011-03-30T00:00:00Z,806.41
2011-03-29T00:00:00Z,798.82
2011-03-28T00:00:00Z,798.01
2011-03-25T00:00:00Z,800.57
2011-03-24T00:00:00Z,799.28
2011-03-23T00:00:00Z,791
2011-03-22T00:00:00Z,790.81
2011-03-21T00:00:00Z,788.85
2011-03-18T00:00:00Z,776.56
2011-03-17T00:00:00Z,771.17
2011-03-16T00:00:00Z,759.55
2011-03-15T00:00:00Z,765.83
2011-03-14T00:00:00Z,784.93
2011-03-11T00:00:00Z,793.67
2011-03-10T00:00:00Z,793.62
2011-03-09T00:00:00Z,809.37
2011-03-08T00:00:00Z,809.65
2011-03-07T00:00:00Z,808.4
2011-03-04T00:00:00Z,814.13
2011-03-03T00:00:00Z,816.47
2011-03-02T00:00:00Z,808.53
2011-03-01T00:00:00Z,810.36
2011-02-28T00:00:00Z,816.94
2011-02-25T00:00:00Z,810.25
2011-02-24T00:00:00Z,802.51
2011-02-23T00:00:00Z,804.06
2011-02-22T00:00:00Z,809.64
2011-02-21T00:00:00Z,820.3
2011-02-18T00:00:00Z,823.45
2011-02-17T00:00:00Z,821.66
2011-02-16T00:00:00Z,817.18
2011-02-15T00:00:00Z,813.14
2011-02-14T00:00:00Z,813.55
2011-02-11T00:00:00Z,811.66
2011-02-10T00:00:00Z,810.42
2011-02-09T00:00:00Z,813.99
2011-02-08T00:00:00Z,816.51
2011-02-07T00:00:00Z,811.87
2011-02-04T00:00:00Z,806.92
2011-02-03T00:00:00Z,806
2011-02-02T00:00:00Z,807.79
2011-02-01T00:00:00Z,805.9
2011-01-31T00:00:00Z,792.02
2011-01-28T00:00:00Z,788.47
2011-01-27T00:00:00Z,799.77
2011-01-26T00:00:00Z,797.44
2011-01-25T00:00:00Z,793.86
2011-01-24T00:00:00Z,794.68
2011-01-21T00:00:00Z,788.46
2011-01-20T00:00:00Z,782.4
2011-01-19T00:00:00Z,790.87
2011-01-18T00:00:00Z,794.19
2011-01-17T00:00:00Z,788.55
2011-01-14T00:00:00Z,789.95
2011-01-13T00:00:00Z,788.23
2011-01-12T00:00:00Z,783.14
2011-01-11T00:00:00Z,772.42
2011-01-10T00:00:00Z,768.97
2011-01-07T00:00:00Z,773.13
2011-01-06T00:00:00Z,775.02
2011-01-05T00:00:00Z,775.42
2011-01-04T00:00:00Z,778.34
2011-01-03T00:00:00Z,776.72
2010-12-31T00:00:00Z,772.46
2010-12-30T00:00:00Z,770.24
2010-12-29T00:00:00Z,771.66
2010-12-28T00:00:00Z,770.06
2010-12-27T00:00:00Z,768.27
2010-12-24T00:00:00Z,769.14
2010-12-23T00:00:00Z,768.42
2010-12-22T00:00:00Z,768.45
2010-12-21T00:00:00Z,767.1
2010-12-20T00:00:00Z,759.98
2010-12-17T00:00:00Z,759.24
2010-12-16T00:00:00Z,761.38
2010-12-15T00:00:00Z,761.53
2010-12-14T00:00:00Z,765.69
2010-12-13T00:00:00Z,764.19
2010-12-10T00:00:00Z,758.59
2010-12-09T00:00:00Z,755.6
2010-12-08T00:00:00Z,753.19
2010-12-07T00:00:00Z,754.71
2010-12-06T00:00:00Z,751.25
2010-12-03T00:00:00Z,753.37
2010-12-02T00:00:00Z,747.19
2010-12-01T00:00:00Z,734.07
2010-11-30T00:00:00Z,720
2010-11-29T00:00:00Z,724.58
2010-11-26T00:00:00Z,731.17
2010-11-25T00:00:00Z,739.73
2010-11-24T00:00:00Z,738.46
2010-11-23T00:00:00Z,732.07
2010-11-22T00:00:00Z,745.14
2010-11-19T00:00:00Z,747.71
2010-11-18T00:00:00Z,747.29
2010-11-17T00:00:00Z,735.6
2010-11-16T00:00:00Z,734.57
2010-11-15T00:00:00Z,748.14
2010-11-12T00:00:00Z,748.73
2010-11-11T00:00:00Z,754.79
2010-11-10T00:00:00Z,756.72
2010-11-09T00:00:00Z,763.91
2010-11-08T00:00:00Z,764.62
2010-11-05T00:00:00Z,767.21
2010-11-04T00:00:00Z,765.8
2010-11-03T00:00:00Z,747.46
2010-11-02T00:00:00Z,748.05
2010-11-01T00:00:00Z,741.49
2010-10-29T00:00:00Z,740.56
2010-10-28T00:00:00Z,740.1
2010-10-27T00:00:00Z,735.72
2010-10-26T00:00:00Z,741.85
2010-10-25T00:00:00Z,746.35
2010-10-22T00:00:00Z,742.11
2010-10-21T00:00:00Z,744.06
2010-10-20T00:00:00Z,741.31
2010-10-19T00:00:00Z,733.17
2010-10-18T00:00:00Z,744.2
2010-10-15T00:00:00Z,741.68
2010-10-14T00:00:00Z,744.67
2010-10-13T00:00:00Z,741.07
2010-10-12T00:00:00Z,732.24
2010-10-11T00:00:00Z,734.23
2010-10-08T00:00:00Z,733.98
2010-10-07T00:00:00Z,732.72
2010-10-06T00:00:00Z,731.1
2010-10-05T00:00:00Z,726.03
2010-10-04T00:00:00Z,712.53
2010-10-01T00:00:00Z,717.73
2010-09-30T00:00:00Z,714.84
2010-09-29T00:00:00Z,717.52
2010-09-28T00:00:00Z,718.14
2010-09-27T00:00:00Z,716.65
2010-09-24T00:00:00Z,717.25
2010-09-23T00:00:00Z,705.65
2010-09-22T00:00:00Z,710.2
2010-09-21T00:00:00Z,709.07
2010-09-20T00:00:00Z,710.54
2010-09-17T00:00:00Z,701.74
