Date,STOXX Europe Leaders
09-10-2019,153.21
08-10-2019,152.78
07-10-2019,154.18
04-10-2019,152.8
03-10-2019,152.05
02-10-2019,152.3
01-10-2019,156.25
30-09-2019,157.13
27-09-2019,156.34
26-09-2019,156.14
25-09-2019,154.73
24-09-2019,155.35
23-09-2019,155.61
20-09-2019,156.69
19-09-2019,156.04
18-09-2019,155.31
17-09-2019,154.23
16-09-2019,154.13
13-09-2019,154.86
12-09-2019,154.41
11-09-2019,154.35
10-09-2019,152.94
09-09-2019,151.93
06-09-2019,152.18
05-09-2019,152.33
04-09-2019,151.46
03-09-2019,150.07
02-09-2019,150.51
30-08-2019,149.82
29-08-2019,149.17
28-08-2019,148.21
27-08-2019,148.53
26-08-2019,147.09
23-08-2019,146.83
22-08-2019,147.62
21-08-2019,147.84
20-08-2019,146.77
19-08-2019,148.31
16-08-2019,146.75
15-08-2019,144.81
14-08-2019,145.27
13-08-2019,147.25
12-08-2019,146.44
09-08-2019,146.67
08-08-2019,147.97
07-08-2019,146.48
06-08-2019,146.25
05-08-2019,147.05
02-08-2019,149.69
01-08-2019,151.45
31-07-2019,151.07
30-07-2019,151.15
29-07-2019,153.72
26-07-2019,153.1
25-07-2019,153.33
24-07-2019,153.87
23-07-2019,153
22-07-2019,152.32
19-07-2019,152.81
18-07-2019,153.58
17-07-2019,153.62
16-07-2019,153.69
15-07-2019,154.09
12-07-2019,153.79
11-07-2019,153.8
10-07-2019,153.76
09-07-2019,154.43
08-07-2019,154.44
05-07-2019,154.94
04-07-2019,156.29
03-07-2019,155.91
02-07-2019,154.4
01-07-2019,153.44
28-06-2019,152.57
27-06-2019,152.12
26-06-2019,153.2
25-06-2019,153.76
24-06-2019,154.09
21-06-2019,154.92
20-06-2019,154.75
19-06-2019,154.91
18-06-2019,155.48
17-06-2019,153.32
14-06-2019,153.94
13-06-2019,154.23
12-06-2019,153.63
11-06-2019,153.93
10-06-2019,153.38
07-06-2019,153.42
06-06-2019,151.83
05-06-2019,151.73
04-06-2019,150.95
03-06-2019,150.09
31-05-2019,149.88
30-05-2019,150.27
29-05-2019,150.02
28-05-2019,152.44
27-05-2019,153.01
24-05-2019,152.4
23-05-2019,150.61
22-05-2019,152.94
21-05-2019,153.65
20-05-2019,152.76
17-05-2019,153.86
16-05-2019,154.14
15-05-2019,152.24
14-05-2019,151.51
13-05-2019,150.5
10-05-2019,151.98
09-05-2019,151.06
08-05-2019,152.47
07-05-2019,153.55
06-05-2019,154.36
03-05-2019,155.08
02-05-2019,155.32
01-05-2019,156.01
30-04-2019,155.93
29-04-2019,156.03
26-04-2019,156.39
25-04-2019,155.93
24-04-2019,156.05
23-04-2019,156.52
18-04-2019,156.89
17-04-2019,156.65
16-04-2019,156.74
15-04-2019,157.01
12-04-2019,156.58
11-04-2019,156.78
10-04-2019,156.96
09-04-2019,156.14
08-04-2019,156.84
05-04-2019,157.38
04-04-2019,158.18
03-04-2019,158.39
02-04-2019,156.83
01-04-2019,156.03
29-03-2019,155.14
28-03-2019,154.9
27-03-2019,156.07
26-03-2019,155.81
25-03-2019,155.39
22-03-2019,156.06
21-03-2019,157.55
20-03-2019,157.02
19-03-2019,158.38
18-03-2019,157.91
15-03-2019,156.9
14-03-2019,155.99
13-03-2019,154.34
12-03-2019,153.16
11-03-2019,153.25
08-03-2019,151.99
07-03-2019,152.88
06-03-2019,153.69
05-03-2019,153.71
04-03-2019,153.98
01-03-2019,153.93
28-02-2019,154.12
27-02-2019,152.75
26-02-2019,152.16
25-02-2019,152.21
22-02-2019,151.67
21-02-2019,150.77
20-02-2019,151.37
19-02-2019,151.69
18-02-2019,151.71
15-02-2019,151.24
14-02-2019,149.1
13-02-2019,150.25
12-02-2019,150.17
11-02-2019,149.47
08-02-2019,148.48
07-02-2019,149.78
06-02-2019,151.96
05-02-2019,152.09
04-02-2019,150.4
01-02-2019,151.01
31-01-2019,151.01
30-01-2019,152.15
29-01-2019,151.9
28-01-2019,151.19
25-01-2019,152.12
24-01-2019,151.66
23-01-2019,150.76
22-01-2019,150.63
21-01-2019,151.46
18-01-2019,152.14
17-01-2019,149.91
16-01-2019,150.65
15-01-2019,149.14
14-01-2019,149.37
11-01-2019,149.11
10-01-2019,148.83
09-01-2019,147.94
08-01-2019,147.86
07-01-2019,146.98
04-01-2019,147.34
03-01-2019,143.81
02-01-2019,143.68
31-12-2018,144
28-12-2018,143.16
27-12-2018,140.71
24-12-2018,143.17
21-12-2018,143.95
20-12-2018,144.09
19-12-2018,145.94
18-12-2018,144.78
17-12-2018,146.05
14-12-2018,147.82
13-12-2018,148.11
12-12-2018,148.28
11-12-2018,145.75
10-12-2018,144.45
07-12-2018,147.58
06-12-2018,146.31
05-12-2018,150.37
04-12-2018,150.52
03-12-2018,151.26
30-11-2018,151.44
29-11-2018,151.53
28-11-2018,152.66
27-11-2018,152.91
26-11-2018,152.81
23-11-2018,150.36
22-11-2018,149.43
21-11-2018,150.44
20-11-2018,148.95
19-11-2018,150.81
16-11-2018,151.37
15-11-2018,151.74
14-11-2018,155.34
13-11-2018,155.06
12-11-2018,153.93
09-11-2018,155.55
08-11-2018,155.33
07-11-2018,154.09
06-11-2018,152.41
05-11-2018,152.22
02-11-2018,152.22
01-11-2018,152.18
31-10-2018,150.89
30-10-2018,149.4
29-10-2018,149.65
26-10-2018,148.12
25-10-2018,149.09
24-10-2018,148.37
23-10-2018,148.48
22-10-2018,150.41
19-10-2018,151.06
18-10-2018,150.97
17-10-2018,150.93
16-10-2018,150.67
15-10-2018,148.75
12-10-2018,148.6
11-10-2018,150.47
10-10-2018,153.72
09-10-2018,153.83
08-10-2018,153.32
05-10-2018,154.12
04-10-2018,154
03-10-2018,154.5
02-10-2018,153.69
01-10-2018,154.61
28-09-2018,155.15
27-09-2018,157.25
26-09-2018,156.97
25-09-2018,156.04
24-09-2018,156.2
21-09-2018,156.99
20-09-2018,156.93
19-09-2018,155.24
18-09-2018,155.01
17-09-2018,154.55
14-09-2018,153.98
13-09-2018,153.74
12-09-2018,153.3
11-09-2018,153.84
10-09-2018,153.99
07-09-2018,153.2
06-09-2018,153.85
05-09-2018,154.3
04-09-2018,154.44
03-09-2018,155.07
31-08-2018,154.72
30-08-2018,155.97
29-08-2018,157.03
28-08-2018,156.47
27-08-2018,156.69
24-08-2018,156
23-08-2018,156.14
22-08-2018,156.59
21-08-2018,156.19
20-08-2018,155.38
17-08-2018,155.05
16-08-2018,155.46
15-08-2018,155.03
14-08-2018,156.44
13-08-2018,157.08
10-08-2018,157.59
09-08-2018,159.41
08-08-2018,159.25
07-08-2018,159.49
06-08-2018,158.76
03-08-2018,158.94
02-08-2018,157.75
01-08-2018,158.94
31-07-2018,159.66
30-07-2018,159.16
27-07-2018,158.59
26-07-2018,157.76
25-07-2018,156.39
24-07-2018,156.72
23-07-2018,155.99
20-07-2018,156
19-07-2018,156.06
18-07-2018,156.71
17-07-2018,156.92
16-07-2018,156.85
13-07-2018,157.15
12-07-2018,157.28
11-07-2018,156.78
10-07-2018,158.39
09-07-2018,158.21
06-07-2018,157.82
05-07-2018,157.42
04-07-2018,156.76
03-07-2018,155.93
02-07-2018,154.95
29-06-2018,155.55
28-06-2018,155.02
27-06-2018,155.99
26-06-2018,155.09
25-06-2018,155.48
22-06-2018,157.54
21-06-2018,155.63
20-06-2018,157.12
19-06-2018,156.96
18-06-2018,157.25
15-06-2018,158.28
14-06-2018,159.9
13-06-2018,158.21
12-06-2018,159.13
11-06-2018,159.24
08-06-2018,157.35
07-06-2018,157.98
06-06-2018,157.52
05-06-2018,157.6
04-06-2018,158.7
01-06-2018,157.98
31-05-2018,156.27
30-05-2018,157.05
29-05-2018,156.01
28-05-2018,158.97
25-05-2018,159.69
24-05-2018,160.38
23-05-2018,161.5
22-05-2018,163.32
21-05-2018,162.58
18-05-2018,162.93
17-05-2018,163.55
16-05-2018,162.33
15-05-2018,163.09
14-05-2018,163.44
11-05-2018,164.05
10-05-2018,164.04
09-05-2018,164.6
08-05-2018,164.07
07-05-2018,163.96
04-05-2018,163.28
03-05-2018,162.7
02-05-2018,164.21
01-05-2018,164.19
30-04-2018,164.14
27-04-2018,163.69
26-04-2018,163.47
25-04-2018,162.26
24-04-2018,162.95
23-04-2018,163.2
20-04-2018,162.1
19-04-2018,161.81
18-04-2018,161.36
17-04-2018,161.11
16-04-2018,159.8
13-04-2018,159.78
12-04-2018,159.41
11-04-2018,158.35
10-04-2018,158.85
09-04-2018,158.12
06-04-2018,157.65
05-04-2018,158.21
04-04-2018,155.98
03-04-2018,156.06
29-03-2018,156.92
28-03-2018,156.68
27-03-2018,155.29
26-03-2018,153.92
23-03-2018,154.41
22-03-2018,156.08
21-03-2018,158.62
20-03-2018,159.05
19-03-2018,159.01
16-03-2018,160.99
15-03-2018,160.97
14-03-2018,160.46
13-03-2018,161.68
12-03-2018,162.8
09-03-2018,162.28
08-03-2018,161.73
07-03-2018,159.95
06-03-2018,159.12
05-03-2018,159.02
02-03-2018,157.33
01-03-2018,160.25
28-02-2018,161.45
27-02-2018,162.43
26-02-2018,163.24
23-02-2018,162.64
22-02-2018,161.43
21-02-2018,161.28
20-02-2018,160.83
19-02-2018,160.3
16-02-2018,160.57
15-02-2018,158.8
14-02-2018,158.69
13-02-2018,157.51
12-02-2018,158.32
09-02-2018,156.61
08-02-2018,158.29
07-02-2018,160.09
06-02-2018,156.52
05-02-2018,161.38
02-02-2018,164.24
01-02-2018,166.34
31-01-2018,165.94
30-01-2018,165.72
29-01-2018,167.23
26-01-2018,167.85
25-01-2018,167.05
24-01-2018,168.54
23-01-2018,169.07
22-01-2018,168.79
19-01-2018,167.74
18-01-2018,167.66
17-01-2018,167.98
16-01-2018,167.88
15-01-2018,167.1
12-01-2018,167.42
11-01-2018,167.06
10-01-2018,167.61
09-01-2018,168.68
08-01-2018,167.99
05-01-2018,167.83
04-01-2018,166.32
03-01-2018,165.11
02-01-2018,165.03
29-12-2017,165.28
28-12-2017,165.4
27-12-2017,165.59
22-12-2017,165.62
21-12-2017,165.83
20-12-2017,165.15
19-12-2017,166.26
18-12-2017,166.88
15-12-2017,165.5
14-12-2017,165.12
13-12-2017,165.59
12-12-2017,166.14
11-12-2017,165.6
08-12-2017,166.14
07-12-2017,165.24
06-12-2017,164.75
05-12-2017,165.02
04-12-2017,164.66
01-12-2017,163.02
30-11-2017,163.91
29-11-2017,164.27
28-11-2017,163.53
27-11-2017,162.84
24-11-2017,162.87
23-11-2017,163.34
22-11-2017,163.17
21-11-2017,163.13
20-11-2017,162.64
17-11-2017,162.58
16-11-2017,163.38
15-11-2017,162.69
14-11-2017,163.45
13-11-2017,164.24
10-11-2017,165.17
09-11-2017,165.86
08-11-2017,166.53
07-11-2017,165.92
06-11-2017,166.15
03-11-2017,165.86
02-11-2017,166.04
01-11-2017,165.94
31-10-2017,165.8
30-10-2017,165.19
27-10-2017,164.53
26-10-2017,163.42
25-10-2017,161.15
24-10-2017,162.53
23-10-2017,162.91
20-10-2017,163.51
19-10-2017,163.21
18-10-2017,163.69
17-10-2017,163.22
16-10-2017,163.53
13-10-2017,163.79
12-10-2017,163.72
11-10-2017,163.69
10-10-2017,163.25
09-10-2017,163.1
06-10-2017,162.92
05-10-2017,163.38
04-10-2017,162.25
03-10-2017,162.88
02-10-2017,162.75
29-09-2017,162.79
28-09-2017,161.37
27-09-2017,161.52
26-09-2017,161.23
25-09-2017,161.23
22-09-2017,160.88
21-09-2017,160.7
20-09-2017,160.83
19-09-2017,161
18-09-2017,160.71
15-09-2017,160.91
14-09-2017,161.53
13-09-2017,161.87
12-09-2017,162.37
11-09-2017,162.37
08-09-2017,160.35
07-09-2017,160.45
06-09-2017,160.21
05-09-2017,160.16
04-09-2017,160.74
01-09-2017,161.39
31-08-2017,161.14
30-08-2017,160.38
29-08-2017,159.18
28-08-2017,160.24
25-08-2017,160.82
24-08-2017,161.55
23-08-2017,161.47
22-08-2017,162.25
21-08-2017,161.52
18-08-2017,161.73
17-08-2017,162.51
16-08-2017,163.45
15-08-2017,162.99
14-08-2017,163.08
11-08-2017,160.77
10-08-2017,162.61
09-08-2017,163.65
08-08-2017,164.52
07-08-2017,164.15
04-08-2017,164.18
03-08-2017,163.13
02-08-2017,162.88
01-08-2017,162.99
31-07-2017,161.58
28-07-2017,161.27
27-07-2017,162.85
26-07-2017,162.7
25-07-2017,161.95
24-07-2017,161.58
21-07-2017,162.34
20-07-2017,163.45
19-07-2017,164.25
18-07-2017,162.96
17-07-2017,163.99
14-07-2017,163.95
13-07-2017,163.81
12-07-2017,163.18
11-07-2017,160.86
10-07-2017,161.99
07-07-2017,161.28
06-07-2017,161.04
05-07-2017,162
04-07-2017,162.45
03-07-2017,162.85
30-06-2017,161.77
29-06-2017,162.37
28-06-2017,164.35
27-06-2017,165.02
26-06-2017,167.12
23-06-2017,166.82
22-06-2017,166.74
21-06-2017,167.54
20-06-2017,167.65
19-06-2017,168.54
16-06-2017,167.9
15-06-2017,167.21
14-06-2017,168.18
13-06-2017,167.68
12-06-2017,167.37
09-06-2017,168.58
08-06-2017,168.24
07-06-2017,168.79
06-06-2017,168.81
05-06-2017,168.74
02-06-2017,169.43
01-06-2017,169.03
31-05-2017,167.95
30-05-2017,167.4
29-05-2017,167.08
26-05-2017,167.37
25-05-2017,167.07
24-05-2017,166.76
23-05-2017,166.88
22-05-2017,166.28
19-05-2017,165.88
18-05-2017,164.8
17-05-2017,165.64
16-05-2017,167.41
15-05-2017,166.23
12-05-2017,166.19
11-05-2017,164.87
10-05-2017,165.8
09-05-2017,165.81
08-05-2017,165.7
05-05-2017,165.18
04-05-2017,164.19
03-05-2017,162.31
02-05-2017,161.59
01-05-2017,160.04
28-04-2017,160.12
27-04-2017,161.23
26-04-2017,161.33
25-04-2017,161.85
24-04-2017,162.79
21-04-2017,158.73
20-04-2017,159.57
19-04-2017,160.22
18-04-2017,160.47
13-04-2017,161.46
12-04-2017,161.91
11-04-2017,161.3
10-04-2017,160.92
07-04-2017,161.26
06-04-2017,161.13
05-04-2017,160.4
04-04-2017,160.26
03-04-2017,160.5
31-03-2017,161.26
30-03-2017,160.35
29-03-2017,159.9
28-03-2017,159.6
27-03-2017,159.54
24-03-2017,159.44
23-03-2017,159.45
22-03-2017,158.31
21-03-2017,158.63
20-03-2017,158.67
17-03-2017,158.83
16-03-2017,157.95
15-03-2017,156.1
14-03-2017,155.86
13-03-2017,156.42
10-03-2017,155.99
09-03-2017,156.84
08-03-2017,156.24
07-03-2017,156.16
06-03-2017,156.78
03-03-2017,157.02
02-03-2017,157.02
01-03-2017,156.46
28-02-2017,155.53
27-02-2017,154.96
24-02-2017,154.92
23-02-2017,155.56
22-02-2017,155.31
21-02-2017,155.81
20-02-2017,155.64
17-02-2017,155.39
16-02-2017,155.61
15-02-2017,155.15
14-02-2017,155.14
13-02-2017,155.39
10-02-2017,154.93
09-02-2017,155.37
08-02-2017,154.39
07-02-2017,152.47
06-02-2017,151.29
03-02-2017,152.31
02-02-2017,151.28
01-02-2017,151.16
31-01-2017,150.8
30-01-2017,150.82
27-01-2017,152.22
26-01-2017,152.43
25-01-2017,152.59
24-01-2017,152.45
23-01-2017,152.96
20-01-2017,153.54
19-01-2017,154.28
18-01-2017,154.81
17-01-2017,154.96
16-01-2017,155.04
13-01-2017,156.1
12-01-2017,155.28
11-01-2017,155.32
10-01-2017,155.6
09-01-2017,156.39
06-01-2017,156.91
05-01-2017,157.17
04-01-2017,156.72
03-01-2017,156.66
02-01-2017,157.28
30-12-2016,156.21
29-12-2016,155.72
28-12-2016,155.35
27-12-2016,155.99
23-12-2016,155.32
22-12-2016,154.49
21-12-2016,155
20-12-2016,155.2
19-12-2016,154.75
16-12-2016,153.92
15-12-2016,153.36
14-12-2016,153.12
13-12-2016,153.98
12-12-2016,151.94
09-12-2016,152.3
08-12-2016,150.29
07-12-2016,149.52
06-12-2016,148.54
05-12-2016,146.25
02-12-2016,146.17
01-12-2016,146.1
30-11-2016,147.81
29-11-2016,147.71
28-11-2016,147.37
25-11-2016,147.95
24-11-2016,147.23
23-11-2016,146.98
22-11-2016,147.53
21-11-2016,146.83
18-11-2016,146.53
17-11-2016,147.49
16-11-2016,146.62
15-11-2016,146.43
14-11-2016,145.63
11-11-2016,146.81
10-11-2016,146.76
09-11-2016,150.12
08-11-2016,150.08
07-11-2016,149.55
04-11-2016,147.96
03-11-2016,149.18
02-11-2016,149.97
01-11-2016,151.61
31-10-2016,153.34
28-10-2016,153.9
27-10-2016,153.9
26-10-2016,154.48
25-10-2016,155.04
24-10-2016,154.97
21-10-2016,155.18
20-10-2016,155.25
19-10-2016,154.79
18-10-2016,154.72
17-10-2016,152.38
14-10-2016,153.48
13-10-2016,151.25
12-10-2016,151.21
11-10-2016,151.71
10-10-2016,152.21
07-10-2016,150.66
06-10-2016,151.84
05-10-2016,153.13
04-10-2016,155.08
03-10-2016,154.82
30-09-2016,155.09
29-09-2016,154.79
28-09-2016,154.91
27-09-2016,154.37
26-09-2016,154.23
23-09-2016,155.83
22-09-2016,156.63
21-09-2016,153.78
20-09-2016,153.84
19-09-2016,153.42
16-09-2016,152.18
15-09-2016,153.1
14-09-2016,152.92
13-09-2016,153.31
12-09-2016,154.88
09-09-2016,156.37
08-09-2016,158.75
07-09-2016,158.65
06-09-2016,158.11
05-09-2016,158.23
02-09-2016,157.62
01-09-2016,155.08
31-08-2016,154.84
30-08-2016,154.34
29-08-2016,153.98
26-08-2016,154.38
25-08-2016,154.07
24-08-2016,154.83
23-08-2016,154.85
22-08-2016,153.69
19-08-2016,153.37
18-08-2016,154.75
17-08-2016,153.7
16-08-2016,155.38
15-08-2016,156.87
12-08-2016,157.05
11-08-2016,157.11
10-08-2016,156
09-08-2016,156.43
08-08-2016,155.07
05-08-2016,155.17
04-08-2016,154.36
03-08-2016,153.29
02-08-2016,153.89
01-08-2016,155.57
29-07-2016,156.08
28-07-2016,155.05
27-07-2016,156.05
26-07-2016,155.75
25-07-2016,155.8
22-07-2016,155.21
21-07-2016,154.56
20-07-2016,155.12
19-07-2016,153.86
18-07-2016,154.02
15-07-2016,153.85
14-07-2016,154.11
13-07-2016,153.85
12-07-2016,153.39
11-07-2016,153
08-07-2016,150.81
07-07-2016,148.75
06-07-2016,147.33
05-07-2016,149.9
04-07-2016,152.68
01-07-2016,153.87
30-06-2016,152.89
29-06-2016,151.05
28-06-2016,146.08
27-06-2016,141.73
24-06-2016,146.02
23-06-2016,156.92
22-06-2016,155.19
21-06-2016,154.8
20-06-2016,154.54
17-06-2016,149.46
16-06-2016,147.96
15-06-2016,148.93
14-06-2016,147.94
13-06-2016,150.81
10-06-2016,153.18
09-06-2016,157.07
08-06-2016,157.86
07-06-2016,158.09
06-06-2016,156.51
03-06-2016,156.09
02-06-2016,156.7
01-06-2016,157.11
31-05-2016,158.7
30-05-2016,159.6
27-05-2016,159.37
26-05-2016,159.31
25-05-2016,159.11
24-05-2016,158.74
23-05-2016,155.74
20-05-2016,156.75
19-05-2016,155.59
18-05-2016,157.16
17-05-2016,156.62
16-05-2016,156.82
13-05-2016,157.61
12-05-2016,156.42
11-05-2016,156.25
10-05-2016,158.02
09-05-2016,157.86
06-05-2016,156.91
05-05-2016,157.69
04-05-2016,157.14
03-05-2016,158.53
02-05-2016,159.8
29-04-2016,159.21
28-04-2016,161.32
27-04-2016,161.53
26-04-2016,161.84
25-04-2016,161.41
22-04-2016,160.97
21-04-2016,161.35
20-04-2016,162.93
19-04-2016,162.43
18-04-2016,161.38
15-04-2016,161.07
14-04-2016,161.87
13-04-2016,161.3
12-04-2016,159.03
11-04-2016,158.76
08-04-2016,158.74
07-04-2016,156.97
06-04-2016,157.66
05-04-2016,156.09
04-04-2016,158.32
01-04-2016,158.35
31-03-2016,160
30-03-2016,161.61
29-03-2016,160.49
24-03-2016,159.14
23-03-2016,161.68
22-03-2016,161.45
21-03-2016,161.71
18-03-2016,161.16
17-03-2016,160.62
16-03-2016,159.98
15-03-2016,159.86
14-03-2016,160.83
11-03-2016,159.74
10-03-2016,155.3
09-03-2016,156.16
08-03-2016,155.27
07-03-2016,156
04-03-2016,157.38
03-03-2016,157.29
02-03-2016,157.45
01-03-2016,157.26
29-02-2016,155.39
26-02-2016,154.39
25-02-2016,152.75
24-02-2016,149.73
23-02-2016,153.01
22-02-2016,155.32
19-02-2016,152.74
18-02-2016,153.54
17-02-2016,152.98
16-02-2016,149.89
15-02-2016,150.35
12-02-2016,146.1
11-02-2016,143.45
10-02-2016,148.79
09-02-2016,146.59
08-02-2016,149.37
05-02-2016,154.17
04-02-2016,155.7
03-02-2016,155.84
02-02-2016,158.62
01-02-2016,161.23
29-01-2016,161.07
28-01-2016,157.08
27-01-2016,158.43
26-01-2016,157.88
25-01-2016,156.77
22-01-2016,157.28
21-01-2016,152.51
20-01-2016,150.41
19-01-2016,155.5
18-01-2016,153.34
15-01-2016,154.68
14-01-2016,158.04
13-01-2016,160.55
12-01-2016,159.91
11-01-2016,159.01
08-01-2016,158.81
07-01-2016,160.41
06-01-2016,162.92
05-01-2016,164.08
04-01-2016,162.98
31-12-2015,166.6
30-12-2015,167.23
29-12-2015,168.07
28-12-2015,165.56
24-12-2015,166.47
23-12-2015,166.21
22-12-2015,162.87
21-12-2015,163.32
18-12-2015,165.67
17-12-2015,167.22
16-12-2015,166.41
15-12-2015,165.81
14-12-2015,162.26
11-12-2015,164.78
10-12-2015,167.49
09-12-2015,167.92
08-12-2015,167.9
07-12-2015,170.64
04-12-2015,169.79
03-12-2015,170.57
02-12-2015,174.01
01-12-2015,174.35
30-11-2015,175.27
27-11-2015,175.08
26-11-2015,175.12
25-11-2015,173.83
24-11-2015,171.76
23-11-2015,174.07
20-11-2015,175.36
19-11-2015,174.72
18-11-2015,173.51
17-11-2015,173.22
16-11-2015,169.66
13-11-2015,169.1
12-11-2015,170.17
11-11-2015,172.69
10-11-2015,171.83
09-11-2015,172.04
06-11-2015,174.14
05-11-2015,174.14
04-11-2015,174.96
03-11-2015,174.04
02-11-2015,173.96
30-10-2015,172.64
29-10-2015,172.22
28-10-2015,172.49
27-10-2015,170.7
26-10-2015,172.74
23-10-2015,173.13
22-10-2015,170.62
21-10-2015,167.96
20-10-2015,167.8
19-10-2015,167.86
16-10-2015,167.97
15-10-2015,167.88
14-10-2015,166.64
13-10-2015,168.04
12-10-2015,170.09
09-10-2015,170.6
08-10-2015,169.47
07-10-2015,168.42
06-10-2015,167.84
05-10-2015,166.84
02-10-2015,162.16
01-10-2015,161.24
30-09-2015,162.31
29-09-2015,158.98
28-09-2015,159.76
25-09-2015,162.72
24-09-2015,158.13
23-09-2015,161.4
22-09-2015,161.24
21-09-2015,165.73
18-09-2015,165.16
17-09-2015,167.62
16-09-2015,167.44
15-09-2015,165.69
14-09-2015,165.27
11-09-2015,166.03
10-09-2015,167.46
09-09-2015,169.36
08-09-2015,167.19
07-09-2015,165.08
04-09-2015,164.62
03-09-2015,168.05
02-09-2015,165.29
01-09-2015,164.87
31-08-2015,168.34
28-08-2015,168.9
27-08-2015,168.57
26-08-2015,164.06
25-08-2015,165.99
24-08-2015,160.59
21-08-2015,168.48
20-08-2015,173.21
19-08-2015,176.52
18-08-2015,178.96
17-08-2015,178.8
14-08-2015,178.45
13-08-2015,179.03
12-08-2015,177.43
11-08-2015,181.38
10-08-2015,184.63
07-08-2015,182.97
06-08-2015,183.83
05-08-2015,184.11
04-08-2015,182.63
03-08-2015,182.71
31-07-2015,181.53
30-07-2015,181.1
29-07-2015,180.5
28-07-2015,179.5
27-07-2015,178.05
24-07-2015,180.73
23-07-2015,181.47
22-07-2015,182.26
21-07-2015,183.08
20-07-2015,184.63
17-07-2015,184.17
16-07-2015,184.47
15-07-2015,182.04
14-07-2015,181.17
13-07-2015,180.54
10-07-2015,177.43
09-07-2015,173.38
08-07-2015,170.08
07-07-2015,169.37
06-07-2015,171.23
03-07-2015,173.59
02-07-2015,174.18
01-07-2015,175.12
30-06-2015,173.41
29-06-2015,175.61
26-06-2015,179.86
25-06-2015,179.4
24-06-2015,179.98
23-06-2015,180.77
22-06-2015,179.49
19-06-2015,175.61
18-06-2015,175.34
17-06-2015,174.8
16-06-2015,175.84
15-06-2015,174.82
12-06-2015,177.14
11-06-2015,178.55
10-06-2015,177.23
09-06-2015,174.53
08-06-2015,174.45
05-06-2015,175.98
04-06-2015,178
03-06-2015,178.97
02-06-2015,179.62
01-06-2015,181.52
29-05-2015,181.58
28-05-2015,184.01
27-05-2015,184.67
26-05-2015,182.63
25-05-2015,183.58
22-05-2015,184.67
21-05-2015,184.94
20-05-2015,184.82
19-05-2015,184.74
18-05-2015,181.72
15-05-2015,181.53
14-05-2015,181.44
13-05-2015,180.18
12-05-2015,179.2
11-05-2015,181.64
08-05-2015,181.72
07-05-2015,177.39
06-05-2015,178.64
05-05-2015,179.64
04-05-2015,183.89
01-05-2015,182.8
30-04-2015,183.55
29-04-2015,183.93
28-04-2015,187.15
27-04-2015,189.58
24-04-2015,188.07
23-04-2015,188.26
22-04-2015,190.36
21-04-2015,191.49
20-04-2015,190.39
17-04-2015,189.09
16-04-2015,192.08
15-04-2015,193.45
14-04-2015,193.22
13-04-2015,193.37
10-04-2015,193.59
09-04-2015,192.43
08-04-2015,191.05
07-04-2015,190.93
02-04-2015,188.21
01-04-2015,188.39
31-03-2015,187.61
30-03-2015,188.66
27-03-2015,187.14
26-03-2015,186.89
25-03-2015,189.13
24-03-2015,190.42
23-03-2015,189.75
20-03-2015,190.4
19-03-2015,188.51
18-03-2015,187.79
17-03-2015,187.02
16-03-2015,188.05
13-03-2015,186.36
12-03-2015,185.64
11-03-2015,185.31
10-03-2015,182.71
09-03-2015,183.82
06-03-2015,183.89
05-03-2015,184.56
04-03-2015,183.12
03-03-2015,182.32
02-03-2015,183.7
27-02-2015,183.44
26-02-2015,182.78
25-02-2015,181.6
24-02-2015,181.66
23-02-2015,180.5
20-02-2015,178.85
19-02-2015,179.05
18-02-2015,178.93
17-02-2015,178.56
16-02-2015,178.62
13-02-2015,179.69
12-02-2015,179.34
11-02-2015,178.24
10-02-2015,178.85
09-02-2015,177.53
06-02-2015,179.45
05-02-2015,179.25
04-02-2015,179.07
03-02-2015,178.54
02-02-2015,177.43
30-01-2015,177.63
29-01-2015,178.5
28-01-2015,178.1
27-01-2015,177.02
26-01-2015,177.76
23-01-2015,176.83
22-01-2015,173.59
21-01-2015,170.93
20-01-2015,169.84
19-01-2015,168.69
16-01-2015,168.83
15-01-2015,166.3
14-01-2015,161.73
13-01-2015,163.63
12-01-2015,161.01
09-01-2015,160.31
08-01-2015,161.57
07-01-2015,158.34
06-01-2015,157.43
05-01-2015,158.22
02-01-2015,161.01
31-12-2014,161.58
30-12-2014,161.24
29-12-2014,162.84
24-12-2014,162.97
23-12-2014,163.02
22-12-2014,161.74
19-12-2014,160.79
18-12-2014,160.04
17-12-2014,156.28
16-12-2014,156.06
15-12-2014,154.84
12-12-2014,158.2
11-12-2014,161.82
10-12-2014,161.96
09-12-2014,162.32
08-12-2014,165.41
05-12-2014,166.42
04-12-2014,164.23
03-12-2014,166.86
02-12-2014,165.79
01-12-2014,165.24
28-11-2014,166.17
27-11-2014,166.41
26-11-2014,165.54
25-11-2014,165.73
24-11-2014,165.25
21-11-2014,164.69
20-11-2014,161.94
19-11-2014,162.64
18-11-2014,162.6
17-11-2014,161.27
14-11-2014,160.61
13-11-2014,160.56
12-11-2014,160.32
11-11-2014,162.6
10-11-2014,161.69
07-11-2014,160.12
06-11-2014,160.83
05-11-2014,161.42
04-11-2014,158.91
03-11-2014,159.41
31-10-2014,161.89
30-10-2014,159.19
29-10-2014,158.64
28-10-2014,158.17
27-10-2014,155.8
24-10-2014,156.67
23-10-2014,156.94
22-10-2014,155.76
21-10-2014,154.27
20-10-2014,151.16
17-10-2014,151.6
16-10-2014,147.88
15-10-2014,148.79
14-10-2014,153.27
13-10-2014,153.71
10-10-2014,153.71
09-10-2014,155.74
08-10-2014,156.46
07-10-2014,156.78
06-10-2014,158.87
03-10-2014,159.05
02-10-2014,157.72
01-10-2014,161.08
30-09-2014,162.54
29-09-2014,161.22
26-09-2014,161.75
25-09-2014,161.16
24-09-2014,162.78
23-09-2014,161.9
22-09-2014,163.94
19-09-2014,163.74
18-09-2014,163.13
17-09-2014,161.93
16-09-2014,160.94
15-09-2014,161.88
12-09-2014,162.61
11-09-2014,162.31
10-09-2014,162.54
09-09-2014,162.88
08-09-2014,164.09
05-09-2014,164.84
04-09-2014,164.98
03-09-2014,163.69
02-09-2014,162.68
01-09-2014,162.55
29-08-2014,162.07
28-08-2014,161.8
27-08-2014,162.68
26-08-2014,162.67
25-08-2014,161.36
22-08-2014,159.48
21-08-2014,160.12
20-08-2014,158.79
19-08-2014,158.66
18-08-2014,158.11
15-08-2014,157.1
14-08-2014,157.65
13-08-2014,156.35
12-08-2014,155.75
11-08-2014,155.85
08-08-2014,153.87
07-08-2014,154.66
06-08-2014,155.65
05-08-2014,157.61
04-08-2014,157.52
01-08-2014,157.9
31-07-2014,160.11
30-07-2014,161.91
29-07-2014,163.05
28-07-2014,161.84
25-07-2014,161.64
24-07-2014,163.02
23-07-2014,162.61
22-07-2014,162.98
21-07-2014,160.63
18-07-2014,161.25
17-07-2014,161.41
16-07-2014,162.06
15-07-2014,160.09
14-07-2014,161.17
11-07-2014,160.08
10-07-2014,159.21
09-07-2014,160.57
08-07-2014,160.72
07-07-2014,162.23
04-07-2014,163.12
03-07-2014,163.64
02-07-2014,163.03
01-07-2014,162.62
30-06-2014,161.7
27-06-2014,161.71
26-06-2014,161.57
25-06-2014,161.05
24-06-2014,162.57
23-06-2014,162.49
20-06-2014,163.06
19-06-2014,163.5
18-06-2014,162.35
17-06-2014,162.18
16-06-2014,161.85
13-06-2014,162.36
12-06-2014,162.95
11-06-2014,162.42
10-06-2014,163.08
09-06-2014,162.75
06-06-2014,162.31
05-06-2014,160.94
04-06-2014,160.11
03-06-2014,160.36
02-06-2014,160.79
30-05-2014,160.19
29-05-2014,159.78
28-05-2014,159.41
27-05-2014,159.51
26-05-2014,159.33
23-05-2014,157.91
22-05-2014,157.49
21-05-2014,157.58
20-05-2014,156.69
19-05-2014,157.19
16-05-2014,157.8
15-05-2014,157.47
14-05-2014,158.56
13-05-2014,158.67
12-05-2014,158.49
09-05-2014,157.35
08-05-2014,157.28
07-05-2014,155.97
06-05-2014,155.42
05-05-2014,155.35
02-05-2014,155.25
01-05-2014,155.89
30-04-2014,155.75
29-04-2014,156.5
28-04-2014,154.37
25-04-2014,152.89
24-04-2014,154.16
23-04-2014,153.46
22-04-2014,153.9
17-04-2014,151.9
16-04-2014,151.44
15-04-2014,149.82
14-04-2014,150.85
11-04-2014,150.26
10-04-2014,151.63
09-04-2014,152.37
08-04-2014,152.12
07-04-2014,152.57
04-04-2014,153.37
03-04-2014,153.03
02-04-2014,152.93
01-04-2014,152.65
31-03-2014,152.39
28-03-2014,152.47
27-03-2014,151.28
26-03-2014,150.54
25-03-2014,149.86
24-03-2014,148.27
21-03-2014,149.05
20-03-2014,148.89
19-03-2014,149.81
18-03-2014,150.34
17-03-2014,149.52
14-03-2014,148.06
13-03-2014,149.16
12-03-2014,150.99
11-03-2014,152.37
10-03-2014,152.33
07-03-2014,153.06
06-03-2014,154.31
05-03-2014,154.47
04-03-2014,154.3
03-03-2014,151.74
28-02-2014,154.13
27-02-2014,153.88
26-02-2014,154.03
25-02-2014,154.77
24-02-2014,154.21
21-02-2014,153.37
20-02-2014,153.12
19-02-2014,152.86
18-02-2014,152.28
17-02-2014,152.44
14-02-2014,151.74
13-02-2014,151.14
12-02-2014,150.77
11-02-2014,149.97
10-02-2014,148.49
07-02-2014,147.74
06-02-2014,146.4
05-02-2014,144.82
04-02-2014,144.81
03-02-2014,145.43
31-01-2014,146.35
30-01-2014,146.81
29-01-2014,146.27
28-01-2014,147.36
27-01-2014,146.76
24-01-2014,147.43
23-01-2014,149.88
22-01-2014,151.16
21-01-2014,151.04
20-01-2014,150.82
17-01-2014,150.97
16-01-2014,149.9
15-01-2014,149.82
14-01-2014,148.87
13-01-2014,148.13
10-01-2014,147.63
09-01-2014,147.15
08-01-2014,147.64
07-01-2014,148.01
06-01-2014,147.83
03-01-2014,148.03
02-01-2014,147.47
31-12-2013,148.85
30-12-2013,148.41
27-12-2013,148.64
24-12-2013,147.55
23-12-2013,147.32
20-12-2013,146.22
19-12-2013,145.01
18-12-2013,142.3
17-12-2013,141.64
16-12-2013,142.65
13-12-2013,141.09
12-12-2013,141.18
11-12-2013,142.03
10-12-2013,143.01
09-12-2013,143.7
06-12-2013,143.54
05-12-2013,143.09
04-12-2013,144.26
03-12-2013,145.14
02-12-2013,146.29
29-11-2013,147.14
28-11-2013,146.6
27-11-2013,146.36
26-11-2013,145.73
25-11-2013,146.5
22-11-2013,145.59
21-11-2013,145.52
20-11-2013,145.58
19-11-2013,145.87
18-11-2013,146.52
15-11-2013,146.19
14-11-2013,145.94
13-11-2013,145.13
12-11-2013,145.7
11-11-2013,146.4
08-11-2013,146.42
07-11-2013,146.37
06-11-2013,146.27
05-11-2013,146.08
04-11-2013,145.92
01-11-2013,145.35
31-10-2013,145.98
30-10-2013,145.66
29-10-2013,146.19
28-10-2013,145.74
25-10-2013,145.58
24-10-2013,145.39
23-10-2013,144.57
22-10-2013,144.96
21-10-2013,144.51
18-10-2013,144.39
17-10-2013,143.82
16-10-2013,143.18
15-10-2013,142.07
14-10-2013,141.02
11-10-2013,140.42
10-10-2013,140.23
09-10-2013,138.35
08-10-2013,138.8
07-10-2013,139.51
04-10-2013,139.79
03-10-2013,139.55
02-10-2013,139.97
01-10-2013,140.9
30-09-2013,140.19
27-09-2013,140.54
26-09-2013,141.07
25-09-2013,140.4
24-09-2013,140.5
23-09-2013,140.38
20-09-2013,140.38
19-09-2013,140.68
18-09-2013,140.17
17-09-2013,139.93
16-09-2013,140.26
13-09-2013,139.39
12-09-2013,139.22
11-09-2013,138.96
10-09-2013,138.34
09-09-2013,136.95
06-09-2013,137.03
05-09-2013,136.45
04-09-2013,135.89
03-09-2013,135.91
02-09-2013,135.9
30-08-2013,133.96
29-08-2013,135.13
28-08-2013,134.97
27-08-2013,135.33
26-08-2013,137
23-08-2013,137.19
22-08-2013,136.42
21-08-2013,135.32
20-08-2013,136.32
19-08-2013,137.43
16-08-2013,137.39
15-08-2013,137.25
14-08-2013,138.6
13-08-2013,138.25
12-08-2013,137.85
09-08-2013,138.4
08-08-2013,137.74
07-08-2013,136.94
06-08-2013,137.3
05-08-2013,138.05
02-08-2013,137.68
01-08-2013,137.68
31-07-2013,136.6
30-07-2013,136.25
29-07-2013,135.8
26-07-2013,136.04
25-07-2013,135.85
24-07-2013,136.49
23-07-2013,136.51
22-07-2013,136.55
19-07-2013,136.39
18-07-2013,135.83
17-07-2013,134.5
16-07-2013,133.92
15-07-2013,134.17
12-07-2013,133.58
11-07-2013,133.89
10-07-2013,133.22
09-07-2013,132.78
08-07-2013,131.91
05-07-2013,130.24
04-07-2013,131.59
03-07-2013,129.05
02-07-2013,129.92
01-07-2013,129.6
28-06-2013,128.73
27-06-2013,128.79
26-06-2013,128.16
25-06-2013,126.18
24-06-2013,124.87
21-06-2013,127.53
20-06-2013,128.93
19-06-2013,132.32
18-06-2013,132.2
17-06-2013,132.7
14-06-2013,131.54
13-06-2013,130.82
12-06-2013,130.98
11-06-2013,131.03
10-06-2013,132.58
07-06-2013,132.27
06-06-2013,131.15
05-06-2013,132.21
04-06-2013,134.61
03-06-2013,134.66
31-05-2013,135.58
30-05-2013,136.43
29-05-2013,136.82
28-05-2013,139.78
27-05-2013,138.4
24-05-2013,138.19
23-05-2013,137.86
22-05-2013,140.12
21-05-2013,140.39
20-05-2013,140.26
17-05-2013,139.74
16-05-2013,139.85
15-05-2013,139.8
14-05-2013,139.03
13-05-2013,139.04
10-05-2013,138.66
09-05-2013,138.24
08-05-2013,138.55
07-05-2013,137.68
06-05-2013,137.57
03-05-2013,137.42
02-05-2013,135.96
01-05-2013,136.27
30-04-2013,136.12
29-04-2013,136.25
26-04-2013,135.72
25-04-2013,135.96
24-04-2013,135.24
23-04-2013,135.05
22-04-2013,132.97
19-04-2013,132.32
18-04-2013,132.08
17-04-2013,132.35
16-04-2013,133.41
15-04-2013,134.73
12-04-2013,135.54
11-04-2013,135.88
10-04-2013,135.23
09-04-2013,133.5
08-04-2013,133.03
05-04-2013,132.91
04-04-2013,134.51
03-04-2013,135.23
02-04-2013,136.07
28-03-2013,134.21
27-03-2013,133.46
26-03-2013,134.07
25-03-2013,133.77
22-03-2013,133.84
21-03-2013,133.28
20-03-2013,133.1
19-03-2013,133.32
18-03-2013,132.9
15-03-2013,132.55
14-03-2013,132.76
13-03-2013,131.24
12-03-2013,130.94
11-03-2013,130.96
08-03-2013,131.15
07-03-2013,130.68
06-03-2013,130.77
05-03-2013,130.84
04-03-2013,129.06
01-03-2013,128.72
28-02-2013,129.56
27-02-2013,128.19
26-02-2013,127.45
25-02-2013,128.66
22-02-2013,129.08
21-02-2013,127.54
20-02-2013,128.72
19-02-2013,128.91
18-02-2013,127.92
15-02-2013,127.77
14-02-2013,128
13-02-2013,128.03
12-02-2013,127.62
11-02-2013,127.11
08-02-2013,126.86
07-02-2013,126.08
06-02-2013,126.22
05-02-2013,126.61
04-02-2013,125.92
01-02-2013,127.27
31-01-2013,127.52
30-01-2013,127.87
29-01-2013,128.61
28-01-2013,128.05
25-01-2013,128.48
24-01-2013,128.22
23-01-2013,128.53
22-01-2013,127.93
21-01-2013,128.07
18-01-2013,127.85
17-01-2013,128.33
16-01-2013,127.89
15-01-2013,127.91
14-01-2013,127.85
11-01-2013,128.24
10-01-2013,128.59
09-01-2013,129.39
08-01-2013,128.96
07-01-2013,129.04
04-01-2013,130.03
03-01-2013,129.61
02-01-2013,129.12
31-12-2012,127.36
28-12-2012,127.18
27-12-2012,127.76
24-12-2012,128
21-12-2012,128.27
20-12-2012,128.12
19-12-2012,128
18-12-2012,127.58
17-12-2012,126.92
14-12-2012,127.24
13-12-2012,127.32
12-12-2012,127.65
11-12-2012,127.41
10-12-2012,126.71
07-12-2012,126.7
06-12-2012,126.39
05-12-2012,125.54
04-12-2012,125
03-12-2012,124.97
30-11-2012,124.88
29-11-2012,124.99
28-11-2012,123.27
27-11-2012,122.94
26-11-2012,123.11
23-11-2012,123.46
22-11-2012,122.97
21-11-2012,122.33
20-11-2012,121.78
19-11-2012,121.62
16-11-2012,120.01
15-11-2012,121.25
14-11-2012,122.42
13-11-2012,122.82
12-11-2012,122.81
09-11-2012,123.04
08-11-2012,123.51
07-11-2012,124.6
06-11-2012,125.95
05-11-2012,125.42
02-11-2012,126.05
01-11-2012,126.28
31-10-2012,125.48
30-10-2012,125.4
29-10-2012,124.93
26-10-2012,125.43
25-10-2012,124.58
24-10-2012,124.26
23-10-2012,123.76
22-10-2012,125.36
19-10-2012,126.11
18-10-2012,126.8
17-10-2012,126.36
16-10-2012,126.3
15-10-2012,125.01
12-10-2012,124.46
11-10-2012,124.91
10-10-2012,124.21
09-10-2012,124.67
08-10-2012,125.24
05-10-2012,126.27
04-10-2012,125.22
03-10-2012,126.21
02-10-2012,126.24
01-10-2012,126.07
28-09-2012,125.11
27-09-2012,126.66
26-09-2012,126.39
25-09-2012,128.5
24-09-2012,127.85
21-09-2012,128.1
20-09-2012,127.03
19-09-2012,126.62
18-09-2012,126.04
17-09-2012,126.34
14-09-2012,126.66
13-09-2012,126
12-09-2012,125.67
11-09-2012,125.31
10-09-2012,125.63
07-09-2012,125.46
06-09-2012,125.77
05-09-2012,123.23
04-09-2012,123.51
03-09-2012,124.35
31-08-2012,123.48
30-08-2012,123.53
29-08-2012,123.94
28-08-2012,123.56
27-08-2012,124.34
24-08-2012,123.98
23-08-2012,123.3
22-08-2012,124.4
21-08-2012,125.39
20-08-2012,125.61
17-08-2012,125.97
16-08-2012,125.25
15-08-2012,124.59
14-08-2012,124.43
13-08-2012,123.43
10-08-2012,123.7
09-08-2012,123.98
08-08-2012,124.37
07-08-2012,124.21
06-08-2012,123.13
03-08-2012,122.55
02-08-2012,120.21
01-08-2012,121.25
31-07-2012,121
30-07-2012,121.91
27-07-2012,120.74
26-07-2012,119.44
25-07-2012,116.63
24-07-2012,117.49
23-07-2012,118.56
20-07-2012,120.98
19-07-2012,123.03
18-07-2012,122.76
17-07-2012,121.99
16-07-2012,122.59
13-07-2012,121.82
12-07-2012,119.83
11-07-2012,121.33
10-07-2012,120.68
09-07-2012,120.14
06-07-2012,120.08
05-07-2012,120.58
04-07-2012,120.8
03-07-2012,120.94
02-07-2012,120.17
29-06-2012,118.57
28-06-2012,116.5
27-06-2012,116.42
26-06-2012,114.86
25-06-2012,115.04
22-06-2012,116.2
21-06-2012,116.27
20-06-2012,116.47
19-06-2012,115.84
18-06-2012,114.16
15-06-2012,114.16
14-06-2012,113.59
13-06-2012,112.76
12-06-2012,113.27
11-06-2012,112.57
08-06-2012,113.1
07-06-2012,112.08
06-06-2012,111.84
05-06-2012,110.14
04-06-2012,110.12
01-06-2012,110.06
31-05-2012,111.02
30-05-2012,111.19
29-05-2012,112.63
28-05-2012,113.32
25-05-2012,114
24-05-2012,113.8
23-05-2012,112.69
22-05-2012,114.35
21-05-2012,113.05
18-05-2012,113.46
17-05-2012,113.94
16-05-2012,114.64
15-05-2012,115.91
14-05-2012,116.84
11-05-2012,118.33
10-05-2012,117.92
09-05-2012,117.17
08-05-2012,117.52
07-05-2012,116.89
04-05-2012,115.72
03-05-2012,116.61
02-05-2012,116.27
01-05-2012,116.84
30-04-2012,116.37
27-04-2012,117.18
26-04-2012,116.03
25-04-2012,116.77
24-04-2012,116.35
23-04-2012,114.54
20-04-2012,116.35
19-04-2012,114.94
18-04-2012,115.72
17-04-2012,116.9
16-04-2012,115.39
13-04-2012,115.46
12-04-2012,117.1
11-04-2012,117.07
10-04-2012,115.82
05-04-2012,117.84
04-04-2012,118.09
03-04-2012,120.24
02-04-2012,121.83
30-03-2012,120.96
29-03-2012,119.85
28-03-2012,121.41
27-03-2012,122.74
26-03-2012,123.16
23-03-2012,122.23
22-03-2012,122.65
21-03-2012,123.36
20-03-2012,123.51
19-03-2012,123.23
16-03-2012,122.84
15-03-2012,122.86
14-03-2012,123.21
13-03-2012,123.12
12-03-2012,120.98
09-03-2012,121.33
08-03-2012,120.86
07-03-2012,120.36
06-03-2012,119.84
05-03-2012,122.12
02-03-2012,122.33
01-03-2012,122.21
29-02-2012,121.24
28-02-2012,120.71
27-02-2012,121.11
24-02-2012,120.95
23-02-2012,120.69
22-02-2012,121.46
21-02-2012,122.41
20-02-2012,123.02
17-02-2012,122.49
16-02-2012,121.98
15-02-2012,121.82
14-02-2012,121.97
13-02-2012,121.74
10-02-2012,120.91
09-02-2012,121.4
08-02-2012,121.55
07-02-2012,122.19
06-02-2012,122.5
03-02-2012,122.22
02-02-2012,120.51
01-02-2012,121.75
31-01-2012,120.34
30-01-2012,119.27
27-01-2012,120.01
26-01-2012,120.59
25-01-2012,119.75
24-01-2012,120.19
23-01-2012,120.23
20-01-2012,120.86
19-01-2012,120.68
18-01-2012,120.53
17-01-2012,121.27
16-01-2012,120.75
13-01-2012,120.17
12-01-2012,120.5
11-01-2012,121.14
10-01-2012,121.52
09-01-2012,120.13
06-01-2012,120.63
05-01-2012,120.17
04-01-2012,122.11
03-01-2012,122.84
02-01-2012,121.78
30-12-2011,120.79
29-12-2011,120.01
28-12-2011,118.99
27-12-2011,119.39
23-12-2011,119.54
22-12-2011,118.06
21-12-2011,117.17
20-12-2011,118.19
19-12-2011,117.04
16-12-2011,116.62
15-12-2011,117.04
14-12-2011,115.66
13-12-2011,117.32
12-12-2011,116.83
09-12-2011,118.39
08-12-2011,116.86
07-12-2011,117.73
06-12-2011,117.81
05-12-2011,118.29
02-12-2011,117.9
01-12-2011,118.09
30-11-2011,118.58
29-11-2011,115.59
28-11-2011,114.59
25-11-2011,111.07
24-11-2011,110.29
23-11-2011,111.04
22-11-2011,112.39
21-11-2011,113.11
18-11-2011,116.54
17-11-2011,116.67
16-11-2011,117.8
15-11-2011,118.16
14-11-2011,118.68
11-11-2011,120.01
10-11-2011,117.25
09-11-2011,117.53
08-11-2011,118.96
07-11-2011,118.97
04-11-2011,119.11
03-11-2011,120.07
02-11-2011,117.8
01-11-2011,117.26
31-10-2011,120.64
28-10-2011,121.53
27-10-2011,121.98
26-10-2011,120.11
25-10-2011,119.84
24-10-2011,121.34
21-10-2011,121.13
20-10-2011,118.84
19-10-2011,119.72
18-10-2011,119.1
17-10-2011,119.71
14-10-2011,120.3
13-10-2011,119.68
12-10-2011,120.18
11-10-2011,118.86
10-10-2011,119.76
07-10-2011,118.63
06-10-2011,117.97
05-10-2011,115.45
04-10-2011,113.36
03-10-2011,115.47
30-09-2011,116.04
29-09-2011,116.01
28-09-2011,115.18
27-09-2011,115.77
26-09-2011,112.57
23-09-2011,110.5
22-09-2011,110.31
21-09-2011,114.5
20-09-2011,115.85
19-09-2011,113.99
16-09-2011,115.91
15-09-2011,114.8
14-09-2011,113.42
13-09-2011,111.77
12-09-2011,111.2
09-09-2011,114.09
08-09-2011,116.75
07-09-2011,116
06-09-2011,113.32
05-09-2011,113.91
02-09-2011,117.4
01-09-2011,119.36
31-08-2011,118.58
30-08-2011,115.72
29-08-2011,115.62
26-08-2011,113.84
25-08-2011,114.82
24-08-2011,116.34
23-08-2011,115.31
22-08-2011,114.37
19-08-2011,111.88
18-08-2011,112.79
17-08-2011,117.2
16-08-2011,116.01
15-08-2011,118.22
12-08-2011,117.77
11-08-2011,114.06
10-08-2011,111.31
09-08-2011,114.68
08-08-2011,115.33
05-08-2011,118.1
04-08-2011,119.8
03-08-2011,123.03
02-08-2011,124.16
01-08-2011,125.06
29-07-2011,127.52
28-07-2011,127.98
27-07-2011,127.93
26-07-2011,129.78
25-07-2011,130.08
22-07-2011,130.36
21-07-2011,129.18
20-07-2011,127.81
19-07-2011,125.96
18-07-2011,124.85
15-07-2011,126.38
14-07-2011,126.22
13-07-2011,127.26
12-07-2011,126.59
11-07-2011,127.54
08-07-2011,129.59
07-07-2011,130.66
06-07-2011,130.33
05-07-2011,131.09
04-07-2011,131.62
01-07-2011,131.8
30-06-2011,131.33
29-06-2011,130.03
28-06-2011,128.04
27-06-2011,127.84
24-06-2011,127.66
23-06-2011,127.61
22-06-2011,128.91
21-06-2011,129.67
20-06-2011,128.56
17-06-2011,130.39
16-06-2011,130.07
15-06-2011,130.65
14-06-2011,131.8
13-06-2011,131.14
10-06-2011,130.55
09-06-2011,132.34
08-06-2011,131.03
07-06-2011,132.13
06-06-2011,131.77
03-06-2011,132.47
02-06-2011,133.13
01-06-2011,134.41
31-05-2011,135.73
30-05-2011,134.79
27-05-2011,134.75
26-05-2011,134.35
25-05-2011,134.34
24-05-2011,133.6
23-05-2011,133.64
20-05-2011,135.58
19-05-2011,135.72
18-05-2011,134.78
17-05-2011,134.5
16-05-2011,135.54
13-05-2011,136.12
12-05-2011,137.15
11-05-2011,137.44
10-05-2011,135.82
09-05-2011,135.12
06-05-2011,135.42
05-05-2011,134.78
04-05-2011,134.84
03-05-2011,135.69
02-05-2011,136.1
29-04-2011,135.66
28-04-2011,135.37
27-04-2011,134.49
26-04-2011,133.94
21-04-2011,133.95
20-04-2011,134.67
19-04-2011,132.84
18-04-2011,132.48
15-04-2011,134.15
14-04-2011,133.27
13-04-2011,133.81
12-04-2011,132.73
11-04-2011,133.89
08-04-2011,133.77
07-04-2011,133.47
06-04-2011,134.05
05-04-2011,134.17
04-04-2011,133.96
01-04-2011,133.41
31-03-2011,132.06
30-03-2011,132.88
29-03-2011,131.64
28-03-2011,131.47
25-03-2011,131.16
24-03-2011,131.04
23-03-2011,130.63
22-03-2011,130.42
21-03-2011,130.15
18-03-2011,127.97
17-03-2011,127.62
16-03-2011,125.87
15-03-2011,127.15
14-03-2011,129.73
11-03-2011,131.44
10-03-2011,132.91
09-03-2011,133.85
08-03-2011,133.44
07-03-2011,132.89
04-03-2011,133.24
03-03-2011,133.26
02-03-2011,133.38
01-03-2011,133.93
28-02-2011,134.31
25-02-2011,133.19
24-02-2011,132.27
23-02-2011,132.62
22-02-2011,133.55
21-02-2011,134.18
18-02-2011,135.96
17-02-2011,135.98
16-02-2011,136.02
15-02-2011,135.25
14-02-2011,135.46
11-02-2011,135.42
10-02-2011,135.14
09-02-2011,135.01
08-02-2011,134.86
07-02-2011,134.72
04-02-2011,133.86
03-02-2011,133.05
02-02-2011,133.51
01-02-2011,133.84
31-01-2011,131.54
28-01-2011,131.29
27-01-2011,132.18
26-01-2011,131.82
25-01-2011,132.09
24-01-2011,132.82
21-01-2011,132.15
20-01-2011,131.07
19-01-2011,131.26
18-01-2011,131.65
17-01-2011,130.6
14-01-2011,130.26
13-01-2011,129.76
12-01-2011,130.07
11-01-2011,128.32
10-01-2011,128.1
07-01-2011,129.36
06-01-2011,129.63
05-01-2011,128.95
04-01-2011,128.74
03-01-2011,127.59
31-12-2010,127.05
30-12-2010,127.59
29-12-2010,128.98
28-12-2010,128.54
27-12-2010,128.42
24-12-2010,129.48
23-12-2010,129.54
22-12-2010,129.37
21-12-2010,128.85
20-12-2010,128.27
17-12-2010,126.88
16-12-2010,128.3
15-12-2010,127.88
14-12-2010,128.26
13-12-2010,127.89
10-12-2010,127.75
09-12-2010,127.8
08-12-2010,126.79
07-12-2010,125.68
06-12-2010,124.94
03-12-2010,125.1
02-12-2010,125.07
01-12-2010,124.17
30-11-2010,123.23
29-11-2010,123.71
26-11-2010,125.76
25-11-2010,126
24-11-2010,126.12
23-11-2010,125.86
22-11-2010,127.71
19-11-2010,128.9
18-11-2010,129.22
17-11-2010,128.15
16-11-2010,127.46
15-11-2010,129.23
12-11-2010,128.38
11-11-2010,128.43
10-11-2010,128.96
09-11-2010,129.13
08-11-2010,128.58
05-11-2010,129.22
04-11-2010,129.6
03-11-2010,128.99
02-11-2010,130.01
01-11-2010,129.53
29-10-2010,129.58
28-10-2010,128.96
27-10-2010,127.89
26-10-2010,128.37
25-10-2010,128.14
22-10-2010,128.15
21-10-2010,128.24
20-10-2010,127.65
19-10-2010,127.95
18-10-2010,127.87
15-10-2010,127.5
14-10-2010,127.2
13-10-2010,127.17
12-10-2010,125.86
11-10-2010,126.32
08-10-2010,125.77
07-10-2010,125.72
06-10-2010,125.19
05-10-2010,124.84
04-10-2010,123.33
01-10-2010,123.9
30-09-2010,123.92
29-09-2010,124.14
28-09-2010,124.95
27-09-2010,124.98
24-09-2010,125.42
23-09-2010,124.59
22-09-2010,124.77
21-09-2010,126.41
20-09-2010,126.73
17-09-2010,125.67
16-09-2010,125.89
15-09-2010,126.34
14-09-2010,126.72
13-09-2010,126.55
10-09-2010,126.47
09-09-2010,126.58
08-09-2010,125.64
07-09-2010,124.33
06-09-2010,124.4
03-09-2010,124.2
02-09-2010,123.89
01-09-2010,124.18
31-08-2010,122.16
30-08-2010,122.34
27-08-2010,122.27
26-08-2010,120.99
25-08-2010,120.78
24-08-2010,121.02
23-08-2010,122.48
20-08-2010,121.45
19-08-2010,122.09
18-08-2010,123.48
17-08-2010,123.7
16-08-2010,123.14
13-08-2010,123.41
12-08-2010,122.93
11-08-2010,122.45
10-08-2010,124.21
09-08-2010,124.86
06-08-2010,123.37
05-08-2010,124.99
04-08-2010,125.22
03-08-2010,125.01
02-08-2010,124.84
30-07-2010,122.13
29-07-2010,122.43
28-07-2010,122.39
27-07-2010,122.7
26-07-2010,122.49
23-07-2010,122.31
22-07-2010,121.79
21-07-2010,120.1
20-07-2010,119.43
19-07-2010,119.56
16-07-2010,120.23
15-07-2010,121.89
14-07-2010,122.46
13-07-2010,122.45
12-07-2010,120.87
09-07-2010,120.73
08-07-2010,120.4
07-07-2010,119.8
06-07-2010,118.17
05-07-2010,116.38
02-07-2010,116.27
01-07-2010,116.32
30-06-2010,117.67
29-06-2010,117.5
28-06-2010,119.71
25-06-2010,119.08
24-06-2010,119.45
23-06-2010,120.57
22-06-2010,120.9
21-06-2010,120.93
18-06-2010,121.22
17-06-2010,120.94
16-06-2010,121.3
15-06-2010,121.11
14-06-2010,119.74
11-06-2010,118.96
10-06-2010,117.72
09-06-2010,115.37
08-06-2010,113.95
07-06-2010,115.24
04-06-2010,116.04
03-06-2010,118.05
02-06-2010,116.93
01-06-2010,116.62
31-05-2010,116.07
28-05-2010,116.05
27-05-2010,115.54
26-05-2010,112.5
25-05-2010,111.05
24-05-2010,113.14
21-05-2010,113.35
20-05-2010,113.77
19-05-2010,115.75
18-05-2010,117.85
17-05-2010,116.28
14-05-2010,116.11
13-05-2010,120.19
12-05-2010,120.65
11-05-2010,118.67
10-05-2010,119.58
07-05-2010,113.04
06-05-2010,116.51
05-05-2010,118.77
04-05-2010,120.08
03-05-2010,123.08
30-04-2010,122.75
29-04-2010,122.43
28-04-2010,120.75
27-04-2010,122.47
26-04-2010,126.15
23-04-2010,126.49
22-04-2010,126.51
21-04-2010,127.84
20-04-2010,129.25
19-04-2010,128.21
16-04-2010,128.72
15-04-2010,130.13
14-04-2010,129.89
13-04-2010,129.47
12-04-2010,129.63
09-04-2010,129.61
08-04-2010,127.86
07-04-2010,128.94
06-04-2010,129.02
01-04-2010,128.66
31-03-2010,127.26
30-03-2010,127.79
29-03-2010,127.87
26-03-2010,127.26
25-03-2010,128.09
24-03-2010,126.31
23-03-2010,126.91
22-03-2010,126.35
19-03-2010,126.98
18-03-2010,127.51
17-03-2010,127.42
16-03-2010,126.71
15-03-2010,125.89
12-03-2010,126.42
11-03-2010,126.38
10-03-2010,126.53
09-03-2010,126.14
08-03-2010,126.24
05-03-2010,125.88
04-03-2010,124.48
03-03-2010,124.06
02-03-2010,123.61
01-03-2010,123.18
26-02-2010,121.96
25-02-2010,120.52
24-02-2010,121.85
23-02-2010,122.18
22-02-2010,123.05
19-02-2010,123.66
18-02-2010,122.74
17-02-2010,122.26
16-02-2010,121.65
15-02-2010,121.15
12-02-2010,120.79
11-02-2010,120.53
10-02-2010,120.89
09-02-2010,119.75
08-02-2010,120.3
05-02-2010,119.25
04-02-2010,120.69
03-02-2010,123.51
02-02-2010,124.85
01-02-2010,124.43
29-01-2010,124.04
28-01-2010,123.66
27-01-2010,125.27
26-01-2010,126.18
25-01-2010,125.49
22-01-2010,126.27
21-01-2010,127.35
20-01-2010,128.24
19-01-2010,129.62
18-01-2010,128.23
15-01-2010,127.88
14-01-2010,129.21
13-01-2010,128.65
12-01-2010,128.11
11-01-2010,129.03
08-01-2010,128.96
07-01-2010,128.53
06-01-2010,129.11
05-01-2010,129.57
04-01-2010,129.49
31-12-2009,127.98
30-12-2009,128
29-12-2009,128.22
28-12-2009,127.84
24-12-2009,127.53
23-12-2009,127.55
22-12-2009,127.27
21-12-2009,126.48
18-12-2009,125.16
17-12-2009,125.27
16-12-2009,126.36
15-12-2009,125.81
14-12-2009,125.56
11-12-2009,124.93
10-12-2009,123.91
09-12-2009,123.19
08-12-2009,124.36
07-12-2009,125.93
04-12-2009,126.46
03-12-2009,125.19
02-12-2009,125.38
01-12-2009,124.84
30-11-2009,122.15
27-11-2009,123.09
26-11-2009,122.35
25-11-2009,124.55
24-11-2009,123.78
23-11-2009,124.38
20-11-2009,123.31
19-11-2009,123.87
18-11-2009,125.27
17-11-2009,125.38
16-11-2009,125.25
13-11-2009,124.52
12-11-2009,124.13
11-11-2009,123.74
10-11-2009,123.94
09-11-2009,123.87
06-11-2009,122.62
05-11-2009,122.69
04-11-2009,121.99
03-11-2009,121.08
02-11-2009,121.5
30-10-2009,121.54
29-10-2009,123.43
28-10-2009,122.25
27-10-2009,123.17
26-10-2009,122.41
23-10-2009,122.98
22-10-2009,124.22
21-10-2009,124.92
20-10-2009,124.35
19-10-2009,124.02
16-10-2009,122.98
15-10-2009,123.56
14-10-2009,123.73
13-10-2009,122.61
12-10-2009,123.37
09-10-2009,122.95
08-10-2009,123.23
07-10-2009,122.28
06-10-2009,122.83
05-10-2009,121.16
02-10-2009,119.96
01-10-2009,121.19
30-09-2009,122.35
29-09-2009,122.69
28-09-2009,122.48
25-09-2009,120.76
24-09-2009,121.04
23-09-2009,122.62
22-09-2009,122.59
21-09-2009,121.86
18-09-2009,122.23
17-09-2009,122.75
16-09-2009,122.37
15-09-2009,121.38
14-09-2009,120.59
11-09-2009,120.35
10-09-2009,119.67
09-09-2009,119.33
08-09-2009,118.59
07-09-2009,118.39
04-09-2009,117.07
03-09-2009,116.27
02-09-2009,116.43
01-09-2009,116.85
31-08-2009,118.12
28-08-2009,118.54
27-08-2009,118.19
26-08-2009,118.24
25-08-2009,118.31
24-08-2009,117.28
21-08-2009,116.77
20-08-2009,114.51
19-08-2009,113.34
18-08-2009,113.66
17-08-2009,112.84
14-08-2009,114.38
13-08-2009,115.19
12-08-2009,114.88
11-08-2009,113.88
10-08-2009,114.59
07-08-2009,114.66
06-08-2009,113.28
05-08-2009,113.52
04-08-2009,113.77
03-08-2009,113.44
31-07-2009,112.77
30-07-2009,113.58
29-07-2009,112.18
28-07-2009,111.6
27-07-2009,111.78
24-07-2009,110.99
23-07-2009,111.5
22-07-2009,110.94
21-07-2009,110.14
20-07-2009,110.02
17-07-2009,109.17
16-07-2009,108.89
15-07-2009,108.76
14-07-2009,107.07
13-07-2009,107
10-07-2009,105.38
09-07-2009,106.58
08-07-2009,106.38
07-07-2009,107.19
06-07-2009,108.02
03-07-2009,108.46
02-07-2009,108.43
01-07-2009,110.2
30-06-2009,108.86
29-06-2009,109.53
26-06-2009,108.66
25-06-2009,108.86
24-06-2009,108.58
23-06-2009,107.32
22-06-2009,106.82
19-06-2009,108.71
18-06-2009,107.43
17-06-2009,106.7
16-06-2009,108.21
15-06-2009,108.13
12-06-2009,109.8
11-06-2009,109.84
10-06-2009,109.67
09-06-2009,109.01
08-06-2009,107.84
05-06-2009,108.94
04-06-2009,109.21
03-06-2009,109.78
02-06-2009,111.31
01-06-2009,111.66
29-05-2009,109.89
28-05-2009,110.13
27-05-2009,110.92
26-05-2009,110.69
25-05-2009,109.84
22-05-2009,109.75
21-05-2009,109.26
20-05-2009,110.88
19-05-2009,110.39
18-05-2009,109.69
15-05-2009,108.61
14-05-2009,107.61
13-05-2009,107.76
12-05-2009,109.87
11-05-2009,109.85
08-05-2009,110.83
07-05-2009,110.24
06-05-2009,109.85
05-05-2009,108.02
04-05-2009,108.13
01-05-2009,106.47
30-04-2009,106.5
29-04-2009,105.62
28-04-2009,103.79
27-04-2009,105.67
24-04-2009,105.47
23-04-2009,104.08
22-04-2009,104.65
21-04-2009,103.35
20-04-2009,104.18
17-04-2009,107.06
16-04-2009,105.77
15-04-2009,104.14
14-04-2009,104
09-04-2009,103.91
08-04-2009,102.41
07-04-2009,101.32
06-04-2009,101.19
03-04-2009,101.62
02-04-2009,102.91
01-04-2009,100.02
31-03-2009,98.92
30-03-2009,96.14
27-03-2009,98.54
26-03-2009,99.06
25-03-2009,99.72
24-03-2009,98.39
23-03-2009,98.27
20-03-2009,96.43
19-03-2009,95.93
18-03-2009,95.26
17-03-2009,95.55
16-03-2009,95.51
13-03-2009,93.18
12-03-2009,92.68
11-03-2009,92
10-03-2009,92.54
09-03-2009,89.57
06-03-2009,91.83
05-03-2009,92.89
04-03-2009,94.54
03-03-2009,93.11
02-03-2009,94.26
27-02-2009,98.28
26-02-2009,98.6
25-02-2009,96.81
24-02-2009,97.92
23-02-2009,98.86
20-02-2009,99.6
19-02-2009,101.61
18-02-2009,101.55
17-02-2009,101.54
16-02-2009,103.33
13-02-2009,104.51
12-02-2009,104.09
11-02-2009,105.15
10-02-2009,105.44
09-02-2009,106.92
06-02-2009,106.33
05-02-2009,103.81
04-02-2009,104.71
03-02-2009,102.73
02-02-2009,100.85
30-01-2009,102.88
29-01-2009,102.23
28-01-2009,103.51
27-01-2009,101.77
26-01-2009,101.84
23-01-2009,100.06
22-01-2009,100.56
21-01-2009,101.26
20-01-2009,102.14
19-01-2009,103.91
16-01-2009,104
15-01-2009,102.95
14-01-2009,103.08
13-01-2009,106.51
12-01-2009,108.09
09-01-2009,109.5
08-01-2009,109.7
07-01-2009,110.7
06-01-2009,112.02
05-01-2009,110.27
02-01-2009,108.28
31-12-2008,105.36
30-12-2008,105
29-12-2008,103.72
24-12-2008,104.12
23-12-2008,104.34
22-12-2008,104.26
19-12-2008,105.86
18-12-2008,106.12
17-12-2008,104.39
16-12-2008,104.81
15-12-2008,104.12
12-12-2008,104.6
11-12-2008,107.03
10-12-2008,107.52
09-12-2008,107.68
08-12-2008,106.78
05-12-2008,101.83
04-12-2008,104.89
03-12-2008,105.64
02-12-2008,104.08
01-12-2008,101.52
28-11-2008,106.95
27-11-2008,105.98
26-11-2008,105.25
25-11-2008,105.94
24-11-2008,106.36
21-11-2008,99.89
20-11-2008,102.81
19-11-2008,104.9
18-11-2008,108.15
17-11-2008,106.66
14-11-2008,109.11
13-11-2008,107.77
12-11-2008,107
11-11-2008,109.03
10-11-2008,112.32
07-11-2008,111.58
06-11-2008,109.34
05-11-2008,114.46
04-11-2008,115.77
03-11-2008,111.83
31-10-2008,110.57
30-10-2008,108.11
29-10-2008,108.12
28-10-2008,100.17
27-10-2008,99.4
24-10-2008,102.52
23-10-2008,107.13
22-10-2008,106.06
21-10-2008,110.55
20-10-2008,111.9
17-10-2008,108.15
16-10-2008,103.46
15-10-2008,107.31
14-10-2008,111.78
13-10-2008,108.68
10-10-2008,98.19
09-10-2008,106.36
08-10-2008,110.55
07-10-2008,117.52
06-10-2008,117.85
03-10-2008,125.06
02-10-2008,122.66
01-10-2008,122.98
30-09-2008,122.18
29-09-2008,120.63
26-09-2008,124.9
25-09-2008,125.71
24-09-2008,123.07
23-09-2008,123.34
22-09-2008,124.49
19-09-2008,126.34
18-09-2008,119.28
17-09-2008,120.07
16-09-2008,122.15
15-09-2008,123.96
12-09-2008,127.39
11-09-2008,125.47
10-09-2008,126.1
09-09-2008,126.41
08-09-2008,126.7
05-09-2008,123.91
04-09-2008,125.84
03-09-2008,129.16
02-09-2008,130.64
01-09-2008,129.16
29-08-2008,129.04
28-08-2008,128.44
27-08-2008,126.96
26-08-2008,126.8
25-08-2008,126.02
22-08-2008,126.64
21-08-2008,124.48
20-08-2008,126.06
19-08-2008,126.27
18-08-2008,129.11
15-08-2008,129.01
14-08-2008,128.52
13-08-2008,128.3
12-08-2008,130.31
11-08-2008,130.43
08-08-2008,129.04
07-08-2008,127.42
06-08-2008,127.85
05-08-2008,127.32
04-08-2008,124.83
01-08-2008,125.07
31-07-2008,126.44
30-07-2008,126.25
29-07-2008,125.35
28-07-2008,124.77
25-07-2008,125.89
24-07-2008,126.76
23-07-2008,127.69
22-07-2008,125.96
21-07-2008,126.52
18-07-2008,125.63
17-07-2008,123.36
16-07-2008,120.85
15-07-2008,119.62
14-07-2008,122.23
11-07-2008,122.18
10-07-2008,125.17
09-07-2008,127.12
08-07-2008,125.96
07-07-2008,126.6
04-07-2008,125.07
03-07-2008,126.13
02-07-2008,124.52
01-07-2008,123.99
30-06-2008,126.64
27-06-2008,126.42
26-06-2008,127.62
25-06-2008,130.34
24-06-2008,128.85
23-06-2008,129.98
20-06-2008,130.06
19-06-2008,132.48
18-06-2008,133.54
17-06-2008,135.38
16-06-2008,135.58
13-06-2008,136.51
12-06-2008,135.7
11-06-2008,135.04
10-06-2008,137
09-06-2008,137.94
06-06-2008,138.75
05-06-2008,141.92
04-06-2008,141.63
03-06-2008,143.09
02-06-2008,142.33
30-05-2008,143.93
29-05-2008,143.07
28-05-2008,143.42
27-05-2008,142.4
26-05-2008,142.82
23-05-2008,142.88
22-05-2008,144.46
21-05-2008,142.98
20-05-2008,144.01
19-05-2008,146.01
16-05-2008,146.4
15-05-2008,146.42
14-05-2008,145.61
13-05-2008,144.8
12-05-2008,144.75
09-05-2008,144.39
08-05-2008,146.06
07-05-2008,146.73
06-05-2008,145.9
05-05-2008,147.03
02-05-2008,147.26
01-05-2008,144.99
30-04-2008,144.92
29-04-2008,144.11
28-04-2008,145.8
25-04-2008,146.01
24-04-2008,144.29
23-04-2008,143.61
22-04-2008,143.12
21-04-2008,144
18-04-2008,146.2
17-04-2008,143.66
16-04-2008,144.21
15-04-2008,141.41
14-04-2008,141.23
11-04-2008,142.47
10-04-2008,144.03
09-04-2008,143.85
08-04-2008,144.25
07-04-2008,145.22
04-04-2008,144.11
03-04-2008,143.52
02-04-2008,144.5
01-04-2008,142.71
31-03-2008,138.15
28-03-2008,138.58
27-03-2008,139.76
26-03-2008,137.88
25-03-2008,138.95
20-03-2008,134.66
19-03-2008,135.4
18-03-2008,137.53
17-03-2008,133.8
14-03-2008,138.14
13-03-2008,139.41
12-03-2008,140.75
11-03-2008,140.03
10-03-2008,138.66
07-03-2008,139.85
06-03-2008,141.6
05-03-2008,143.52
04-03-2008,141.51
03-03-2008,143.38
29-02-2008,145.8
28-02-2008,147.53
27-02-2008,149.68
26-02-2008,150.05
25-02-2008,148.65
22-02-2008,146.67
21-02-2008,147.77
20-02-2008,147.33
19-02-2008,149
18-02-2008,148.37
15-02-2008,146.59
14-02-2008,148.82
13-02-2008,148.88
12-02-2008,148.64
11-02-2008,145.69
08-02-2008,146.32
07-02-2008,146.55
06-02-2008,149.07
05-02-2008,147.56
04-02-2008,151.48
01-02-2008,151.26
31-01-2008,149.67
30-01-2008,149.99
29-01-2008,150.36
28-01-2008,148.6
25-01-2008,149.61
24-01-2008,149.13
23-01-2008,142.85
22-01-2008,148.31
21-01-2008,148.27
18-01-2008,156.48
17-01-2008,158.22
16-01-2008,158.12
15-01-2008,158.92
14-01-2008,161.53
11-01-2008,162.25
10-01-2008,163.56
09-01-2008,164.55
08-01-2008,164.68
07-01-2008,164.54
04-01-2008,162.98
03-01-2008,164.89
02-01-2008,164.48
31-12-2007,165.69
28-12-2007,165.81
27-12-2007,166.09
24-12-2007,165.41
21-12-2007,165.63
20-12-2007,164.64
19-12-2007,165.19
18-12-2007,165.78
17-12-2007,166.16
14-12-2007,168.21
13-12-2007,167.4
12-12-2007,169.82
11-12-2007,169.58
10-12-2007,170.21
07-12-2007,169.66
06-12-2007,167.87
05-12-2007,167.65
04-12-2007,165.88
03-12-2007,167.74
30-11-2007,167.74
29-11-2007,166.64
28-11-2007,166.1
27-11-2007,162.94
26-11-2007,163.3
23-11-2007,163.91
22-11-2007,161.45
21-11-2007,160.29
20-11-2007,163.66
19-11-2007,162.69
16-11-2007,165.22
15-11-2007,165.12
14-11-2007,166.44
13-11-2007,165.69
12-11-2007,164.76
09-11-2007,165.2
08-11-2007,168.16
07-11-2007,170.14
06-11-2007,170.88
05-11-2007,170.86
02-11-2007,171.2
01-11-2007,172.18
31-10-2007,174.57
30-10-2007,173.4
29-10-2007,173.05
26-10-2007,172.01
25-10-2007,170.8
24-10-2007,168.74
23-10-2007,169.72
22-10-2007,168.04
19-10-2007,170.03
18-10-2007,170.69
17-10-2007,171.78
16-10-2007,171.25
15-10-2007,171.74
12-10-2007,173.62
11-10-2007,172.85
10-10-2007,172.46
09-10-2007,172.61
08-10-2007,171
05-10-2007,171.5
04-10-2007,170.44
03-10-2007,170.82
02-10-2007,170.66
01-10-2007,170.26
28-09-2007,168.91
27-09-2007,168.92
26-09-2007,167.92
25-09-2007,166.07
24-09-2007,167.54
21-09-2007,167.57
20-09-2007,167.19
19-09-2007,168.08
18-09-2007,165.26
17-09-2007,163.31
14-09-2007,165.03
13-09-2007,166.9
12-09-2007,165.69
11-09-2007,165.43
10-09-2007,163.78
07-09-2007,164.75
06-09-2007,167.3
05-09-2007,167.22
04-09-2007,169.98
03-09-2007,169.42
31-08-2007,169.25
30-08-2007,167.69
29-08-2007,165.96
28-08-2007,165.03
27-08-2007,166.96
24-08-2007,167.1
23-08-2007,166.22
22-08-2007,165.68
21-08-2007,163.59
20-08-2007,163.89
17-08-2007,163.12
16-08-2007,160.12
15-08-2007,164.79
14-08-2007,164.64
13-08-2007,166.21
10-08-2007,163.36
09-08-2007,168.03
08-08-2007,169.92
07-08-2007,167.99
06-08-2007,165.43
03-08-2007,166.41
02-08-2007,168.22
01-08-2007,165.85
31-07-2007,168.37
30-07-2007,165.59
27-07-2007,166.67
26-07-2007,167.56
25-07-2007,171.51
24-07-2007,171.95
23-07-2007,174.43
20-07-2007,173.81
19-07-2007,174.83
18-07-2007,173.79
17-07-2007,175.12
16-07-2007,175.58
13-07-2007,174.84
12-07-2007,174.23
11-07-2007,172.8
10-07-2007,173.12
09-07-2007,175.04
06-07-2007,174.57
05-07-2007,173.8
04-07-2007,175.29
03-07-2007,174.52
02-07-2007,173.32
29-06-2007,173.98
28-06-2007,173.15
27-06-2007,171.88
26-06-2007,172.65
25-06-2007,172.99
22-06-2007,173.34
21-06-2007,174
20-06-2007,175.51
19-06-2007,175.05
18-06-2007,175.36
15-06-2007,176.47
14-06-2007,174.47
13-06-2007,172.41
12-06-2007,172.31
11-06-2007,172.55
08-06-2007,171.46
07-06-2007,172.05
06-06-2007,173.89
05-06-2007,177.05
04-06-2007,178.19
01-06-2007,178.91
31-05-2007,177.81
30-05-2007,177.17
29-05-2007,177.18
28-05-2007,176.73
25-05-2007,176.42
24-05-2007,176.55
23-05-2007,178.14
22-05-2007,176.64
21-05-2007,176.21
18-05-2007,177.27
17-05-2007,176.09
16-05-2007,175.94
15-05-2007,176.3
14-05-2007,176.11
11-05-2007,176.63
10-05-2007,175.77
09-05-2007,176.96
08-05-2007,176.98
07-05-2007,177.91
04-05-2007,177.35
03-05-2007,176.57
02-05-2007,176.17
01-05-2007,176.29
30-04-2007,176.2
27-04-2007,175.76
26-04-2007,176.9
25-04-2007,177
24-04-2007,176
23-04-2007,177.03
20-04-2007,177.8
19-04-2007,175.5
18-04-2007,176.29
17-04-2007,176.84
16-04-2007,176.73
13-04-2007,174.67
12-04-2007,173.22
11-04-2007,173.8
10-04-2007,174.11
05-04-2007,173.16
04-04-2007,173.35
03-04-2007,172.99
02-04-2007,171.14
30-03-2007,169.82
29-03-2007,169.35
28-03-2007,167.58
27-03-2007,167.92
26-03-2007,168.32
23-03-2007,169.64
22-03-2007,168.69
21-03-2007,166.38
20-03-2007,165.68
19-03-2007,164.43
16-03-2007,162.51
15-03-2007,161.89
14-03-2007,159.58
13-03-2007,163.51
12-03-2007,165.19
09-03-2007,165.9
08-03-2007,165.69
07-03-2007,163.8
06-03-2007,163.08
05-03-2007,161.88
02-03-2007,163.41
01-03-2007,163.93
28-02-2007,165.78
27-02-2007,168.76
26-02-2007,173.08
23-02-2007,172.16
22-02-2007,171.91
21-02-2007,171.4
20-02-2007,172.74
19-02-2007,173.55
16-02-2007,173.15
15-02-2007,173.24
14-02-2007,173.66
13-02-2007,173.04
12-02-2007,172.46
09-02-2007,173.16
08-02-2007,172.06
07-02-2007,173.19
06-02-2007,172.75
05-02-2007,171.87
02-02-2007,172.2
01-02-2007,171.46
31-01-2007,169.61
30-01-2007,170.18
29-01-2007,169.65
26-01-2007,169.43
25-01-2007,170.17
24-01-2007,171.05
23-01-2007,169.48
22-01-2007,169.95
19-01-2007,170.7
18-01-2007,170.03
17-01-2007,169.58
16-01-2007,170.08
15-01-2007,170.23
12-01-2007,169.31
11-01-2007,168.18
10-01-2007,166.25
09-01-2007,167.51
08-01-2007,166.72
05-01-2007,166.67
04-01-2007,168.37
03-01-2007,168.46
02-01-2007,168.05
29-12-2006,165.82
28-12-2006,166.48
27-12-2006,166.54
22-12-2006,164.71
21-12-2006,165.6
20-12-2006,165.8
19-12-2006,165.56
18-12-2006,166.32
15-12-2006,166.14
14-12-2006,165.52
13-12-2006,164.24
12-12-2006,162.61
11-12-2006,161.96
08-12-2006,161.37
07-12-2006,160.79
06-12-2006,160.21
05-12-2006,160.18
04-12-2006,158.94
01-12-2006,157.89
30-11-2006,158.44
29-11-2006,159.31
28-11-2006,157.47
27-11-2006,158.18
24-11-2006,160.21
23-11-2006,160.72
22-11-2006,160.87
21-11-2006,161.27
20-11-2006,160.75
17-11-2006,160.86
16-11-2006,161.52
15-11-2006,160.88
14-11-2006,159.63
13-11-2006,159.81
10-11-2006,159.46
09-11-2006,159.37
08-11-2006,159.79
07-11-2006,158.91
06-11-2006,158.55
03-11-2006,157.04
02-11-2006,156.98
01-11-2006,157.02
31-10-2006,156.93
30-10-2006,156.85
27-10-2006,156.9
26-10-2006,156.74
25-10-2006,156.69
24-10-2006,155.89
23-10-2006,155.36
20-10-2006,154.65
19-10-2006,154.46
18-10-2006,154.48
17-10-2006,153.94
16-10-2006,155.29
13-10-2006,154.91
12-10-2006,154.62
11-10-2006,153.89
10-10-2006,153.41
09-10-2006,153.42
06-10-2006,153.47
05-10-2006,153.3
04-10-2006,153.06
03-10-2006,152.07
02-10-2006,152
29-09-2006,151.84
28-09-2006,151.15
27-09-2006,151.17
26-09-2006,149.94
25-09-2006,148.53
22-09-2006,147.98
21-09-2006,149.63
20-09-2006,148.69
19-09-2006,146.85
18-09-2006,147.76
15-09-2006,147.99
14-09-2006,147.39
13-09-2006,147.23
12-09-2006,147.03
11-09-2006,145.59
08-09-2006,145.62
07-09-2006,145.08
06-09-2006,145.72
05-09-2006,146.9
04-09-2006,147.55
01-09-2006,146.85
31-08-2006,145.96
30-08-2006,146.56
29-08-2006,146.06
28-08-2006,145.78
25-08-2006,145.15
24-08-2006,145.06
23-08-2006,144.01
22-08-2006,144.89
21-08-2006,144.47
18-08-2006,144.74
17-08-2006,144.9
16-08-2006,144.79
15-08-2006,144.55
14-08-2006,143.74
11-08-2006,142.39
10-08-2006,142.41
09-08-2006,143.4
08-08-2006,142.4
07-08-2006,142.02
04-08-2006,143.28
03-08-2006,141.77
02-08-2006,142.61
01-08-2006,140.85
31-07-2006,141.72
28-07-2006,142.39
27-07-2006,141.36
26-07-2006,140.2
25-07-2006,139.65
24-07-2006,139.72
21-07-2006,137.59
20-07-2006,138.17
19-07-2006,137.72
18-07-2006,135.45
17-07-2006,135.17
14-07-2006,135.5
13-07-2006,136.97
12-07-2006,138.6
11-07-2006,138.69
10-07-2006,139.7
07-07-2006,139.26
06-07-2006,139.74
05-07-2006,138.78
04-07-2006,139.97
03-07-2006,139.57
30-06-2006,139.06
29-06-2006,137.47
28-06-2006,135.52
27-06-2006,135.05
26-06-2006,135.85
23-06-2006,136.18
22-06-2006,136.39
21-06-2006,136.04
20-06-2006,135.7
19-06-2006,135.27
16-06-2006,135.43
15-06-2006,136.04
14-06-2006,134.16
13-06-2006,134.67
12-06-2006,137.23
09-06-2006,138.25
08-06-2006,136.72
07-06-2006,138.95
06-06-2006,137.71
05-06-2006,139.25
02-06-2006,139.83
01-06-2006,139.48
31-05-2006,139.16
30-05-2006,137.5
29-05-2006,140.41
26-05-2006,140.56
25-05-2006,138.24
24-05-2006,136.95
23-05-2006,138.18
22-05-2006,135.71
19-05-2006,138.59
18-05-2006,138.5
17-05-2006,139.22
16-05-2006,142.71
15-05-2006,142.45
12-05-2006,143.97
11-05-2006,146.82
10-05-2006,147.58
09-05-2006,148.27
08-05-2006,147.69
05-05-2006,147.35
04-05-2006,146.37
03-05-2006,146.17
02-05-2006,147.21
01-05-2006,146.04
28-04-2006,145.79
27-04-2006,146.6
26-04-2006,147.53
25-04-2006,147.2
24-04-2006,147.45
21-04-2006,147.83
20-04-2006,147.48
19-04-2006,146.72
18-04-2006,144.8
13-04-2006,145.66
12-04-2006,145.29
11-04-2006,145.69
10-04-2006,147.76
07-04-2006,146.98
06-04-2006,147.46
05-04-2006,147.65
04-04-2006,147.06
03-04-2006,147.91
31-03-2006,147.15
30-03-2006,148
29-03-2006,146.93
28-03-2006,146.51
27-03-2006,147.46
24-03-2006,148.23
23-03-2006,147.77
22-03-2006,147.81
21-03-2006,147.55
20-03-2006,147.08
17-03-2006,146.97
16-03-2006,146.85
15-03-2006,146.79
14-03-2006,146.57
13-03-2006,145.99
10-03-2006,144.51
09-03-2006,143.12
08-03-2006,141.8
07-03-2006,141.96
06-03-2006,142.13
03-03-2006,140.86
02-03-2006,140.96
01-03-2006,142.05
28-02-2006,141.09
27-02-2006,142.68
24-02-2006,141.91
23-02-2006,141.07
22-02-2006,141.48
21-02-2006,140.32
20-02-2006,139.47
17-02-2006,139.36
16-02-2006,138.64
15-02-2006,138.44
14-02-2006,138.67
13-02-2006,138.12
10-02-2006,137.42
09-02-2006,137.54
08-02-2006,136.49
07-02-2006,136.09
06-02-2006,135.6
03-02-2006,135.39
02-02-2006,135.34
01-02-2006,136.44
31-01-2006,134.46
30-01-2006,133.81
27-01-2006,134.03
26-01-2006,133.29
25-01-2006,131.81
24-01-2006,130.92
23-01-2006,131.35
20-01-2006,131.66
19-01-2006,132.26
18-01-2006,131.93
17-01-2006,132.94
16-01-2006,133.76
13-01-2006,133.67
12-01-2006,134.46
11-01-2006,134.38
10-01-2006,133.43
09-01-2006,134.26
06-01-2006,134.05
05-01-2006,133.48
04-01-2006,134.14
03-01-2006,132.78
02-01-2006,132.39
30-12-2005,132.09
29-12-2005,132.52
28-12-2005,131.98
27-12-2005,132.1
23-12-2005,131.96
22-12-2005,131.64
21-12-2005,131.65
20-12-2005,130.95
19-12-2005,130.5
16-12-2005,130.59
15-12-2005,129.76
14-12-2005,129.66
13-12-2005,130.09
12-12-2005,130.19
09-12-2005,129.83
08-12-2005,129.72
07-12-2005,129.66
06-12-2005,129.76
05-12-2005,129.11
02-12-2005,129.81
01-12-2005,128.97
30-11-2005,127.69
29-11-2005,128.2
28-11-2005,127.93
25-11-2005,128.48
24-11-2005,128.22
23-11-2005,128.52
22-11-2005,127.81
21-11-2005,127.95
18-11-2005,127.67
17-11-2005,127.42
16-11-2005,127.04
15-11-2005,127.58
14-11-2005,127.94
11-11-2005,127.92
10-11-2005,126.39
09-11-2005,125.73
08-11-2005,125.71
07-11-2005,125.9
04-11-2005,125.36
03-11-2005,125.24
02-11-2005,123.97
01-11-2005,123.74
31-10-2005,123.88
28-10-2005,122.13
27-10-2005,121.69
26-10-2005,122.96
25-10-2005,122.98
24-10-2005,123.02
21-10-2005,121.76
20-10-2005,121.97
19-10-2005,121.38
18-10-2005,122.98
17-10-2005,123.54
14-10-2005,124.1
13-10-2005,123.5
12-10-2005,124.64
11-10-2005,125.57
10-10-2005,125.33
07-10-2005,124.91
06-10-2005,125.29
05-10-2005,126.43
04-10-2005,126.96
03-10-2005,126.75
30-09-2005,126.06
29-09-2005,125.6
28-09-2005,125.83
27-09-2005,125.09
26-09-2005,125.57
23-09-2005,124.06
22-09-2005,123.41
21-09-2005,124.06
20-09-2005,124.64
19-09-2005,124.1
16-09-2005,124.03
15-09-2005,123.52
14-09-2005,123.68
13-09-2005,123.53
12-09-2005,124.26
09-09-2005,124.34
08-09-2005,124.2
07-09-2005,124.15
06-09-2005,124.06
05-09-2005,123.16
02-09-2005,122.46
01-09-2005,122.22
31-08-2005,121.88
30-08-2005,120.63
29-08-2005,120.97
26-08-2005,120.53
25-08-2005,121.47
24-08-2005,122.11
23-08-2005,122.74
22-08-2005,123.45
19-08-2005,123.3
18-08-2005,122.22
17-08-2005,122.52
16-08-2005,122.99
15-08-2005,123.25
12-08-2005,123.14
11-08-2005,123.82
10-08-2005,124.34
09-08-2005,123.22
08-08-2005,122.51
05-08-2005,122.14
04-08-2005,122.57
03-08-2005,123.4
02-08-2005,123.57
01-08-2005,122.56
29-07-2005,122.49
28-07-2005,122.57
27-07-2005,122.25
26-07-2005,121.35
25-07-2005,120.69
22-07-2005,120.5
21-07-2005,120.51
20-07-2005,120.19
19-07-2005,120.79
18-07-2005,120.02
15-07-2005,120.11
14-07-2005,120.25
13-07-2005,119.91
12-07-2005,119.39
11-07-2005,119.75
08-07-2005,118.99
07-07-2005,117.64
06-07-2005,119.79
05-07-2005,119.44
04-07-2005,120.02
01-07-2005,120.22
30-06-2005,119.45
29-06-2005,119.03
28-06-2005,118.19
27-06-2005,117.28
24-06-2005,118.59
23-06-2005,119.47
22-06-2005,119.39
21-06-2005,118.99
20-06-2005,118.76
17-06-2005,119.24
16-06-2005,119.02
15-06-2005,118.71
14-06-2005,119.19
13-06-2005,118.98
10-06-2005,118.62
09-06-2005,118.14
08-06-2005,118.23
07-06-2005,118.43
06-06-2005,116.93
03-06-2005,117.15
02-06-2005,117.26
01-06-2005,117.86
31-05-2005,116.37
30-05-2005,116.6
27-05-2005,116.52
26-05-2005,116.63
25-05-2005,116.17
24-05-2005,116.54
23-05-2005,116.9
20-05-2005,116.78
19-05-2005,116.67
18-05-2005,116.19
17-05-2005,114.51
16-05-2005,114.45
13-05-2005,114.73
12-05-2005,114.74
11-05-2005,114.02
10-05-2005,114.21
09-05-2005,114.95
06-05-2005,115.39
05-05-2005,115.18
04-05-2005,114.67
03-05-2005,114.34
02-05-2005,113.65
29-04-2005,113.18
28-04-2005,112.83
27-04-2005,113.08
26-04-2005,114.57
25-04-2005,114.91
22-04-2005,114.51
21-04-2005,114.01
20-04-2005,114.44
19-04-2005,114.75
18-04-2005,114.26
15-04-2005,116.14
14-04-2005,117.61
13-04-2005,118.09
12-04-2005,117.42
11-04-2005,117.61
08-04-2005,117.8
07-04-2005,117.45
06-04-2005,117.19
05-04-2005,117.12
04-04-2005,116.11
01-04-2005,116.68
31-03-2005,116.04
30-03-2005,116.03
29-03-2005,116.44
24-03-2005,116.21
23-03-2005,115.31
22-03-2005,115.3
21-03-2005,115.05
18-03-2005,115.28
17-03-2005,115.23
16-03-2005,114.85
15-03-2005,116.5
14-03-2005,115.38
11-03-2005,115.54
10-03-2005,115.49
09-03-2005,116.49
08-03-2005,117.2
07-03-2005,117.78
04-03-2005,117.58
03-03-2005,116.49
02-03-2005,116.81
01-03-2005,117.39
28-02-2005,117
25-02-2005,117.01
24-02-2005,116.11
23-02-2005,116.15
22-02-2005,116.51
21-02-2005,117.31
18-02-2005,118.77
17-02-2005,118.99
16-02-2005,118.93
15-02-2005,119.4
14-02-2005,118.59
11-02-2005,118.41
10-02-2005,117.34
09-02-2005,117.12
08-02-2005,117.19
07-02-2005,117.26
04-02-2005,116.9
03-02-2005,116.14
02-02-2005,116.31
01-02-2005,115.98
31-01-2005,114.92
28-01-2005,113.99
27-01-2005,114.29
26-01-2005,114.27
25-01-2005,114
24-01-2005,113.35
21-01-2005,113.66
20-01-2005,113.79
19-01-2005,114.2
18-01-2005,114.06
17-01-2005,114.02
14-01-2005,113.74
13-01-2005,113.25
12-01-2005,112.38
11-01-2005,113.15
10-01-2005,113.73
07-01-2005,114.05
06-01-2005,113.44
05-01-2005,113.41
04-01-2005,113.91
03-01-2005,113.6
31-12-2004,112.94
30-12-2004,112.89
29-12-2004,112.98
28-12-2004,113.07
27-12-2004,112.96
24-12-2004,112.9
23-12-2004,112.87
22-12-2004,112.76
21-12-2004,112.09
20-12-2004,112.22
17-12-2004,111.63
16-12-2004,112.07
15-12-2004,111.3
14-12-2004,111.25
13-12-2004,111.35
10-12-2004,110.52
09-12-2004,109.71
08-12-2004,109.96
07-12-2004,109.97
06-12-2004,109.48
03-12-2004,109.69
02-12-2004,109.75
01-12-2004,109.42
30-11-2004,108.22
29-11-2004,108.5
26-11-2004,108.64
25-11-2004,108.52
24-11-2004,108.09
23-11-2004,107.68
22-11-2004,107.48
19-11-2004,107.62
18-11-2004,107.91
17-11-2004,107.93
16-11-2004,107.2
15-11-2004,107.63
12-11-2004,107.86
11-11-2004,107.85
10-11-2004,107.38
09-11-2004,107.25
08-11-2004,107.35
05-11-2004,107.4
04-11-2004,107.23
03-11-2004,107.27
02-11-2004,106.86
01-11-2004,105.91
29-10-2004,105.11
28-10-2004,105.36
27-10-2004,104.69
26-10-2004,103.73
25-10-2004,103.51
22-10-2004,104.72
21-10-2004,104.72
20-10-2004,104.34
19-10-2004,104.72
18-10-2004,103.86
15-10-2004,104.14
14-10-2004,104.39
13-10-2004,104.89
12-10-2004,104.61
11-10-2004,105.03
08-10-2004,104.81
07-10-2004,104.92
06-10-2004,104.95
05-10-2004,105.22
04-10-2004,105.19
01-10-2004,104.51
30-09-2004,103.14
29-09-2004,103.52
28-09-2004,102.7
27-09-2004,102.12
24-09-2004,102.74
23-09-2004,102.4
22-09-2004,102.92
21-09-2004,103.11
20-09-2004,102.79
17-09-2004,102.91
16-09-2004,102.48
15-09-2004,102.21
14-09-2004,102.55
13-09-2004,102.69
10-09-2004,101.99
09-09-2004,102.03
08-09-2004,102.27
07-09-2004,102.18
06-09-2004,102.3
03-09-2004,102.01
02-09-2004,101.18
01-09-2004,100.88
31-08-2004,100.13
30-08-2004,100.64
27-08-2004,100.56
26-08-2004,100.21
25-08-2004,99.66
24-08-2004,99.41
23-08-2004,99.41
20-08-2004,98.48
19-08-2004,98.48
18-08-2004,98.36
17-08-2004,98.09
16-08-2004,98.06
13-08-2004,97.91
12-08-2004,98.1
11-08-2004,97.96
10-08-2004,98.36
09-08-2004,97.9
06-08-2004,98.64
05-08-2004,99.69
04-08-2004,99.43
03-08-2004,99.76
02-08-2004,99.28
30-07-2004,99.01
29-07-2004,98.63
28-07-2004,98.09
27-07-2004,98.16
26-07-2004,97.3
23-07-2004,97.68
22-07-2004,97.53
21-07-2004,98.46
20-07-2004,98.18
19-07-2004,97.99
16-07-2004,98.26
15-07-2004,98.2
14-07-2004,98.51
13-07-2004,98.68
12-07-2004,98.37
09-07-2004,98.6
08-07-2004,98.63
07-07-2004,98.42
06-07-2004,98.43
05-07-2004,98.47
02-07-2004,98.5
01-07-2004,98.79
30-06-2004,98.99
29-06-2004,99.7
28-06-2004,100.05
25-06-2004,99.5
24-06-2004,99.57
23-06-2004,99.65
22-06-2004,99.33
21-06-2004,100
